txid,ttf,fee,status,error
6IPWMTK2B4J44QXO4ZUHCYEWCOOZOP2WWU7YBXENRQQARHW3HMZQ,,3000,failed,"{""data"":{""app-index"":3548200231,""eval-states"":[{},{""stack"":[0]}],""group-index"":1,""pc"":126},""message"":""TransactionPool.Remember: transaction FZ2AFVU6I33UFEST7Q7G2FG4QUILZ3MCT75PPXEUIEGDCCI2UXVA: logic eval error: assert failed pc=126. Details: app=3548200231, pc=126, opcodes=app_global_get; \u003e; assert""}
"
66BEUTYU45NKPAE7FLXZ4HRHGEHPBU2IFABJUSK4LBYT3JS3MQHQ,,3000,failed,"{""data"":{""app-index"":3548200231,""eval-states"":[{},{""stack"":[0]}],""group-index"":1,""pc"":126},""message"":""TransactionPool.Remember: transaction UYII75MAMCAKJCN2L77EOKIRTPNGJB4QFFLDYVLFYGUWQFQX4JXQ: logic eval error: assert failed pc=126. Details: app=3548200231, pc=126, opcodes=app_global_get; \u003e; assert""}
"
ZFAA5DZT7RKQZLTGB5YTCT5MIQ4VNCGGCTWZVEZUDRBKIV43ZOMA,,3000,failed,"{""data"":{""app-index"":3548200231,""eval-states"":[{},{""stack"":[0]}],""group-index"":1,""pc"":126},""message"":""TransactionPool.Remember: transaction TNVNMJT7SVT73YJZPUK4KVOK7KW6TMPU6CFIOZXETKIGES43HNAQ: logic eval error: assert failed pc=126. Details: app=3548200231, pc=126, opcodes=app_global_get; \u003e; assert""}
"
QCOZHCJGYO24NUMKY6KGS7S4Q5MLKI7C6PYTYTPKLLDK6AOV4UWQ,,3000,failed,"{""data"":{""app-index"":3548200231,""eval-states"":[{},{""stack"":[0]}],""group-index"":1,""pc"":126},""message"":""TransactionPool.Remember: transaction 2N4RMBL5KFQ53V4TNW73WRR4IODSQQZXEDEGWOB5NHR3YAS4EIWA: logic eval error: assert failed pc=126. Details: app=3548200231, pc=126, opcodes=app_global_get; \u003e; assert""}
"
GVHQBRB3UHOKATLEQTNOAVFDYL3RCX3D33KY3IXLIRKXLB5OHDAQ,,3000,failed,"{""data"":{""app-index"":3548200231,""eval-states"":[{},{""stack"":[0]}],""group-index"":1,""pc"":126},""message"":""TransactionPool.Remember: transaction TGM6BDEL2QOO3D54NFQPG33SM22W6HXC2KS3ZNZGTLPRAF3UNKXQ: logic eval error: assert failed pc=126. Details: app=3548200231, pc=126, opcodes=app_global_get; \u003e; assert""}
"
YIPOGORT3VS22JNMV5B7BO24XEIHZREJXC54RYJUO3SPYTS2RAUQ,,3000,failed,"{""data"":{""app-index"":3548200231,""eval-states"":[{},{""stack"":[0]}],""group-index"":1,""pc"":126},""message"":""TransactionPool.Remember: transaction QDIIR4EDW3JIEY3H3YAI4ZXNC5CBJ5I4WO2XW7D57PD2FQKW3MCA: logic eval error: assert failed pc=126. Details: app=3548200231, pc=126, opcodes=app_global_get; \u003e; assert""}
"
FUAIB3NBJJSREBGIPDWINP6ZXJBFLX4QTAMIDHZMVVMU2SMF5VZA,,3000,failed,"{""data"":{""app-index"":3548200231,""eval-states"":[{},{""stack"":[0]}],""group-index"":1,""pc"":126},""message"":""TransactionPool.Remember: transaction OETQCKY43T4M2PLMVJHV74NJXYNAF277IP3LMDZORKI5THR7QX2Q: logic eval error: assert failed pc=126. Details: app=3548200231, pc=126, opcodes=app_global_get; \u003e; assert""}
"
5FOUGIXWC4EIYOSC3MZ2NYJCCZLAU2WKKTALHOLCX4HKMARHI3FA,,3000,failed,"{""data"":{""app-index"":3548200231,""eval-states"":[{},{""stack"":[0]}],""group-index"":1,""pc"":126},""message"":""TransactionPool.Remember: transaction 6CQUYMQCT4556EBCKTLACVT3CRUKMIZVOVYGVQB3JRGOUNKSE3ZA: logic eval error: assert failed pc=126. Details: app=3548200231, pc=126, opcodes=app_global_get; \u003e; assert""}
"
NCFNPDWZITGM2X2T2WQ33MLUWL37KV4YQXAZ2X554GZZK4TUJPTA,,3000,failed,"{""data"":{""app-index"":3548200231,""eval-states"":[{},{""stack"":[0]}],""group-index"":1,""pc"":126},""message"":""TransactionPool.Remember: transaction 2LH6AMLS4YDRWZUJ3OKFUDRSHX3MNWCR7JQ66SY3U2BPCHT25Z3Q: logic eval error: assert failed pc=126. Details: app=3548200231, pc=126, opcodes=app_global_get; \u003e; assert""}
"
VX3UIVTKA7YTGX3UXNF6S4P6FWSE4BGEHW5KD6PUD23ZCZFUFEJA,,3000,failed,"{""data"":{""app-index"":3548200231,""eval-states"":[{},{""stack"":[0]}],""group-index"":1,""pc"":126},""message"":""TransactionPool.Remember: transaction KVHWVYPSX2FQARDWZQCQTKSPRUWNJ5XYKR7T3BUGHLIOURQ7ECFQ: logic eval error: assert failed pc=126. Details: app=3548200231, pc=126, opcodes=app_global_get; \u003e; assert""}
"
CC3IDF7XIG4ATO52ZZ3VWLECGATYWJEHJ6CZUWVIEVEVZEW2ZN6A,,3000,failed,"<html>
<head><title>429 Too Many Requests</title></head>
<body>
<center><h1>429 Too Many Requests</h1></center>
<hr><center>openresty</center>
</body>
</html>
"
TYA27AHEZHI5CMLBWX4XLG4M5HXHWGKWS2E6NGJKMZA2AGWF4WWA,,3000,failed,"<html>
<head><title>429 Too Many Requests</title></head>
<body>
<center><h1>429 Too Many Requests</h1></center>
<hr><center>openresty</center>
</body>
</html>
"
QLV5SZ546IIHUPFNECNJIVQZK7K5RKJP2K2IBZSR53OZ672D4XLA,,3000,failed,"<html>
<head><title>429 Too Many Requests</title></head>
<body>
<center><h1>429 Too Many Requests</h1></center>
<hr><center>openresty</center>
</body>
</html>
"
S3X7IXD5YJDRHJ63YX4ZU3SDBK6W3IUTU2LLQQH5DII4PTTKPB2A,,3000,failed,"<html>
<head><title>429 Too Many Requests</title></head>
<body>
<center><h1>429 Too Many Requests</h1></center>
<hr><center>openresty</center>
</body>
</html>
"
7Q2XWPQDEYEQ5PMJIKHCVEH3DYVCJBK6V5WLAK36DBGHVXHSU5QA,,3000,failed,"<html>
<head><title>429 Too Many Requests</title></head>
<body>
<center><h1>429 Too Many Requests</h1></center>
<hr><center>openresty</center>
</body>
</html>
"
JOWD5DTFJGXS7ILQJVM3YRSBTAC5LMG7TDJ3C2SH6OF5GAPK4VMQ,,3000,failed,"{""data"":{""app-index"":3548200231,""eval-states"":[{},{""stack"":[0]}],""group-index"":1,""pc"":126},""message"":""TransactionPool.Remember: transaction VJQKNMLPNJVL26OG3LZCHIVEQZE7APG3CY5GKHOJIWUJFYNIDJIA: logic eval error: assert failed pc=126. Details: app=3548200231, pc=126, opcodes=app_global_get; \u003e; assert""}
"
J7NUGF75EFX3SJYR6PEIYCRVPPWWHXTTKKM7S4X4XE5TZODKSKFA,,3000,failed,"<html>
<head><title>429 Too Many Requests</title></head>
<body>
<center><h1>429 Too Many Requests</h1></center>
<hr><center>openresty</center>
</body>
</html>
"
E2EJIMKJ2GIPCWCKWTG75L365SSWKZCE4Y235HL5Q4ICWWJPMUJQ,,3000,failed,"<html>
<head><title>429 Too Many Requests</title></head>
<body>
<center><h1>429 Too Many Requests</h1></center>
<hr><center>openresty</center>
</body>
</html>
"
T7GGG6XW2PRFIMGE4W55FQMHRUTJMWJ35PPPPRJCORJPVEI6FWWA,,3000,failed,"<html>
<head><title>429 Too Many Requests</title></head>
<body>
<center><h1>429 Too Many Requests</h1></center>
<hr><center>openresty</center>
</body>
</html>
"
OFTBUM7LYHPBH3QAG6JLCLQC7A5Q6ZIO45SZRYUZML6ERXESXDYQ,,3000,failed,"<html>
<head><title>429 Too Many Requests</title></head>
<body>
<center><h1>429 Too Many Requests</h1></center>
<hr><center>openresty</center>
</body>
</html>
"
YOACXOZ2XOBK3TMNB2NBSYKAHQXE2AOKDU2TQWANFXJ27GOP3JOQ,,3000,failed,"<html>
<head><title>429 Too Many Requests</title></head>
<body>
<center><h1>429 Too Many Requests</h1></center>
<hr><center>openresty</center>
</body>
</html>
"
6B2GSZWM6WCC3CVD43AH67KZW7LNSX6BF4FCCCTHNEVF7G5ISAMA,,3000,failed,"<html>
<head><title>429 Too Many Requests</title></head>
<body>
<center><h1>429 Too Many Requests</h1></center>
<hr><center>openresty</center>
</body>
</html>
"
IV6H57ORGZRRSPFI2G5MMCUJXL3WWUGICRMYKJYUA66WFMHONPPQ,,3000,failed,"<html>
<head><title>429 Too Many Requests</title></head>
<body>
<center><h1>429 Too Many Requests</h1></center>
<hr><center>openresty</center>
</body>
</html>
"
4M2PVEGCSXVK4N242GLRKNCKUVMWRY4XK6LW4FBSADEIXVHTQ4IA,,3000,failed,"<html>
<head><title>429 Too Many Requests</title></head>
<body>
<center><h1>429 Too Many Requests</h1></center>
<hr><center>openresty</center>
</body>
</html>
"
5SES4SL3BM57OLSICFLJITVHEOGQMTS4O2LG7QLP5TC5GJGMKCXA,,3000,failed,"<html>
<head><title>429 Too Many Requests</title></head>
<body>
<center><h1>429 Too Many Requests</h1></center>
<hr><center>openresty</center>
</body>
</html>
"
W7FRE4VLVBDWVJLXAOPL7L4EMM7AR3RVWEWH2MHE6337CZDXM3MQ,,3000,failed,"<html>
<head><title>429 Too Many Requests</title></head>
<body>
<center><h1>429 Too Many Requests</h1></center>
<hr><center>openresty</center>
</body>
</html>
"
W3RBGNXVXCE6TPMPY7MFJGFPK4STN3UT2ICRSYY2H4LQSU36M6AQ,,3000,failed,"<html>
<head><title>429 Too Many Requests</title></head>
<body>
<center><h1>429 Too Many Requests</h1></center>
<hr><center>openresty</center>
</body>
</html>
"
V6DHN7URMLQUAQIUV43RMVB5T2E3ZNU7RGDGXFKGE5NGSJDFJEWA,,3000,failed,"<html>
<head><title>429 Too Many Requests</title></head>
<body>
<center><h1>429 Too Many Requests</h1></center>
<hr><center>openresty</center>
</body>
</html>
"
ZY3ZQJS22XDIDSMVJLF2FOZELFQIQF7HNLXG65EQLD57PJIZJZ6A,,3000,failed,"<html>
<head><title>429 Too Many Requests</title></head>
<body>
<center><h1>429 Too Many Requests</h1></center>
<hr><center>openresty</center>
</body>
</html>
"
TSPMXGKSHVZ5VRWPB2O6QV4KGMXW4VHB2LGEXIHUQKHS5ZHQGYOQ,,3000,failed,"{""data"":{""app-index"":3548200231,""eval-states"":[{},{""stack"":[0]}],""group-index"":1,""pc"":126},""message"":""TransactionPool.Remember: transaction GADYQQMRA4BQN4JRGLDNTAGUP2EMZKNVUL7G5AEL6XO325LEDFWQ: logic eval error: assert failed pc=126. Details: app=3548200231, pc=126, opcodes=app_global_get; \u003e; assert""}
"
MLH7GMEVFXSMNOS734SLJO3TKDH6QL3DXBJEZWICVEEBI5SHORNA,,3000,failed,"{""data"":{""app-index"":3548200231,""eval-states"":[{},{""stack"":[0]}],""group-index"":1,""pc"":126},""message"":""TransactionPool.Remember: transaction 4EDUBHJXYQCLZOIVNZPUQ2BKEBLHW4WIOUOOQ7OJ4QZLDEQ6M27A: logic eval error: assert failed pc=126. Details: app=3548200231, pc=126, opcodes=app_global_get; \u003e; assert""}
"
ZQLWH2IAWO3JDFQECVNSQZA5WTE3IM2LHRLEUWB3ZJFMYISCPHKQ,,3000,failed,"{""data"":{""app-index"":3548200231,""eval-states"":[{},{""stack"":[0]}],""group-index"":1,""pc"":126},""message"":""TransactionPool.Remember: transaction TG3UFUIBVY7SJ55WFLMF5DQAG3Z22CORZ44SD2JFDYYK4HXMD5QA: logic eval error: assert failed pc=126. Details: app=3548200231, pc=126, opcodes=app_global_get; \u003e; assert""}
"
JIR2ZCZCLTJFOW3AHFLFE5WRZ2XFMRMIC7JAMXKHIDTVTOSWGJFA,,3000,failed,"{""data"":{""app-index"":3548200231,""eval-states"":[{},{""stack"":[0]}],""group-index"":1,""pc"":126},""message"":""TransactionPool.Remember: transaction VTXBP5FEPHJYKRDJB4LHRIP32DURPHP7QMYUKX3SIVIOF5F4TLYQ: logic eval error: assert failed pc=126. Details: app=3548200231, pc=126, opcodes=app_global_get; \u003e; assert""}
"
QY7P23GJ57S4PKQEJBC57AGKM6LXKUFMFB2EVGVWSFNAI7TVVJRQ,,3000,failed,"{""data"":{""app-index"":3548200231,""eval-states"":[{},{""stack"":[0]}],""group-index"":1,""pc"":126},""message"":""TransactionPool.Remember: transaction CASJAK7M4LVE5HELQAV3E6GDLJGQXMGFARO72GKCXZVQOAV6KQJA: logic eval error: assert failed pc=126. Details: app=3548200231, pc=126, opcodes=app_global_get; \u003e; assert""}
"
ZOQWDIF6ECG26NO5FB6374CDC26EACYSF254FC2DUBPCR4JSIRDA,,3000,failed,"{""data"":{""app-index"":3548200231,""eval-states"":[{},{""stack"":[0]}],""group-index"":1,""pc"":126},""message"":""TransactionPool.Remember: transaction GQ5LLHTULHHNHATPFXPTMHMTEJHFIODXIL3HLO57MO5VG7MLMGRA: logic eval error: assert failed pc=126. Details: app=3548200231, pc=126, opcodes=app_global_get; \u003e; assert""}
"
KFPVMFE5FZ73QSSZWTNWXTZ3QNYPF66RYY2RNKDPPJYWR2KLE5XA,,3000,failed,"{""data"":{""app-index"":3548200231,""eval-states"":[{},{""stack"":[0]}],""group-index"":1,""pc"":126},""message"":""TransactionPool.Remember: transaction O365LG4PIG7EJKIRKZUPMFB6VWBQABRGVFM3CNGS3KKPNHBATZJA: logic eval error: assert failed pc=126. Details: app=3548200231, pc=126, opcodes=app_global_get; \u003e; assert""}
"
7FV3VEDM5SHNI4GNAG3GPYMHM2WABG3JX5S3JDAHWCPNZWOLJSBA,,3000,failed,"{""data"":{""app-index"":3548200231,""eval-states"":[{},{""stack"":[0]}],""group-index"":1,""pc"":126},""message"":""TransactionPool.Remember: transaction SOBVQ2CGFCZUTAQ7HW32SAYOCO45ZO7JSPT7GJTH6AZXV35K5HPA: logic eval error: assert failed pc=126. Details: app=3548200231, pc=126, opcodes=app_global_get; \u003e; assert""}
"
M72JEDB23ND3YLFEOHRVUM2J2SFSZAD6SYKRCN64BLHJYWACASGQ,,3000,failed,"{""data"":{""app-index"":3548200231,""eval-states"":[{},{""stack"":[0]}],""group-index"":1,""pc"":126},""message"":""TransactionPool.Remember: transaction QOPLAMGRDYAWW4EGCXP5OVQ4Y6ROFDCPTPIRRMK54VE4B776R7WA: logic eval error: assert failed pc=126. Details: app=3548200231, pc=126, opcodes=app_global_get; \u003e; assert""}
"
EMRUNWQZNFOB4AY2RHXV53N2CEEONVRNNXDZ5AKHVV47W2RO3X2Q,,3000,failed,"{""data"":{""app-index"":3548200231,""eval-states"":[{},{""stack"":[0]}],""group-index"":1,""pc"":126},""message"":""TransactionPool.Remember: transaction VYCET5F4E3PO7OTUY5AK6F4ULGBJKJU22BTGNMROXMTAV4AWPB4A: logic eval error: assert failed pc=126. Details: app=3548200231, pc=126, opcodes=app_global_get; \u003e; assert""}
"
YF3SOWVEGZXMMKIIZPRKM2MA4NRMSU7FSDKSPVUGA52GLU7COL6A,,3000,failed,"{""data"":{""app-index"":3548200231,""eval-states"":[{},{""stack"":[0]}],""group-index"":1,""pc"":126},""message"":""TransactionPool.Remember: transaction U2AXI4F2XZHOGTSGICYUNTNBZJEKNU7SOPNMGNKVVOXBGY5JFITA: logic eval error: assert failed pc=126. Details: app=3548200231, pc=126, opcodes=app_global_get; \u003e; assert""}
"
YBFRFGRQGQGM2S6J4EV5WGYIFJPP62XE7QJO55A5O2D7HNY6GXJA,,3000,failed,"{""data"":{""app-index"":3548200231,""eval-states"":[{},{""stack"":[0]}],""group-index"":1,""pc"":126},""message"":""TransactionPool.Remember: transaction CPNOIYWHQRJLT5SCBT5A3PT6CD3TXVTU2WHT5IBZMRYC72QQTQFA: logic eval error: assert failed pc=126. Details: app=3548200231, pc=126, opcodes=app_global_get; \u003e; assert""}
"
VLNXTULIV32DS6J2LDWOCYI5VSCAKTKAZRDDL7BJLZWZFQHI4R5A,,3000,failed,"{""data"":{""app-index"":3548200231,""eval-states"":[{},{""stack"":[0]}],""group-index"":1,""pc"":126},""message"":""TransactionPool.Remember: transaction FKV4KWDBJBWQ5T3MHNDY5UAE36TOJLCDJ5EFHU5FA2XGWBTOROBQ: logic eval error: assert failed pc=126. Details: app=3548200231, pc=126, opcodes=app_global_get; \u003e; assert""}
"
OFH6ASASPDQGFUCMUM2ZM4DR5BWBBUP3ZWK7FLXGZZU2AR3FWA6Q,,3000,failed,"{""data"":{""app-index"":3548200231,""eval-states"":[{},{""stack"":[0]}],""group-index"":1,""pc"":126},""message"":""TransactionPool.Remember: transaction WU7HGIYUQSJFKMAA2UJIRL5OT3DZ2QX5VRTCANDKZRPKWBJEVZ5Q: logic eval error: assert failed pc=126. Details: app=3548200231, pc=126, opcodes=app_global_get; \u003e; assert""}
"
B5NM4BFN3236RUVYJSDDWJ5OLOCANGP5XTJE7R4L3DGIBNSFSACA,,3000,failed,"{""data"":{""app-index"":3548200231,""eval-states"":[{},{""stack"":[0]}],""group-index"":1,""pc"":126},""message"":""TransactionPool.Remember: transaction OGDY6HPBTEK7ZJ7GAVE724VACWLZW7BNOUJBNUGGUMAUW36NYRAQ: logic eval error: assert failed pc=126. Details: app=3548200231, pc=126, opcodes=app_global_get; \u003e; assert""}
"
KA47QVXNKUNUHCEAB2KZ4P5IEAAFEH4CBR6BIQLPH5VAMUESVY5A,,3000,failed,"<html>
<head><title>429 Too Many Requests</title></head>
<body>
<center><h1>429 Too Many Requests</h1></center>
<hr><center>openresty</center>
</body>
</html>
"
JNPURA6G6HQK2FV4ERAWSRYZVDXUD6TLDEXMXCFRNXC43W7GBI4Q,,3000,failed,"<html>
<head><title>429 Too Many Requests</title></head>
<body>
<center><h1>429 Too Many Requests</h1></center>
<hr><center>openresty</center>
</body>
</html>
"
E6WZ6LVGKBJXGR6NH6JTY2N7MQDUVSJZGWGNK2VYHSCP6QTE6HCQ,,3000,failed,"{""data"":{""app-index"":3548200231,""eval-states"":[{},{""stack"":[0]}],""group-index"":1,""pc"":126},""message"":""TransactionPool.Remember: transaction LLQLBQ73WGCYNX3SSXJSAHL6IVSWKCPLQEYLU5PPSDOAP2Z47IRA: logic eval error: assert failed pc=126. Details: app=3548200231, pc=126, opcodes=app_global_get; \u003e; assert""}
"
2YJBYP7NRALPBWJ4EVYIMHZOZLKCGTKUP36FFXW2BAWAQVL6TO5A,,3000,failed,"<html>
<head><title>429 Too Many Requests</title></head>
<body>
<center><h1>429 Too Many Requests</h1></center>
<hr><center>openresty</center>
</body>
</html>
"
224WMX2W4T3YIB6SVQTX4GTDGOI5BLFKTV7HURM7C3KKG2AE7Z4Q,,3000,failed,"<html>
<head><title>429 Too Many Requests</title></head>
<body>
<center><h1>429 Too Many Requests</h1></center>
<hr><center>openresty</center>
</body>
</html>
"
PJ4OFAOQDOKHJH3GSAKP6NDMUFHVICRJEKY23FFGI43X5NQDCTVA,,3000,failed,"{""data"":{""app-index"":3548200231,""eval-states"":[{},{""stack"":[0]}],""group-index"":1,""pc"":126},""message"":""TransactionPool.Remember: transaction AWTNEMIS3KZ4DS646V3OPJJFKHLXH7DPWEWEZG4Z7KXPQGJDT6HQ: logic eval error: assert failed pc=126. Details: app=3548200231, pc=126, opcodes=app_global_get; \u003e; assert""}
"
FGP47SW5EJVNCCV3UH3O675CERZLKQLH24OPBSOG74XA6XIV6ICA,,3000,failed,"<html>
<head><title>429 Too Many Requests</title></head>
<body>
<center><h1>429 Too Many Requests</h1></center>
<hr><center>openresty</center>
</body>
</html>
"
I5MFFB3DVPQIAIMOYVHIVFSRDJDC4UH5MXMYTCDNTYZHP2U32BYA,,3000,failed,"<html>
<head><title>429 Too Many Requests</title></head>
<body>
<center><h1>429 Too Many Requests</h1></center>
<hr><center>openresty</center>
</body>
</html>
"
RAAWGGIQPF4CRYZNLHG4TXSBGQCTKDQS2OOKPWAY53LIFMWRLGCQ,,3000,failed,"<html>
<head><title>429 Too Many Requests</title></head>
<body>
<center><h1>429 Too Many Requests</h1></center>
<hr><center>openresty</center>
</body>
</html>
"
WJCSP2D6RW25ZT4QVPGNAWPKOBOFNI46KB3BVZSZELIKJ6V23DVQ,,3000,failed,"<html>
<head><title>429 Too Many Requests</title></head>
<body>
<center><h1>429 Too Many Requests</h1></center>
<hr><center>openresty</center>
</body>
</html>
"
2FKN4O2CPHA3N6AO6XR5SFWURF4BSNZKI273WAS5E57IXPHCV5NQ,,3000,failed,"<html>
<head><title>429 Too Many Requests</title></head>
<body>
<center><h1>429 Too Many Requests</h1></center>
<hr><center>openresty</center>
</body>
</html>
"
WAOVS3XQRIYIISFLV7ZV4Z6IZEEACV2SZVGX2BUUUVILGHXOSMKQ,,3000,failed,"<html>
<head><title>429 Too Many Requests</title></head>
<body>
<center><h1>429 Too Many Requests</h1></center>
<hr><center>openresty</center>
</body>
</html>
"
36UAUDQXJDK2TSBI3MAZBDZ7DL5LWHDUCO4ZCVUKVHDREEGPSKEA,,3000,failed,"<html>
<head><title>429 Too Many Requests</title></head>
<body>
<center><h1>429 Too Many Requests</h1></center>
<hr><center>openresty</center>
</body>
</html>
"
AMHMHYJ3ZFKODGERKHW6IQDZLQXT57KGVES2CJ357EF2UOCGRP7Q,,3000,failed,"<html>
<head><title>429 Too Many Requests</title></head>
<body>
<center><h1>429 Too Many Requests</h1></center>
<hr><center>openresty</center>
</body>
</html>
"
3IG3KIJFAFIQZ7N2L2ALOYLQRJXWMTR2DNOM2ASG6VUMKJPXUWGQ,,3000,failed,"<html>
<head><title>429 Too Many Requests</title></head>
<body>
<center><h1>429 Too Many Requests</h1></center>
<hr><center>openresty</center>
</body>
</html>
"
PI77NR6QCAD2K44EH6QKJLCDJBKD3Z2Q7CW7VOOVSYDIN32FKVXQ,,3000,failed,"<html>
<head><title>429 Too Many Requests</title></head>
<body>
<center><h1>429 Too Many Requests</h1></center>
<hr><center>openresty</center>
</body>
</html>
"
55AYREUB2U7FO6P6JAJSKDDTIB3FGP5BFURB7IZTNEIYGFGCNQXQ,,3000,failed,"<html>
<head><title>429 Too Many Requests</title></head>
<body>
<center><h1>429 Too Many Requests</h1></center>
<hr><center>openresty</center>
</body>
</html>
"
I5NWP7LC63AIVA5JBP5Y2Z5O4UDM6KZM4ZMH4EYKCMET5C6UQLCQ,,3000,failed,"<html>
<head><title>429 Too Many Requests</title></head>
<body>
<center><h1>429 Too Many Requests</h1></center>
<hr><center>openresty</center>
</body>
</html>
"
UW5WJHOEWRYBJ4NN6OBL6XA7XK3N5MCTKBJ3ZUY73SPRKTCJWQZQ,,3000,failed,"<html>
<head><title>429 Too Many Requests</title></head>
<body>
<center><h1>429 Too Many Requests</h1></center>
<hr><center>openresty</center>
</body>
</html>
"
OBF3CYPISXOW44CX5B35O2PURJNPR72OT46ONK42E3K4UVWDR3ZA,,3000,failed,"<html>
<head><title>429 Too Many Requests</title></head>
<body>
<center><h1>429 Too Many Requests</h1></center>
<hr><center>openresty</center>
</body>
</html>
"
XV6R2OPN6AMUOI4SHTRM75KJBWENIB4NHFBRG7BY7KHHUWQ3E36Q,,3000,failed,"<html>
<head><title>429 Too Many Requests</title></head>
<body>
<center><h1>429 Too Many Requests</h1></center>
<hr><center>openresty</center>
</body>
</html>
"
BERVQICJ5QHES7XEAD33ZDCI6BEME4MJCQ26YITZAK4JB5VCZTXQ,,3000,failed,"<html>
<head><title>429 Too Many Requests</title></head>
<body>
<center><h1>429 Too Many Requests</h1></center>
<hr><center>openresty</center>
</body>
</html>
"
JATNOC5ITQQIOTA4EL75GN3J4KCBM42LXB7T6PFVQRQNKKFBUWRA,,3000,failed,"<html>
<head><title>429 Too Many Requests</title></head>
<body>
<center><h1>429 Too Many Requests</h1></center>
<hr><center>openresty</center>
</body>
</html>
"
UJEYPXR4M6G7RED3IIUQCDD44Z6I6ONKNZRED6CDRNL7PZDFTWGA,,3000,failed,"<html>
<head><title>429 Too Many Requests</title></head>
<body>
<center><h1>429 Too Many Requests</h1></center>
<hr><center>openresty</center>
</body>
</html>
"
UVPUCRWIS4LCEG7QYMBPIYVH43VQLPHER42UWZL4JQOYQ2JSE2BQ,,3000,failed,"<html>
<head><title>429 Too Many Requests</title></head>
<body>
<center><h1>429 Too Many Requests</h1></center>
<hr><center>openresty</center>
</body>
</html>
"
DMISSPERSBZKYNNAKI5LO5XCLPCBVVMLNHVLXJAV52BDFJ2KAGKQ,,3000,failed,"<html>
<head><title>429 Too Many Requests</title></head>
<body>
<center><h1>429 Too Many Requests</h1></center>
<hr><center>openresty</center>
</body>
</html>
"
ZLHBQFZW3TXHXBALFCMFNF63DYZAJBZ2IUTHUMAQT4374RJEARIA,,3000,failed,"<html>
<head><title>429 Too Many Requests</title></head>
<body>
<center><h1>429 Too Many Requests</h1></center>
<hr><center>openresty</center>
</body>
</html>
"
LBQ2IDKJIAMKDHCQPTONRQONZ5BJ3F43LFOX4WKFD76PAK3GYWTA,,3000,failed,"<html>
<head><title>429 Too Many Requests</title></head>
<body>
<center><h1>429 Too Many Requests</h1></center>
<hr><center>openresty</center>
</body>
</html>
"
653HW7NICBIRV7D3X4JFOWEYZFC3XW2G4MOLXEEXQPV7YO764CUQ,,3000,failed,"{""data"":{""app-index"":3548200231,""eval-states"":[{},{""stack"":[0]}],""group-index"":1,""pc"":126},""message"":""TransactionPool.Remember: transaction CBMXRZY4HMCSJOCV35ZERYTKMJJXEXRSQIH5EO76INV2HKRE25SQ: logic eval error: assert failed pc=126. Details: app=3548200231, pc=126, opcodes=app_global_get; \u003e; assert""}
"
5N5LVUZLPAWIGSQQNF2DKYPSQQV5WM3ASH7XJRE5AG5EQXAHDXFA,,3000,failed,"{""data"":{""app-index"":3548200231,""eval-states"":[{},{""stack"":[0]}],""group-index"":1,""pc"":126},""message"":""TransactionPool.Remember: transaction 3HPJGR7CA736KN6KLU6CAKHPA2XSWX3PB2F3FRLMH44AAMXWXPXA: logic eval error: assert failed pc=126. Details: app=3548200231, pc=126, opcodes=app_global_get; \u003e; assert""}
"
OJDMDMDG6RUCDMGEXJ6JA7W7OCO2I73PEXVJNFAB6FZWDRWTKOTA,,3000,failed,"{""data"":{""app-index"":3548200231,""eval-states"":[{},{""stack"":[0]}],""group-index"":1,""pc"":126},""message"":""TransactionPool.Remember: transaction ESYFHCVUR5DOKBLCAWCD4ZLKJVVDSRD5ASL3L7XABOSIK23EMVZQ: logic eval error: assert failed pc=126. Details: app=3548200231, pc=126, opcodes=app_global_get; \u003e; assert""}
"
53LYVIJWK5J72TCLZIPEVLHFEUDHMUTZV653VN4ROQ6MQLZ6U6UQ,,3000,failed,"<html>
<head><title>429 Too Many Requests</title></head>
<body>
<center><h1>429 Too Many Requests</h1></center>
<hr><center>openresty</center>
</body>
</html>
"
EHP6ZVFUEQPMXUJ65KF6LHQELCUKODTYURVE7L47IFVB3DGKZNVQ,,3000,failed,"{""data"":{""app-index"":3548200231,""eval-states"":[{},{""stack"":[0]}],""group-index"":1,""pc"":126},""message"":""TransactionPool.Remember: transaction CL6DNMDOTED5KEK2PCKMAUXK5VGLBQQCCWHYRFEWXD2Y6XXQADXQ: logic eval error: assert failed pc=126. Details: app=3548200231, pc=126, opcodes=app_global_get; \u003e; assert""}
"
NLCV4P74MFXH6BQ4RVAY6ASF3B4RZS2O4JUHQPA34KHEO2LH5FRA,,3000,failed,"{""data"":{""app-index"":3548200231,""eval-states"":[{},{""stack"":[0]}],""group-index"":1,""pc"":126},""message"":""TransactionPool.Remember: transaction DD53H6OYHE7DTSSCWNP5TVIFY4LHCQ2VSACHNXQRQMCSLEFOMB3A: logic eval error: assert failed pc=126. Details: app=3548200231, pc=126, opcodes=app_global_get; \u003e; assert""}
"
4L7KBCGGLHLMJVSEBEYDPOXKHGCFVGEL73F3QVCUZI4FCVBOJ5OA,,3000,failed,"{""data"":{""app-index"":3548200231,""eval-states"":[{},{""stack"":[0]}],""group-index"":1,""pc"":126},""message"":""TransactionPool.Remember: transaction 6WKDES5Y4ST5RB5TPQZSIDEBRE2OYV6J72G4X72A72QD5EMEYMIQ: logic eval error: assert failed pc=126. Details: app=3548200231, pc=126, opcodes=app_global_get; \u003e; assert""}
"
H3F6AA7XTD47PWKQQCPEFJSGUM7RLORRVRUIWZQISUIKI54BZ7XA,,3000,failed,"{""data"":{""app-index"":3548200231,""eval-states"":[{},{""stack"":[0]}],""group-index"":1,""pc"":126},""message"":""TransactionPool.Remember: transaction CQJDSNJJVCNEIH5GTTZZJZCRNDPG7427IG2VDX7WRVEOL2A3FLKQ: logic eval error: assert failed pc=126. Details: app=3548200231, pc=126, opcodes=app_global_get; \u003e; assert""}
"
3MMCPKAUBTTX4T4DNLWPFYCZR3OVFM5JFY23HIOMFJEDIQDXKBVQ,,3000,failed,"{""data"":{""app-index"":3548200231,""eval-states"":[{},{""stack"":[0]}],""group-index"":1,""pc"":126},""message"":""TransactionPool.Remember: transaction PWKOAHYOEKFEZAU5AS2M3OSKQJ3WRFQ74M5IYXZ65N4SBJWQIFJA: logic eval error: assert failed pc=126. Details: app=3548200231, pc=126, opcodes=app_global_get; \u003e; assert""}
"
YNBKIYDTUXSASH4K7XOGG5J4DZ52B6SLRFD2GF6ACJL4TCJ7GFYA,,3000,failed,"{""data"":{""app-index"":3548200231,""eval-states"":[{},{""stack"":[0]}],""group-index"":1,""pc"":126},""message"":""TransactionPool.Remember: transaction XHJ4WX2WNSV6NJ7SQA7EJTYVPLRHY5VW2YLD45UDKI53FBEALXOA: logic eval error: assert failed pc=126. Details: app=3548200231, pc=126, opcodes=app_global_get; \u003e; assert""}
"
A7HJ44R3J6EM36GH4LTFVUIVIKW2XZ7KJ5YQXJO4CDQWP373ICTQ,,3000,failed,"{""data"":{""app-index"":3548200231,""eval-states"":[{},{""stack"":[0]}],""group-index"":1,""pc"":126},""message"":""TransactionPool.Remember: transaction F27L6JS2YVYP3F4ITJAAKJXUKNXPSXYZFRR37QBWRF6LYZOBVJOQ: logic eval error: assert failed pc=126. Details: app=3548200231, pc=126, opcodes=app_global_get; \u003e; assert""}
"
O3QEQ5I2WT3Y2Q74YQPZDOITDMOE5XA7GCUKYIQHZM5ZTUES7RTQ,3.4536612033843994,2000,success,
KEWVCR2VBK6LHXNSMXRG7WCUB4WO3OVDMGAZ5ULT4BSOW43KTHRA,,3000,failed,"{""data"":{""app-index"":3548200231,""eval-states"":[{},{""stack"":[0]}],""group-index"":1,""pc"":126},""message"":""TransactionPool.Remember: transaction S4SWRA5OAWWRDYUO3TSTSDUJ5JTHG5Y3F6OPRRVDOT7PQDF3HDPQ: logic eval error: assert failed pc=126. Details: app=3548200231, pc=126, opcodes=app_global_get; \u003e; assert""}
"
LFEKQ7LOOXGSQLN4BIMWZH2DOQBHL325O4HFAHJOQ5LIOEY2CYIQ,,3000,failed,"{""data"":{""app-index"":3548200231,""eval-states"":[{},{""stack"":[0]}],""group-index"":1,""pc"":126},""message"":""TransactionPool.Remember: transaction LED55YTSCBN2P2CCPXLGAPEN44Y2EAFZ5ZHURPZ477VZAJBF2YZQ: logic eval error: assert failed pc=126. Details: app=3548200231, pc=126, opcodes=app_global_get; \u003e; assert""}
"
SRLR7ETQRQRU3IU4ASSV3XYMXTZECPU6GHJ27ADDTEC43RPK53EQ,,3000,failed,"<html>
<head><title>429 Too Many Requests</title></head>
<body>
<center><h1>429 Too Many Requests</h1></center>
<hr><center>openresty</center>
</body>
</html>
"
FRX4DA63YV2N6WM3SWATG4JD2OZCGKNA7JCGPKBOBZ7ZCQTRW6OQ,,3000,failed,"<html>
<head><title>429 Too Many Requests</title></head>
<body>
<center><h1>429 Too Many Requests</h1></center>
<hr><center>openresty</center>
</body>
</html>
"
QVD3VDDEOGAMZQQ57Z7YA7ZZU7RWRLH636MDHX5K3N7D5U276J6A,,3000,failed,"<html>
<head><title>429 Too Many Requests</title></head>
<body>
<center><h1>429 Too Many Requests</h1></center>
<hr><center>openresty</center>
</body>
</html>
"
LBKFSJIQFLJ7SJNS7XEPB2BOOFWF2767H2C3ERVGFI6NEKD4RGCQ,,3000,failed,"{""data"":{""app-index"":3548200231,""eval-states"":[{},{""stack"":[0]}],""group-index"":1,""pc"":126},""message"":""TransactionPool.Remember: transaction OUA6WV3D4WGHFZVT3VAZQITVYPBP6R7RCRGFDOKVH6U56JFYZL2Q: logic eval error: assert failed pc=126. Details: app=3548200231, pc=126, opcodes=app_global_get; \u003e; assert""}
"
MQ4IZNZRJ5FD3A2VDSWEPAETEIKPTSPNID3VOZX7XAECZXQV4X4Q,3.491302490234375,2000,success,
XTTGFXUFGS7B6Y2JGD3GVR7RYDYC3SOCCUMJKSP7TLHEGCIPU7XA,,3000,failed,"<html>
<head><title>429 Too Many Requests</title></head>
<body>
<center><h1>429 Too Many Requests</h1></center>
<hr><center>openresty</center>
</body>
</html>
"
XNUY7DQHY5CVVI72MUTGI37XRYBXGWRL2ELI4ABO77G2SXGGEQ6A,,3000,failed,"{""data"":{""app-index"":3548200231,""eval-states"":[{},{""stack"":[0]}],""group-index"":1,""pc"":126},""message"":""TransactionPool.Remember: transaction P57TMQWLK4QWTFZOHGGENSSIPMOJVKW6WG6GAXRWCHISIZ3YX53Q: logic eval error: assert failed pc=126. Details: app=3548200231, pc=126, opcodes=app_global_get; \u003e; assert""}
"
VQBYLKUNVBTVOAQYOI2VU225TXD5JSZSA5LMY4H2RCORUGIYMJEA,,3000,failed,"{""data"":{""app-index"":3548200231,""eval-states"":[{},{""stack"":[0]}],""group-index"":1,""pc"":126},""message"":""TransactionPool.Remember: transaction SV4TQKAXNS42NKMRRMFJERKBU5VVY6HRQZSBXBIW2RWOXFDCZHXQ: logic eval error: assert failed pc=126. Details: app=3548200231, pc=126, opcodes=app_global_get; \u003e; assert""}
"
LJ7BZQEUOV25D5CNFWDADCESKO4PGA7BTLH7EYXZOTLGOABGSCEA,,3000,failed,"<html>
<head><title>429 Too Many Requests</title></head>
<body>
<center><h1>429 Too Many Requests</h1></center>
<hr><center>openresty</center>
</body>
</html>
"
V7LK5YYMQM2GGYCFPIIW3ABY3HSJGDWPER6ZU3D54QNYX2EDQ5VA,,3000,failed,"{""data"":{""app-index"":3548200231,""eval-states"":[{},{""stack"":[0]}],""group-index"":1,""pc"":126},""message"":""TransactionPool.Remember: transaction CAKZDC6LWNWBFUVKS42D77S3SZFW2YR3BPPV2W7TYAHHKNHLDANA: logic eval error: assert failed pc=126. Details: app=3548200231, pc=126, opcodes=app_global_get; \u003e; assert""}
"
MJLKHIMWUF5XKAFGAAGPJZUQ2GEPLZN2TAK7QVYCTZ2W7GTBL57Q,,3000,failed,"<html>
<head><title>429 Too Many Requests</title></head>
<body>
<center><h1>429 Too Many Requests</h1></center>
<hr><center>openresty</center>
</body>
</html>
"
P4FCXEGWMWHO5EOKWQFWFWXKFNNEBAHHSSDEZWFSAR5STFHIZLYA,,3000,failed,"<html>
<head><title>429 Too Many Requests</title></head>
<body>
<center><h1>429 Too Many Requests</h1></center>
<hr><center>openresty</center>
</body>
</html>
"
EYDDGYA7GNJRR2W4NYHCFV4Q6S336GVJ7LKEJTKZLIFFT4S6OKPQ,,3000,failed,"<html>
<head><title>429 Too Many Requests</title></head>
<body>
<center><h1>429 Too Many Requests</h1></center>
<hr><center>openresty</center>
</body>
</html>
"
FEC62RYCLNHO3GUX56A6FFOGRQNHJ22AN2NX6IFI7BYICMYIVDDQ,,3000,failed,"<html>
<head><title>429 Too Many Requests</title></head>
<body>
<center><h1>429 Too Many Requests</h1></center>
<hr><center>openresty</center>
</body>
</html>
"
IHOZV4O7NCZF52SQN4O3JEUK4BXYSOBU5VXCI6ZWC5DFVEOZ3QHQ,,3000,failed,"{""data"":{""app-index"":3548200231,""eval-states"":[{},{""stack"":[0]}],""group-index"":1,""pc"":126},""message"":""TransactionPool.Remember: transaction DR2C7PYGMOWQBATOLFM2ZXIRLWPRSQXKOQK6K7TK2CJGMGRPBKYQ: logic eval error: assert failed pc=126. Details: app=3548200231, pc=126, opcodes=app_global_get; \u003e; assert""}
"
GENTHLDIP7UI7WVSUC5SMMZW6OG5OFMT44BS4LPBYMG6LCLN7ZRA,,3000,failed,"<html>
<head><title>429 Too Many Requests</title></head>
<body>
<center><h1>429 Too Many Requests</h1></center>
<hr><center>openresty</center>
</body>
</html>
"
NUI7HNRRSQDQDRAKG3Q3AUIXY6TH442VYK73457QSK4CNZB3A6IA,,3000,failed,"<html>
<head><title>429 Too Many Requests</title></head>
<body>
<center><h1>429 Too Many Requests</h1></center>
<hr><center>openresty</center>
</body>
</html>
"
XXLORSHVU6TORNWDVDCF4CYNH2BVOV3NG5MCRVMA6KK4QGMVRYIA,,3000,failed,"<html>
<head><title>429 Too Many Requests</title></head>
<body>
<center><h1>429 Too Many Requests</h1></center>
<hr><center>openresty</center>
</body>
</html>
"
VPKUWILUEGHKKEJS5Y7K5L4Y6BSLMI7TXUU64SII7BMTXZZJFZEQ,,3000,failed,"<html>
<head><title>429 Too Many Requests</title></head>
<body>
<center><h1>429 Too Many Requests</h1></center>
<hr><center>openresty</center>
</body>
</html>
"
76A3ACAB6KBUJFF7LOIOF4NJHMOBIMCH37OEH4H3BB2QONONOTZQ,,3000,failed,"<html>
<head><title>429 Too Many Requests</title></head>
<body>
<center><h1>429 Too Many Requests</h1></center>
<hr><center>openresty</center>
</body>
</html>
"
T5DE2M4HNPYTQWUL3TQCDP4OO4D2CF5PGDPW5WJL4QAW2YJCQWNQ,,3000,failed,"<html>
<head><title>429 Too Many Requests</title></head>
<body>
<center><h1>429 Too Many Requests</h1></center>
<hr><center>openresty</center>
</body>
</html>
"
KN6VA6SOYQSABMJJ75HZOS7EY4HPGGXQLW55UOBKI7FQ5ARVS4RA,,3000,failed,"<html>
<head><title>429 Too Many Requests</title></head>
<body>
<center><h1>429 Too Many Requests</h1></center>
<hr><center>openresty</center>
</body>
</html>
"
KH4LOVTHY4ZOS3A6BAAWWSSICDDZS3OKLY3K3RO5CII52JWI2HEA,,3000,failed,"<html>
<head><title>429 Too Many Requests</title></head>
<body>
<center><h1>429 Too Many Requests</h1></center>
<hr><center>openresty</center>
</body>
</html>
"
WPWY4ASGKB2IRGN5MCU6W2B7M6NN454CGS5B67XE6WF2MI3LNGSA,,3000,failed,"<html>
<head><title>429 Too Many Requests</title></head>
<body>
<center><h1>429 Too Many Requests</h1></center>
<hr><center>openresty</center>
</body>
</html>
"
UWLLQMASSDFFUJXFA5RLTEZBZMQXHY7FOP7RQFCKT6YV2QEJUBDA,,3000,failed,"<html>
<head><title>429 Too Many Requests</title></head>
<body>
<center><h1>429 Too Many Requests</h1></center>
<hr><center>openresty</center>
</body>
</html>
"
MFB7PL5MVDUCDD4SQ7DONOQINIWLOMSE3TMSR26QTGNQMR3Y573Q,,3000,failed,"<html>
<head><title>429 Too Many Requests</title></head>
<body>
<center><h1>429 Too Many Requests</h1></center>
<hr><center>openresty</center>
</body>
</html>
"
HNNVGDXTZ6DJNQEM4PHWTC362L7CERKMBI6FZGHOL6V3UDCZTY4A,,3000,failed,"{""data"":{""app-index"":3548200231,""eval-states"":[{},{""stack"":[0]}],""group-index"":1,""pc"":126},""message"":""TransactionPool.Remember: transaction 4P45QT25XRCJOQV4QEZPAIVUNVTF3R25RBQWRCWFZQTPLYEPECWQ: logic eval error: assert failed pc=126. Details: app=3548200231, pc=126, opcodes=app_global_get; \u003e; assert""}
"
4WWSREA6DIF735O7NUJKKC6YKOHRB2CU67QEKQLRK7RHNBF3LG6A,,3000,failed,"<html>
<head><title>429 Too Many Requests</title></head>
<body>
<center><h1>429 Too Many Requests</h1></center>
<hr><center>openresty</center>
</body>
</html>
"
CAT4QGRLI6QZYTT7LOQXFVLAF6JC5KFRTBOY2EUWV453PAMRI7PA,,3000,failed,"{""data"":{""app-index"":3548200231,""eval-states"":[{},{""stack"":[0]}],""group-index"":1,""pc"":126},""message"":""TransactionPool.Remember: transaction GREJCJL6YA4ZXRI6YASC3P7ZSLKSHWPCO7DN2RSLNODFH52RG32A: logic eval error: assert failed pc=126. Details: app=3548200231, pc=126, opcodes=app_global_get; \u003e; assert""}
"
SGCEZTBSJX6IY76UCICCTCUTXHMIKH6Y4YVOAX5M3HJOXWO3U2DA,4.7136008739471436,2000,success,
SI3CBQNS4P6JHNMNIZAZKIY6KDLN6QEGC27GAOJNKFAIF6GN5AEQ,4.6530139446258545,2000,success,
S3HP5B5FSFRQNWWE5YZCZS52Q2MOKFA6CLVTG4TJAHACYUKLXG2A,,3000,failed,"{""data"":{""app-index"":3548200231,""eval-states"":[{},{""stack"":[0]}],""group-index"":1,""pc"":126},""message"":""TransactionPool.Remember: transaction Z4QMTAR7EAUWIA7SJZDMNI6653T32PUF7RYTZWGVVAYWJXZQZESQ: logic eval error: assert failed pc=126. Details: app=3548200231, pc=126, opcodes=app_global_get; \u003e; assert""}
"
AA7YGTVYGM4OP6WUSOL5OI7NA4YBDHPSS7VUTMDGR4CADUGIWYIA,,3000,failed,"{""data"":{""app-index"":3548200231,""eval-states"":[{},{""stack"":[0]}],""group-index"":1,""pc"":126},""message"":""TransactionPool.Remember: transaction SBKYYUIX2IR2GC2X65C3E5IPE2B4SX6R5RGPJ4SECEQ57XVLQ6TQ: logic eval error: assert failed pc=126. Details: app=3548200231, pc=126, opcodes=app_global_get; \u003e; assert""}
"
3OYP4Q3FVAZHDUI23GIFTUK44RTKQWQ236KUZHJ63KH3CW3YEHIQ,,3000,failed,"<html>
<head><title>429 Too Many Requests</title></head>
<body>
<center><h1>429 Too Many Requests</h1></center>
<hr><center>openresty</center>
</body>
</html>
"
YLI5VYPGAIA2MOVKQVF44JQNVXYFGCXLU27PN6TM7XMTSRR25SUA,,3000,failed,"<html>
<head><title>429 Too Many Requests</title></head>
<body>
<center><h1>429 Too Many Requests</h1></center>
<hr><center>openresty</center>
</body>
</html>
"
FXPAEH3SYGGM7SBKT5B22DS5L5KSV3DDPLIW3HY673V5QKALDYGA,4.7275261878967285,2000,success,
B4WBSSE4JMYCGWA52QR3WWNWKF7ZKGBC3GU5VFGANR2FPP5LZDUQ,,3000,failed,"{""data"":{""app-index"":3548200231,""eval-states"":[{},{""stack"":[0]}],""group-index"":1,""pc"":126},""message"":""TransactionPool.Remember: transaction CMKNK2RFM2VNLG722ZIZQMYZFWIX4XMBSLVDVLHX4ATXIUCGKC5A: logic eval error: assert failed pc=126. Details: app=3548200231, pc=126, opcodes=app_global_get; \u003e; assert""}
"
KAMZ7IYFSD5YCGL6MC6M43OC5VNNO2AF4HDFKLFES6JOPHQECVUQ,,3000,failed,"{""data"":{""app-index"":3548200231,""eval-states"":[{},{""stack"":[0]}],""group-index"":1,""pc"":126},""message"":""TransactionPool.Remember: transaction GZ5J4Q3NWQMC3H7NQHZECAYKM4WC2RUXQXLUXZMRZXNDCA3Q2SCQ: logic eval error: assert failed pc=126. Details: app=3548200231, pc=126, opcodes=app_global_get; \u003e; assert""}
"
3524FYLNKWQTJMNIMHR3VUX3KKMIFGDXCO26MFZ47M2O6OF2272A,,3000,failed,"{""data"":{""app-index"":3548200231,""eval-states"":[{},{""stack"":[0]}],""group-index"":1,""pc"":126},""message"":""TransactionPool.Remember: transaction M45QW23UPHMXCSP54MGZ5HFGNO7COXXL45JVGBKFGVH4NNCBL4NQ: logic eval error: assert failed pc=126. Details: app=3548200231, pc=126, opcodes=app_global_get; \u003e; assert""}
"
O2UAJ6GIYWP4IB4TUW6Z22MPYH6J22TBAYDL6N6IG3DRGAYACV3Q,,3000,failed,"{""data"":{""app-index"":3548200231,""eval-states"":[{},{""stack"":[0]}],""group-index"":1,""pc"":126},""message"":""TransactionPool.Remember: transaction QBIICWMM33QCV4W4IEUNFJD7SF3UXRMX77QE7GCDX23S5YLGH6NQ: logic eval error: assert failed pc=126. Details: app=3548200231, pc=126, opcodes=app_global_get; \u003e; assert""}
"
X6DLYNNFBWLUTGYP4UVRDVRX5CHYUYG3AF4YMQ6ML3JHNLCNYQ4Q,,3000,failed,"<html>
<head><title>429 Too Many Requests</title></head>
<body>
<center><h1>429 Too Many Requests</h1></center>
<hr><center>openresty</center>
</body>
</html>
"
5A2UTV4DC2L7U4OYTDTE7PLMDQUCRFWLUO5MYDSBM4U5VYONMYPQ,,3000,failed,"{""data"":{""app-index"":3548200231,""eval-states"":[{},{""stack"":[0]}],""group-index"":1,""pc"":126},""message"":""TransactionPool.Remember: transaction NIEMTZHZZUQ2VAAB66MM3V5JPK7ANLAVFDNXRPKUY352W4S6TODA: logic eval error: assert failed pc=126. Details: app=3548200231, pc=126, opcodes=app_global_get; \u003e; assert""}
"
QQTOAXZPZCH7WUYARLIHGJ2UW2G47AGZNKWGD6FY2ZURNVVBQYZA,,3000,failed,"<html>
<head><title>429 Too Many Requests</title></head>
<body>
<center><h1>429 Too Many Requests</h1></center>
<hr><center>openresty</center>
</body>
</html>
"
LUBKMJ32IPVSVFI7K4IP6EOFTE4R7PTG5U27WF6PV5KWYXRZ544Q,,3000,failed,"{""data"":{""app-index"":3548200231,""eval-states"":[{},{""stack"":[0]}],""group-index"":1,""pc"":126},""message"":""TransactionPool.Remember: transaction M2GH2PIEPPAQAN7YMCAX57AQ4QJBPYJAIVJMBCD6GK56CRO2P6PQ: logic eval error: assert failed pc=126. Details: app=3548200231, pc=126, opcodes=app_global_get; \u003e; assert""}
"
ECDYLO6Z5IMJMISBN3WBTJ6X5R2FVAQYPMPVZBPIJMFHCIOXZSQQ,,3000,failed,"{""data"":{""app-index"":3548200231,""eval-states"":[{},{""stack"":[0]}],""group-index"":1,""pc"":126},""message"":""TransactionPool.Remember: transaction OHNN5VT4AGTGKPZFVB7TKWGZLKMB3QF3GDZIJC2ASJU2UOTQY4VQ: logic eval error: assert failed pc=126. Details: app=3548200231, pc=126, opcodes=app_global_get; \u003e; assert""}
"
BFP74JP6SGUG6IUWGELV53D32JX6QQI4WIESRPQ7XDPLGLX7AELA,,3000,failed,"<html>
<head><title>429 Too Many Requests</title></head>
<body>
<center><h1>429 Too Many Requests</h1></center>
<hr><center>openresty</center>
</body>
</html>
"
QCMWAIYA6I5NP4743ZA377RXMWZLQCVH5XA2SNTBPHKARFOI23RQ,,3000,failed,"{""data"":{""app-index"":3548200231,""eval-states"":[{},{""stack"":[0]}],""group-index"":1,""pc"":126},""message"":""TransactionPool.Remember: transaction 6OIBPRDIFQWAE5FC7LVI6QGN63IJZNNMHB4PY6J265LAOBHD7PHA: logic eval error: assert failed pc=126. Details: app=3548200231, pc=126, opcodes=app_global_get; \u003e; assert""}
"
5DWKEFWFCWFEGDKVYHEWI65BMKQN6DJYVM5CZVM6SPE6XRDV7ZCQ,,3000,failed,"<html>
<head><title>429 Too Many Requests</title></head>
<body>
<center><h1>429 Too Many Requests</h1></center>
<hr><center>openresty</center>
</body>
</html>
"
VIP2GVEGLWUPMCKSO2A4T7K5IQZK76OPXVDVIP2ADR2JQEPQRHMQ,,3000,failed,"{""data"":{""app-index"":3548200231,""eval-states"":[{},{""stack"":[0]}],""group-index"":1,""pc"":126},""message"":""TransactionPool.Remember: transaction MDXIXZLAIU3EIHF6VODVNGGYPOGFA4NJ5WADEXCUXTRPXEMCO6LQ: logic eval error: assert failed pc=126. Details: app=3548200231, pc=126, opcodes=app_global_get; \u003e; assert""}
"
5RC7JDKRWPTCOSSA4UHWT5E4TLREUZP23YTYZK27W7YPEJOIAWDQ,,3000,failed,"<html>
<head><title>429 Too Many Requests</title></head>
<body>
<center><h1>429 Too Many Requests</h1></center>
<hr><center>openresty</center>
</body>
</html>
"
ZXUCGTVQWJ6MJQ3OA3BYPVQSY4JC7JCUUCJ3BNJYI65UBSP7EELA,,3000,failed,"<html>
<head><title>429 Too Many Requests</title></head>
<body>
<center><h1>429 Too Many Requests</h1></center>
<hr><center>openresty</center>
</body>
</html>
"
EGAB72KYJIGNH3TSVKYFGIRAIYWWZVB25QBCJEKQVSGT2FWEPJKA,,3000,failed,"{""data"":{""app-index"":3548200231,""eval-states"":[{},{""stack"":[0]}],""group-index"":1,""pc"":126},""message"":""TransactionPool.Remember: transaction WDVZCC6DOCJRFDKWQ6BQXVQNWLGFIPX3DTCREONDIPWQTP7BIO3A: logic eval error: assert failed pc=126. Details: app=3548200231, pc=126, opcodes=app_global_get; \u003e; assert""}
"
TPPHD6UFA3G27QLAQP3DURQM5MH7AVZJXLZNI5RCVAJHWWHPZ2SA,,3000,failed,"<html>
<head><title>429 Too Many Requests</title></head>
<body>
<center><h1>429 Too Many Requests</h1></center>
<hr><center>openresty</center>
</body>
</html>
"
6V723K6BO5WATQFHKMIIHH5VTKDN65S5RLZVAOOZAY34K4DJICNQ,,3000,failed,"<html>
<head><title>429 Too Many Requests</title></head>
<body>
<center><h1>429 Too Many Requests</h1></center>
<hr><center>openresty</center>
</body>
</html>
"
SWK3JQ7P4UR3JAA733RRCL3TCKYX4LBVHNXD6LL4DJEME363A6LQ,,3000,failed,"<html>
<head><title>429 Too Many Requests</title></head>
<body>
<center><h1>429 Too Many Requests</h1></center>
<hr><center>openresty</center>
</body>
</html>
"
5EWZXFOKJZAOC2BNYY4XRXOYJNTRPB6EHMA6OE6NMDVYMFNG3M2A,,3000,failed,"{""data"":{""app-index"":3548200231,""eval-states"":[{},{""stack"":[0]}],""group-index"":1,""pc"":126},""message"":""TransactionPool.Remember: transaction KQDUEVZLCXFKVGX6WQSURD3MJ4LN26FN3EM77SEZSIDZKTEMF5XQ: logic eval error: assert failed pc=126. Details: app=3548200231, pc=126, opcodes=app_global_get; \u003e; assert""}
"
RBKM4MBDLE6NTO3APZH72P7VWPNMSCS6QWUI25FESIRRT2E2RBKQ,,3000,failed,"<html>
<head><title>429 Too Many Requests</title></head>
<body>
<center><h1>429 Too Many Requests</h1></center>
<hr><center>openresty</center>
</body>
</html>
"
O3G3BMYXCZETE7KCOGNASBD25X6UREHKBORMME5D6APEHY7AYZQQ,,3000,failed,"<html>
<head><title>429 Too Many Requests</title></head>
<body>
<center><h1>429 Too Many Requests</h1></center>
<hr><center>openresty</center>
</body>
</html>
"
IGAIBAVFZZUV2GRQ62DH5R6YZ5Q2YNKB6J3JP6HODBW7BWXTV5SA,,3000,failed,"<html>
<head><title>429 Too Many Requests</title></head>
<body>
<center><h1>429 Too Many Requests</h1></center>
<hr><center>openresty</center>
</body>
</html>
"
UIU2TKVFHZEUTSZH7SI5UNMGA63XGXIDN3DCM6JF7HQDNV36P3JQ,,3000,failed,"<html>
<head><title>429 Too Many Requests</title></head>
<body>
<center><h1>429 Too Many Requests</h1></center>
<hr><center>openresty</center>
</body>
</html>
"
IUYX7277MRQG7XIR5KXATIM5IP5445WFWPSRLBT7DMDLCTOZ5RXA,,3000,failed,"<html>
<head><title>429 Too Many Requests</title></head>
<body>
<center><h1>429 Too Many Requests</h1></center>
<hr><center>openresty</center>
</body>
</html>
"
2C2LY5EYIUCOWCVNP6HJY265JEKGFW6W4VREDLQWE7Y4W4Y2GP6Q,,3000,failed,"{""data"":{""app-index"":3548200231,""eval-states"":[{},{""stack"":[0]}],""group-index"":1,""pc"":126},""message"":""TransactionPool.Remember: transaction JHER2SBDB74ZC5RGKYM5NDUWWNM57QUI6C7X4QXYM6RDRWCLYFWQ: logic eval error: assert failed pc=126. Details: app=3548200231, pc=126, opcodes=app_global_get; \u003e; assert""}
"
TRMTIDGZI4MR255K2NJQ6OFN56V77CONUK7JDFBAG6EQ5BI2JSRQ,,3000,failed,"<html>
<head><title>429 Too Many Requests</title></head>
<body>
<center><h1>429 Too Many Requests</h1></center>
<hr><center>openresty</center>
</body>
</html>
"
SI3SBJ3SIBCAEXBFKHWRRKFM4IM6HGYLXG5T4TNQ2MD46B4GDE2Q,,3000,failed,"<html>
<head><title>429 Too Many Requests</title></head>
<body>
<center><h1>429 Too Many Requests</h1></center>
<hr><center>openresty</center>
</body>
</html>
"
DJ23TIKBL7JIUUSSKMYZBYKJNYHFBLXUOSKYYMSY3FJA225JDZGA,,3000,failed,"<html>
<head><title>429 Too Many Requests</title></head>
<body>
<center><h1>429 Too Many Requests</h1></center>
<hr><center>openresty</center>
</body>
</html>
"
MVUPM5IC6TLIVKTTYGEAF5YFL2RETLQYGNAHYPRCHZOEN2HBKMJA,,3000,failed,"<html>
<head><title>429 Too Many Requests</title></head>
<body>
<center><h1>429 Too Many Requests</h1></center>
<hr><center>openresty</center>
</body>
</html>
"
GCGZTLBV5A5BX3TRGXZZDTDTWODQQQW42QAZOWK5N2Y5GJOBNVRQ,,3000,failed,"{""data"":{""app-index"":3548200231,""eval-states"":[{},{""stack"":[0]}],""group-index"":1,""pc"":126},""message"":""TransactionPool.Remember: transaction HAS2VP5ODM22TUY22OD2FKDUKERADXRG2GCTPVNUYGGIQZXXTELA: logic eval error: assert failed pc=126. Details: app=3548200231, pc=126, opcodes=app_global_get; \u003e; assert""}
"
IBBSFIU2QOVI5TQG7BFMQIBOGSIHSMOIFV6K7K736HY7GMMDKUGA,,3000,failed,"<html>
<head><title>429 Too Many Requests</title></head>
<body>
<center><h1>429 Too Many Requests</h1></center>
<hr><center>openresty</center>
</body>
</html>
"
WS46FU4AOONZ7P3PBZ5XPWQXHASR2FSWHTJP74XV2NTYQURVQNDA,,3000,failed,"<html>
<head><title>429 Too Many Requests</title></head>
<body>
<center><h1>429 Too Many Requests</h1></center>
<hr><center>openresty</center>
</body>
</html>
"
OYQMCOJNPJHZV4SIIZ5PKYXYAA6DR4R4667Z4Y3TKEELTK3UB43A,,3000,failed,"<html>
<head><title>429 Too Many Requests</title></head>
<body>
<center><h1>429 Too Many Requests</h1></center>
<hr><center>openresty</center>
</body>
</html>
"
RJMOSCOPX3QBAXSHN4UWNDM7QC22CCNSARXIPPJ6S4D5LVUYLB7Q,,3000,failed,"<html>
<head><title>429 Too Many Requests</title></head>
<body>
<center><h1>429 Too Many Requests</h1></center>
<hr><center>openresty</center>
</body>
</html>
"
VNC2WX2KDF2CJ7RKN6ZAABJ6KZWI2CV2VOU3E3ICE3ONPZQF7EMA,,3000,failed,"<html>
<head><title>429 Too Many Requests</title></head>
<body>
<center><h1>429 Too Many Requests</h1></center>
<hr><center>openresty</center>
</body>
</html>
"
DRLI3J36MN6VKDIV6GBMHQKBKW5NO2FWCE2N2PMDWF6WKLXX42DQ,,3000,failed,"{""data"":{""app-index"":3548200231,""eval-states"":[{},{""stack"":[0]}],""group-index"":1,""pc"":126},""message"":""TransactionPool.Remember: transaction C5IZAP6H5RE5YZ6FFOKKRRQFRHC2PMXEFJOLDDB4F56I6BIYVJDA: logic eval error: assert failed pc=126. Details: app=3548200231, pc=126, opcodes=app_global_get; \u003e; assert""}
"
Y2QXMO3ZKRNQ4OVWNBKN23NFWRJLH25PPK6WKWYNBTY3DEIB4QVQ,,3000,failed,"{""data"":{""app-index"":3548200231,""eval-states"":[{},{""stack"":[0]}],""group-index"":1,""pc"":126},""message"":""TransactionPool.Remember: transaction M45WHYSHVW4G7GREJZBYFLNRHCTPJYBYMA7O3EEFHN3RYN5XZJQA: logic eval error: assert failed pc=126. Details: app=3548200231, pc=126, opcodes=app_global_get; \u003e; assert""}
"
PUH3UX2OCIZ3RPEQZAK6IDYJ4GAT3QR6B4NN37A4KIVGVXAJ2FPA,,3000,failed,"<html>
<head><title>429 Too Many Requests</title></head>
<body>
<center><h1>429 Too Many Requests</h1></center>
<hr><center>openresty</center>
</body>
</html>
"
3IXI3NBZV3CFZJK7EHXZZDSU6TDXPKTRC5OFV3FVSPU33RAH2FRA,,3000,failed,"{""data"":{""app-index"":3548200231,""eval-states"":[{},{""stack"":[0]}],""group-index"":1,""pc"":126},""message"":""TransactionPool.Remember: transaction 2753LEA5DNZNJMFF5ZUZGUR2Q25YR73VQF3G44YJK57UKQXLYTFA: logic eval error: assert failed pc=126. Details: app=3548200231, pc=126, opcodes=app_global_get; \u003e; assert""}
"
ZGLXSXMBJGC4NMNIKMB3VSIHYGMGFAU76L2SFUEZ347RZVL22BXQ,5.471409559249878,2000,success,
RNSJFTU5XPAJA5UL4AOJEBLTF3EWVIKO2TKNUJTEZ4EIK4EYWXTA,,3000,failed,"<html>
<head><title>429 Too Many Requests</title></head>
<body>
<center><h1>429 Too Many Requests</h1></center>
<hr><center>openresty</center>
</body>
</html>
"
WU2Z36R6OJ4PNGV3NZZJFJSNRHYSGQK43QRCV4ID5RFLFTTGW4KQ,,3000,failed,"{""data"":{""app-index"":3548200231,""eval-states"":[{},{""stack"":[0]}],""group-index"":1,""pc"":126},""message"":""TransactionPool.Remember: transaction 2D5QGFUFPGJYX5GRJGNUB4R4HNG2YHKC2POIRQHK4DVOCM7O22TQ: logic eval error: assert failed pc=126. Details: app=3548200231, pc=126, opcodes=app_global_get; \u003e; assert""}
"
JSJDCCNC3VZ5ENCEGFHBB7S4PPKJ5NNVV2XVFVVOITXVOKZN46IA,,3000,failed,"<html>
<head><title>429 Too Many Requests</title></head>
<body>
<center><h1>429 Too Many Requests</h1></center>
<hr><center>openresty</center>
</body>
</html>
"
IGUMVEF3Q3ARUEFMBMQFYQ4FAQVHS2VOTKZXSTPB4DERBIV4KQBQ,5.707030773162842,2000,success,
BZAHT5CYG5POB2ID3ZGAVHP2DA4XAG76JWEL3RMPY47UFTDRIKIA,3.390200614929199,2000,success,
WTFRM5PDJSP3USUO7IMXATN33IJJRPV43UIHZA7STO43R65RM3DQ,4.080867290496826,2000,success,
Z4GLFPT5S47PCVYCD4HFTTZLLYXALXL6R6ZOIZVJOGASHEM7FU2Q,4.137643098831177,2000,success,
LZZ2KV3TOMT6W3X66HYOZT4WYBOOKAA6ICYD5YAGUZKLQ22VWT7A,4.659472465515137,2000,success,
N7HQLZZZMSBK7X7INXD4BP3SL2GERATVF7RKY5W5U2S5SFOPVJTQ,3.4853994846343994,2000,success,
XOEC24N2VCU54PLGGGRSTGCR6WCUNFBPUSAP5WVB2WDRSJ4CBVSQ,4.554818391799927,2000,success,
RC7HAQYDPYZJMG56O3POQ5GEJLEBUKZDCBP7OP2FPOPOOC56JMRQ,3.472946882247925,2000,success,
LYVDLIPZOCCO2WNMMX22GU3CPGPFG7HEM3GL5JYEMRPI47LUGPZQ,,3000,failed,"{""data"":{""app-index"":3548200231,""eval-states"":[{},{""stack"":[0]}],""group-index"":1,""pc"":126},""message"":""TransactionPool.Remember: transaction 5QBLOBHCGGBQF2UU3QM7GWIPPNRYWJHLW6QI2T3JTAPZA5NKYGPA: logic eval error: assert failed pc=126. Details: app=3548200231, pc=126, opcodes=app_global_get; \u003e; assert""}
"
XVJE57RU2B7TNJXDHJUG3BA73VEPQ5QLK5RQHBOEVCVFWR74DXKQ,,3000,failed,"{""data"":{""app-index"":3548200231,""eval-states"":[{},{""stack"":[0]}],""group-index"":1,""pc"":126},""message"":""TransactionPool.Remember: transaction 3KEBKVFC7K5CS2LTP436WGUKPPEQXJGXXY2P5WQAX4OEBVQD5A7A: logic eval error: assert failed pc=126. Details: app=3548200231, pc=126, opcodes=app_global_get; \u003e; assert""}
"
PEFEUK7EQHNJXM67OJTJNL52M2DEWNDHGYHTIQ7I6LVL5IRSITFA,,3000,failed,"<html>
<head><title>429 Too Many Requests</title></head>
<body>
<center><h1>429 Too Many Requests</h1></center>
<hr><center>openresty</center>
</body>
</html>
"
4JUXG2MC4D36OEFW3KRLK2NBX2EQCLYQFES6PMP5NGP25OI5FTEQ,3.38694167137146,2000,success,
FHFCWSPWOWDDPWXOLX55AINFACWQOMVORCO4BTPSDRGWGHY43TOQ,,3000,failed,"{""data"":{""app-index"":3548200231,""eval-states"":[{},{""stack"":[0]}],""group-index"":1,""pc"":126},""message"":""TransactionPool.Remember: transaction C5OFPEO7DXYKSK7XADUTMT6JJJ7YJ256OM3C2UVIS2HL5BGKJT4Q: logic eval error: assert failed pc=126. Details: app=3548200231, pc=126, opcodes=app_global_get; \u003e; assert""}
"
J3FCULJEF2SNMXQZWRMWQ4FXOF2WSUOELEYSACOPHA37VDYANYDQ,4.787830114364624,2000,success,
I3GOHWVAJCGZZM5DGPYNR2ONJ4V5YZ7SFXZ5ZBI7NDLJRA6WX7UQ,,3000,failed,"<html>
<head><title>429 Too Many Requests</title></head>
<body>
<center><h1>429 Too Many Requests</h1></center>
<hr><center>openresty</center>
</body>
</html>
"
T535LUJLQ734TSN2YNCFWI5XY62ZAARKRCYVO7J2B4TJIPTWW5MQ,,3000,failed,"<html>
<head><title>429 Too Many Requests</title></head>
<body>
<center><h1>429 Too Many Requests</h1></center>
<hr><center>openresty</center>
</body>
</html>
"
5IQOTK4ZLYZ7WPLEGI3K76EUT2BIATX246ILD7JVCJXWGF7IWVDA,4.614367961883545,2000,success,
7SGHIED5UOXOBUBTI2FXDPXYAW453T6T5WC546ZAO6IAL3WDGVYA,4.503568410873413,2000,success,
XBGHRRUDRM66EGL3IGUESIAUW2QESV2LJCIXAEUNVARY5NFQ6NOA,,3000,failed,"<html>
<head><title>429 Too Many Requests</title></head>
<body>
<center><h1>429 Too Many Requests</h1></center>
<hr><center>openresty</center>
</body>
</html>
"
WBLMKRHELI62EFDM6BH2YWXD2DFF34PBNR3YIL5XUTSCWC3DZJEQ,,3000,failed,"<html>
<head><title>429 Too Many Requests</title></head>
<body>
<center><h1>429 Too Many Requests</h1></center>
<hr><center>openresty</center>
</body>
</html>
"
4OURFZG32EMXXPVE7YHECWR3VHJJYCLGNAIUQDG4DV7PD7C3OEAA,,3000,failed,"<html>
<head><title>429 Too Many Requests</title></head>
<body>
<center><h1>429 Too Many Requests</h1></center>
<hr><center>openresty</center>
</body>
</html>
"
KSOJU4WD6JUMECCQVPCMLXQQDA4EZX7QP54HJLXTPGNQ62WAWSGA,,3000,failed,"<html>
<head><title>429 Too Many Requests</title></head>
<body>
<center><h1>429 Too Many Requests</h1></center>
<hr><center>openresty</center>
</body>
</html>
"
VBYSJLMO53DWCTLZ6QQFJ337SGUMMMEP3MDFA62WE5B4PYLPWQJQ,,3000,failed,"<html>
<head><title>429 Too Many Requests</title></head>
<body>
<center><h1>429 Too Many Requests</h1></center>
<hr><center>openresty</center>
</body>
</html>
"
K6IKIAG2KFIJH7OVTSOF5GJ7FUHJHJ4NOGGLA33CWLTVCIMMR4RA,,3000,failed,"<html>
<head><title>429 Too Many Requests</title></head>
<body>
<center><h1>429 Too Many Requests</h1></center>
<hr><center>openresty</center>
</body>
</html>
"
ZSVRXEXZYFBX4LT7GRIJPQL6JVAXKV465UCEVBITGOCTJFPF23MQ,4.730348348617554,2000,success,
7HP3NUMWB2D43TJEOFY5Z7KRJ3NLXW275RG5NX7SJX4QP5MS6E7Q,4.853877305984497,2000,success,
EU5WHQCV4ROS4OV2LEHQJKHBSQ27M4ZF5U45F4C5B6JJQUR3DGAA,,3000,failed,"<html>
<head><title>429 Too Many Requests</title></head>
<body>
<center><h1>429 Too Many Requests</h1></center>
<hr><center>openresty</center>
</body>
</html>
"
CWMLERSCIGXSS2EGLOGQUFL4KESAUXQBJL7BHA2SBF75UYPNGAAA,,3000,failed,"<html>
<head><title>429 Too Many Requests</title></head>
<body>
<center><h1>429 Too Many Requests</h1></center>
<hr><center>openresty</center>
</body>
</html>
"
GVLU63TRLYI57RIEDPEPTFBFFQE6XQWK7FLQAVX5G5WLNV6MZRIQ,6.397353172302246,2000,success,
NULDWMZU535HJC3RFL6ZS3NSVIX73KT63IENFUEMXWJZNCWCSSRA,5.889880657196045,2000,success,
H66M2MIBB6GSAM7AATLGARNOCMUUPQSIPOYDCXRHI4YZLWBMUVLA,,3000,failed,"<html>
<head><title>429 Too Many Requests</title></head>
<body>
<center><h1>429 Too Many Requests</h1></center>
<hr><center>openresty</center>
</body>
</html>
"
CHCYACXCYMQFPX5FEU4NNCF75PRC2YVL6TFB4MN6QIRWM3DIQAHA,,3000,failed,"{""data"":{""app-index"":3548200231,""eval-states"":[{},{""stack"":[0]}],""group-index"":1,""pc"":126},""message"":""TransactionPool.Remember: transaction RCK7XESBURKU5G3MMOP6TEUOPFWP4HLNOSOOMH77M3FSP5AV764A: logic eval error: assert failed pc=126. Details: app=3548200231, pc=126, opcodes=app_global_get; \u003e; assert""}
"
AXZXONKEOHRU5FHD52XWR53GRR7ED5CFI443KVS6AJY5CGQ6FCVQ,5.793517351150513,2000,success,
3SAIB7ZASO53TBJBC3GI76ZSTDAEPOKEAS5HHUOKKYUZQNVI33QA,,3000,failed,"{""data"":{""app-index"":3548200231,""eval-states"":[{},{""stack"":[0]}],""group-index"":1,""pc"":126},""message"":""TransactionPool.Remember: transaction 2GIXNYV7RTB64ALAVA6T4GXRW6CXGIP2GSYUZI4YKFMZECYXOFWQ: logic eval error: assert failed pc=126. Details: app=3548200231, pc=126, opcodes=app_global_get; \u003e; assert""}
"
WIZ6JIMLZFWMDAC5C7FYYBOK427ODCIBD5RFC5UTKXUUIXS2775A,,3000,failed,"<html>
<head><title>429 Too Many Requests</title></head>
<body>
<center><h1>429 Too Many Requests</h1></center>
<hr><center>openresty</center>
</body>
</html>
"
6CVJ4VPJVIXTC7ET6AJUPONOJTAWFOE7LRHTOLNVSQPUYHNIORRQ,,3000,failed,"{""data"":{""app-index"":3548200231,""eval-states"":[{},{""stack"":[0]}],""group-index"":1,""pc"":126},""message"":""TransactionPool.Remember: transaction ZHASBPS6JJWH4U32FP4DLIG74SCCEW2QTKO5UAW63OEXGKYR7U2Q: logic eval error: assert failed pc=126. Details: app=3548200231, pc=126, opcodes=app_global_get; \u003e; assert""}
"
QZDYPRKROZI4GEMRNIRFKIBMVMXVM7PSJST556ML3VZE63PDY75A,,3000,failed,"<html>
<head><title>429 Too Many Requests</title></head>
<body>
<center><h1>429 Too Many Requests</h1></center>
<hr><center>openresty</center>
</body>
</html>
"
HGXVZ6PIPM2CSE25FSNPFUPE2BG2YXOFWTNN3BHXJ7JHISDNYDLQ,,3000,failed,"{""data"":{""app-index"":3548200231,""eval-states"":[{},{""stack"":[0]}],""group-index"":1,""pc"":126},""message"":""TransactionPool.Remember: transaction JJVJ3YSSVUQBPHP25345HY2M3AMRJMKOMNCVOMWCBTY4EI6JJQAA: logic eval error: assert failed pc=126. Details: app=3548200231, pc=126, opcodes=app_global_get; \u003e; assert""}
"
6LGPDP7OOMASR7YNTUC2FRB7VHKVWK3K4YTME75JMTWGLM5XQCUA,,3000,failed,"<html>
<head><title>429 Too Many Requests</title></head>
<body>
<center><h1>429 Too Many Requests</h1></center>
<hr><center>openresty</center>
</body>
</html>
"
633ESK6EYX7ULGOKMTAEVJDIQHCHNMYSDH24XT4NE2B24ILD3CTQ,,3000,failed,"<html>
<head><title>429 Too Many Requests</title></head>
<body>
<center><h1>429 Too Many Requests</h1></center>
<hr><center>openresty</center>
</body>
</html>
"
D6QGYZD2HJLXUK6IRRV3VNYOTUCQEXCM553LCNORNMSKC3MP4DNA,,3000,failed,"{""data"":{""app-index"":3548200231,""eval-states"":[{},{""stack"":[0]}],""group-index"":1,""pc"":126},""message"":""TransactionPool.Remember: transaction SFQONXQXPFVTGCTRJ7W6PEWN4T4EICDFPSOC23QY2E5K37BVXTVQ: logic eval error: assert failed pc=126. Details: app=3548200231, pc=126, opcodes=app_global_get; \u003e; assert""}
"
66SS4MFPTKF5F72PYBGZRHL2PSQWB6RCRFWTLE5QTX4ZWPJTVIVA,,3000,failed,"{""data"":{""app-index"":3548200231,""eval-states"":[{},{""stack"":[0]}],""group-index"":1,""pc"":126},""message"":""TransactionPool.Remember: transaction 5ONVOYW5XOH5XCM3EDLROXJBEHFYNCYMGRWTDXPBRJZNMLMCTOSA: logic eval error: assert failed pc=126. Details: app=3548200231, pc=126, opcodes=app_global_get; \u003e; assert""}
"
DQOHON5ZM5DWI67FTV77YMFYDDQOTN6ZK7ANCRVYL3FIK7UC7NQA,,3000,failed,"{""data"":{""app-index"":3548200231,""eval-states"":[{},{""stack"":[0]}],""group-index"":1,""pc"":126},""message"":""TransactionPool.Remember: transaction C5DOH3CKNOL7T3SXG7XDLED5DNATL5I2ZSGEKPTBOZ2T7A2HTMJQ: logic eval error: assert failed pc=126. Details: app=3548200231, pc=126, opcodes=app_global_get; \u003e; assert""}
"
UW7IW7PGHWQVPQ43TFLJJWKWX4DFWLNO6SV6KEUYOJ57DDXUFVDA,,3000,failed,"{""data"":{""app-index"":3548200231,""eval-states"":[{},{""stack"":[0]}],""group-index"":1,""pc"":126},""message"":""TransactionPool.Remember: transaction 4JHV5PBD6NPSRBVI4CNSOKEUUKWBVB23G7AW3ONS7CC6ZOAMZJ7Q: logic eval error: assert failed pc=126. Details: app=3548200231, pc=126, opcodes=app_global_get; \u003e; assert""}
"
D4JAERGAROFX2ZTGOD3SS6S25GUZ7DAZU34C426XCN27SKBCWW2A,,3000,failed,"{""data"":{""app-index"":3548200231,""eval-states"":[{},{""stack"":[0]}],""group-index"":1,""pc"":126},""message"":""TransactionPool.Remember: transaction 477YBDA6OW7TTX47ZK7YLZYUB7J42KVXOHVTPZPO55233TY2THBA: logic eval error: assert failed pc=126. Details: app=3548200231, pc=126, opcodes=app_global_get; \u003e; assert""}
"
LZQIHCNOLBUDADKFS2BDJUVRS4RUPO7JVGYGGGOWCPH3DPG3F6TA,,3000,failed,"<html>
<head><title>429 Too Many Requests</title></head>
<body>
<center><h1>429 Too Many Requests</h1></center>
<hr><center>openresty</center>
</body>
</html>
"
HNGWKLUWSCVJDZELWTT6MJIKMJEE34DEDYRHCES5B4JNSV3BTBNQ,,3000,failed,"<html>
<head><title>429 Too Many Requests</title></head>
<body>
<center><h1>429 Too Many Requests</h1></center>
<hr><center>openresty</center>
</body>
</html>
"
XMJ2CL53RENPNUZO3Y3S4QEHXXQDDI7AU2XPYUJJOI7Z4IKP73JA,,3000,failed,"<html>
<head><title>429 Too Many Requests</title></head>
<body>
<center><h1>429 Too Many Requests</h1></center>
<hr><center>openresty</center>
</body>
</html>
"
53NWZ6MNDI2I6HORJQWVNLBK2QLO6VEPNMQMQIEYJ5IMSXIKTCSA,,3000,failed,"{""data"":{""app-index"":3548200231,""eval-states"":[{},{""stack"":[0]}],""group-index"":1,""pc"":126},""message"":""TransactionPool.Remember: transaction GLEAPCJARV33MQSONIBZYRAZH3J3CER6JKCMY2PU4HB53BHVBIGQ: logic eval error: assert failed pc=126. Details: app=3548200231, pc=126, opcodes=app_global_get; \u003e; assert""}
"
BSNHBT3GBSTAOKRO54TUEYTP3PY6JRAA72SFFVNUEYEGP44B3MFQ,,3000,failed,"<html>
<head><title>429 Too Many Requests</title></head>
<body>
<center><h1>429 Too Many Requests</h1></center>
<hr><center>openresty</center>
</body>
</html>
"
LYKAPL433Y4VFZYYLRFDXJ2R5JNFNA7EKETWK5XPPOHIJ4HOEKZA,,3000,failed,"<html>
<head><title>429 Too Many Requests</title></head>
<body>
<center><h1>429 Too Many Requests</h1></center>
<hr><center>openresty</center>
</body>
</html>
"
3F2YXKOODM33VXYVQXYLPTOEWYIJM7P5CP7DT4II2XJABQBGU2MQ,,3000,failed,"<html>
<head><title>429 Too Many Requests</title></head>
<body>
<center><h1>429 Too Many Requests</h1></center>
<hr><center>openresty</center>
</body>
</html>
"
ZZJEBSJYGXE6VOOS2ADQ3PDYVQRNIKDAAPF7IDGLFPZSZKH7DE6Q,,3000,failed,"<html>
<head><title>429 Too Many Requests</title></head>
<body>
<center><h1>429 Too Many Requests</h1></center>
<hr><center>openresty</center>
</body>
</html>
"
2MDKU7YNDZM5STZJPHTB3V7FUOI5V64AFH6MAI73XEA6XQICA2WA,,3000,failed,"{""data"":{""app-index"":3548200231,""eval-states"":[{},{""stack"":[0]}],""group-index"":1,""pc"":126},""message"":""TransactionPool.Remember: transaction HQLK7JFWPBOUEQWMJJHPCK7U6FJ44ZXNALDY6422VSLWEEXPBNIA: logic eval error: assert failed pc=126. Details: app=3548200231, pc=126, opcodes=app_global_get; \u003e; assert""}
"
E27RFBZZZENHZPYBRI5LCJCYGSKEMBZYC7TYOFNGKR5VW4YMLEQA,6.448302984237671,2000,success,
BRJT54OQMAA2KSWX4APMOJVQ4K3LLY36JBQHEOW3MA4YJFLHG3YQ,6.814918518066406,2000,success,
N62WZZ55OBBLOFQRPJ63UI25MVIGRUXG2OKHTH4FANCMOX5DUHWQ,6.9048731327056885,2000,success,
DEVE265SDRDMOFGOWSKATLZHTBQBGM6CL4MPU2UXJVDCHRELTJ7Q,,3000,failed,"{""data"":{""app-index"":3548200231,""eval-states"":[{},{""stack"":[0]}],""group-index"":1,""pc"":126},""message"":""TransactionPool.Remember: transaction GPOZD6GLHXVQDMRAQJZOAU4HOKEAOHH4BGEUK4V4G3MRXJBTTDHQ: logic eval error: assert failed pc=126. Details: app=3548200231, pc=126, opcodes=app_global_get; \u003e; assert""}
"
BT6LWH72DVVDD5QITAN2ZBCANM74STJZTKFK5BIVZXTKKKOPRF7A,,3000,failed,"{""data"":{""app-index"":3548200231,""eval-states"":[{},{""stack"":[0]}],""group-index"":1,""pc"":126},""message"":""TransactionPool.Remember: transaction VY7CHUAAW6UZP7T4FPSBGUDNJSMDWZG5ABZC2UFCB6XKOTUBL7IQ: logic eval error: assert failed pc=126. Details: app=3548200231, pc=126, opcodes=app_global_get; \u003e; assert""}
"
ZQQHI5BCAAUXOPTGETKJ6XECBKLFYW2GS3YQULLYISWOAQICCTEQ,,3000,failed,"{""data"":{""app-index"":3548200231,""eval-states"":[{},{""stack"":[0]}],""group-index"":1,""pc"":126},""message"":""TransactionPool.Remember: transaction QLE53JTLFAJ7PP6AR7J74P2IOIP4DNVAFEJPSLUCC7CTQUXCP7VQ: logic eval error: assert failed pc=126. Details: app=3548200231, pc=126, opcodes=app_global_get; \u003e; assert""}
"
HUUTEFMYJV3HN7MGFKTKGPK46WQWVOGFTBHFH7I5WF3O6GSOCVCQ,,3000,failed,"{""data"":{""app-index"":3548200231,""eval-states"":[{},{""stack"":[0]}],""group-index"":1,""pc"":126},""message"":""TransactionPool.Remember: transaction FVSOVRTGVABL24BSMWT6XTAMK22J5YFZRDIMU5BPA74R5ZDCP2FA: logic eval error: assert failed pc=126. Details: app=3548200231, pc=126, opcodes=app_global_get; \u003e; assert""}
"
R4TJJFERVCP3RASVYQ6DQKDCRX7VUYO6257FULAE2L4ND3HW4I2Q,7.807798385620117,2000,success,
ATHNMPQNUOO7PQW2N3O6WCHHQOBTPJ4WJGMP3UCLFFJKB72NBPGQ,,3000,failed,"<html>
<head><title>429 Too Many Requests</title></head>
<body>
<center><h1>429 Too Many Requests</h1></center>
<hr><center>openresty</center>
</body>
</html>
"
EGS5MOYGDGVRF6LOAJEYSA6PLYX2FMR2RH37PAJ56YAZZ3KMVQFQ,,3000,failed,"<html>
<head><title>429 Too Many Requests</title></head>
<body>
<center><h1>429 Too Many Requests</h1></center>
<hr><center>openresty</center>
</body>
</html>
"
3HWVV7UMGW3NELK5OT76G3ZEXYPSKYCQ4SP7GX3PCNL4KLZGPMKQ,5.739025354385376,2000,success,
P5GXOPVUKVKZEP2NTITQS3B5SAXWXA6CJLSYR446ORNTUYPAGFEQ,,3000,failed,"{""data"":{""app-index"":3548200231,""eval-states"":[{},{""stack"":[0]}],""group-index"":1,""pc"":126},""message"":""TransactionPool.Remember: transaction AJKV4XKPKEF57OWQ7NUII3FQMVS7YCIZHWKAOQTYTUSPBMVKYJLA: logic eval error: assert failed pc=126. Details: app=3548200231, pc=126, opcodes=app_global_get; \u003e; assert""}
"
RGW3A2I4XNAVUBNQLACITG6W7BCEYN6QOWRMLAX2GUOUZ3PF4LAQ,,3000,failed,"<html>
<head><title>429 Too Many Requests</title></head>
<body>
<center><h1>429 Too Many Requests</h1></center>
<hr><center>openresty</center>
</body>
</html>
"
GPIRYBJNW5ZGTT2XRXWM6XFXQJDXABSHP4UVWPTCNFU6OED4YUVQ,7.883126258850098,2000,success,
AEEJEKWYURVN3OUNXNICXKXPES6ACPVDD7WA5XXSPXKNVO4HN57Q,,3000,failed,"<html>
<head><title>429 Too Many Requests</title></head>
<body>
<center><h1>429 Too Many Requests</h1></center>
<hr><center>openresty</center>
</body>
</html>
"
NBSKGYKTZLKP4XWFQUFNBXFSSTEYKXGFE4V2V7BYWXNSJKZURNVQ,,3000,failed,"<html>
<head><title>429 Too Many Requests</title></head>
<body>
<center><h1>429 Too Many Requests</h1></center>
<hr><center>openresty</center>
</body>
</html>
"
TDTZ57UK34TKLTXXI3ZKDKV7X3OHSDCRRY6UYF3EVXYNY2SQL4NA,,3000,failed,"<html>
<head><title>429 Too Many Requests</title></head>
<body>
<center><h1>429 Too Many Requests</h1></center>
<hr><center>openresty</center>
</body>
</html>
"
N3VCX2VPAE4D2JLIMUJIBKPJDZY22X3WTAUC6MBY6FSA4I447KPQ,,3000,failed,"<html>
<head><title>429 Too Many Requests</title></head>
<body>
<center><h1>429 Too Many Requests</h1></center>
<hr><center>openresty</center>
</body>
</html>
"
6LE4RGOP43XQR6J56LKMSC3E344CQPLLUEQ4SWEITOHYNDRKBLHA,5.547817707061768,2000,success,
SGC6ZA6CPRLPHXDN47GTCVNSGDOIQEMD4S7Y5R6PKQ77QCREIIKA,,3000,failed,"<html>
<head><title>429 Too Many Requests</title></head>
<body>
<center><h1>429 Too Many Requests</h1></center>
<hr><center>openresty</center>
</body>
</html>
"
L3YXLMBXUDXFT4IN7LLBNWUSUMRV67PJFLXPKPEIN53ABJWYAOMQ,,3000,failed,"<html>
<head><title>429 Too Many Requests</title></head>
<body>
<center><h1>429 Too Many Requests</h1></center>
<hr><center>openresty</center>
</body>
</html>
"
76XQHWBGO3BDBLFHSQCZD3JJHWPWLHIH6IYRTCOA7VXOVCWBW4XA,,3000,failed,"<html>
<head><title>429 Too Many Requests</title></head>
<body>
<center><h1>429 Too Many Requests</h1></center>
<hr><center>openresty</center>
</body>
</html>
"
BUP6OWU6MBHHM5IDTCVX4MO6HDXQPLVFVCBPSKLHETFSS4F6RT6A,,3000,failed,"<html>
<head><title>429 Too Many Requests</title></head>
<body>
<center><h1>429 Too Many Requests</h1></center>
<hr><center>openresty</center>
</body>
</html>
"
JGZKISRIP6AQHCWND5C5NZA6UNFTQKCRN3RCCNHHMQJI36DWPPNA,,3000,failed,"{""data"":{""app-index"":3548200231,""eval-states"":[{},{""stack"":[0]}],""group-index"":1,""pc"":126},""message"":""TransactionPool.Remember: transaction AHUPSKAGMFES5FQKMKXT6WSKNP7EB77KFRN3HABDJEU4I33UB6BA: logic eval error: assert failed pc=126. Details: app=3548200231, pc=126, opcodes=app_global_get; \u003e; assert""}
"
XYRILMQKQ6J5AUJHI2W5RFFOY5QW37UAAEVXGOSF2A2MZUGVI6PA,,3000,failed,"<html>
<head><title>429 Too Many Requests</title></head>
<body>
<center><h1>429 Too Many Requests</h1></center>
<hr><center>openresty</center>
</body>
</html>
"
JRVZPVPNU2OLDPA53WAXOYB6OA5N6DSZ5EPG2QM3EADCQ5PKYBFQ,,3000,failed,"<html>
<head><title>429 Too Many Requests</title></head>
<body>
<center><h1>429 Too Many Requests</h1></center>
<hr><center>openresty</center>
</body>
</html>
"
MSRNXHBGOYGCMOCJ2IN47XSRGIBB5D6URRW3XZDJYUYGWJ6ECO6Q,,3000,failed,"{""data"":{""app-index"":3548200231,""eval-states"":[{},{""stack"":[0]}],""group-index"":1,""pc"":126},""message"":""TransactionPool.Remember: transaction I66OZG6OUAKX2FLMFN7KRB5BG2HNKIHQOVIEIKKJR24BYYPSGE3A: logic eval error: assert failed pc=126. Details: app=3548200231, pc=126, opcodes=app_global_get; \u003e; assert""}
"
XGUCEXUEUN43CFGE6WIOEEMX3YSSNI32DVKGF47SQU7RQW5XSKRA,,3000,failed,"{""data"":{""app-index"":3548200231,""eval-states"":[{},{""stack"":[0]}],""group-index"":1,""pc"":126},""message"":""TransactionPool.Remember: transaction TRFBHGPVERTL2HVUDIPLMEA3OW5A5PHFSM26GOQUHXBPR6BVQJPA: logic eval error: assert failed pc=126. Details: app=3548200231, pc=126, opcodes=app_global_get; \u003e; assert""}
"
PSYGXK22XQI2ZIYL4MXOK3273JN53OFFILBVI6TY6E7I7YBPDEDQ,5.773452281951904,2000,success,
3E35BUZJVQSXCRXQYJ4NA3ERG5NHCOCDRBZHCTXQALEBWQP2GHUA,,3000,failed,"<html>
<head><title>429 Too Many Requests</title></head>
<body>
<center><h1>429 Too Many Requests</h1></center>
<hr><center>openresty</center>
</body>
</html>
"
LDHI6QTOJYP4WLTSOEDUS4V2FUXXP3W6RDPIEA47ZVDCAWCCVNIQ,,3000,failed,"<html>
<head><title>429 Too Many Requests</title></head>
<body>
<center><h1>429 Too Many Requests</h1></center>
<hr><center>openresty</center>
</body>
</html>
"
W6C6EMAUYNWT5FNMEUCQPGURTEYUB4M6TJJNZIJRL67TDINUX75A,,3000,failed,"{""data"":{""app-index"":3548200231,""eval-states"":[{},{""stack"":[0]}],""group-index"":1,""pc"":126},""message"":""TransactionPool.Remember: transaction VYNWAJRXC2G3JRJDIV7VRGI5QQTRHWQXP6GQEQPTGUDJLALHA6QA: logic eval error: assert failed pc=126. Details: app=3548200231, pc=126, opcodes=app_global_get; \u003e; assert""}
"
HH2RVZRJV7WA27LKP3NFIXTVE2EPAOLA5V4NMAAEUTRWN5E3OAUA,,3000,failed,"{""data"":{""app-index"":3548200231,""eval-states"":[{},{""stack"":[0]}],""group-index"":1,""pc"":126},""message"":""TransactionPool.Remember: transaction EVOUDKEDTUJAZHFRMT4TWC7J72RH7JYAGK4VVCQ7J6HROFSSSNVQ: logic eval error: assert failed pc=126. Details: app=3548200231, pc=126, opcodes=app_global_get; \u003e; assert""}
"
QNM6DRHI6F6HGS3CHXJCT2IT6D7WNT5XSNGOGXQKAEVQC5LN6RHA,5.554651260375977,2000,success,
RJ25NSDJBVHCK7UFVL5J636HIGLYZAOK3OZAKA7T6RYNCHMA223Q,,3000,failed,"{""data"":{""app-index"":3548200231,""eval-states"":[{},{""stack"":[0]}],""group-index"":1,""pc"":126},""message"":""TransactionPool.Remember: transaction UNMJZVLQGN2CNNU3MP3ATLJPV3SH736IH76KKJ2IBDWLDEW7G3HA: logic eval error: assert failed pc=126. Details: app=3548200231, pc=126, opcodes=app_global_get; \u003e; assert""}
"
56VO5SNVJG56FC64W467X6MB3KXY2776L5LTD45UCCPMUJTLUKUQ,,3000,failed,"{""data"":{""app-index"":3548200231,""eval-states"":[{},{""stack"":[0]}],""group-index"":1,""pc"":126},""message"":""TransactionPool.Remember: transaction ATJ2F4HKZCKVD7LTN34YV3APILLCK24P3FU2FIIJOLPKNA2LY2SA: logic eval error: assert failed pc=126. Details: app=3548200231, pc=126, opcodes=app_global_get; \u003e; assert""}
"
XIZIZEAUPIOUDMGR33O5CPNKH2LRVGVIKZZO33WJGWSKKUJPIQ5A,,3000,failed,"{""data"":{""app-index"":3548200231,""eval-states"":[{},{""stack"":[0]}],""group-index"":1,""pc"":126},""message"":""TransactionPool.Remember: transaction CEIKXPK5QBZUKC2F5U3QBYSB4DNKQYL3DD7DT35VTVRBCC37QZYA: logic eval error: assert failed pc=126. Details: app=3548200231, pc=126, opcodes=app_global_get; \u003e; assert""}
"
CV55JWBPXCREYEECJNV53B2F7JOQF35LAYVFSMU6TGRDRQO32DNA,,3000,failed,"{""data"":{""app-index"":3548200231,""eval-states"":[{},{""stack"":[0]}],""group-index"":1,""pc"":126},""message"":""TransactionPool.Remember: transaction EMLUHFK253DBU4QDF3KOQZT7EYVRDBI7N3N2CL34AVVVSJXXD5OA: logic eval error: assert failed pc=126. Details: app=3548200231, pc=126, opcodes=app_global_get; \u003e; assert""}
"
73NGM7INWI7IYRYTOHHPOXE62UBC6L6QRMY5XIQVAB76PBSGKOWA,7.93330192565918,2000,success,
ZNWYWXRCEBJR6SBRR2CUH47HQJFUTYZAEOIX3ALIVIP2SRI65OQQ,7.046128749847412,2000,success,
X453KJR6R3RQQXHAAEHXMSAPC6B5CHARSIIF5CTTIKA5BIFQCIOQ,8.672414541244507,2000,success,
U26XLZ63IGLMVFFT6BB3N54DWMPXVL34ERYPNGGLGJFP6M7MGXOQ,,3000,failed,"{""data"":{""app-index"":3548200231,""eval-states"":[{},{""stack"":[0]}],""group-index"":1,""pc"":126},""message"":""TransactionPool.Remember: transaction QBIFALTCPWYZHKPTC4QM4EBTQHBTUN7C7LAYGJZPWPZ3VVLRJMIQ: logic eval error: assert failed pc=126. Details: app=3548200231, pc=126, opcodes=app_global_get; \u003e; assert""}
"
5PVJLSEAO3F44RGWWTERNSBEV4WAPCNYD3ZORGIVXVLFELYZ7EIQ,4.501163482666016,2000,success,
W5H43Y35HH6PJIH6CNAH53SBOIM55USOHWJYTLIBRLABCUMWJ57Q,,3000,failed,"<html>
<head><title>429 Too Many Requests</title></head>
<body>
<center><h1>429 Too Many Requests</h1></center>
<hr><center>openresty</center>
</body>
</html>
"
7ZF2OZZX7QND3JVA6NNGIG4U2I6TPHVASI5SIPQAOBL5ATZ6S4BQ,5.108760595321655,2000,success,
F54PRTFKMTBAJ4OPEQGPM5BSUJVNJB2KLHNZZVFHJY25OMRUCQNA,5.854405403137207,2000,success,
RGKV6UFLXVBEI7E3VNSSML7QR2LWEKS7QIHBJMC5G7TTKYTKTE7A,7.164541721343994,2000,success,
VT4Z3JCU4FN2VM7TS3REBVH7D44VQNUC6LS5TRTVMZBVENUC7C5Q,,3000,failed,"{""data"":{""app-index"":3548200231,""eval-states"":[{},{""stack"":[0]}],""group-index"":1,""pc"":126},""message"":""TransactionPool.Remember: transaction MGVZRAURFZY4YNUX3LGWYXOM57QP5TDVCSHSJ2XROFPYCKFNZ7ZQ: logic eval error: assert failed pc=126. Details: app=3548200231, pc=126, opcodes=app_global_get; \u003e; assert""}
"
Z4UV4K2QEAHPEMA53CLJ7XJLZQ5I26FHVD4ELKYKTPLTFYRP4C2Q,,3000,failed,"{""data"":{""app-index"":3548200231,""eval-states"":[{},{""stack"":[0]}],""group-index"":1,""pc"":126},""message"":""TransactionPool.Remember: transaction TVDJI5QGYCAYO5BJP535BHSQOIKS4OCE4C7B2UHG3DHAN2FSW7KA: logic eval error: assert failed pc=126. Details: app=3548200231, pc=126, opcodes=app_global_get; \u003e; assert""}
"
D2U2P5HUORRW4X5GELPOZEFW354O4JII2SLBAE6ZP5BFMCIWNZZA,,3000,failed,"{""data"":{""app-index"":3548200231,""eval-states"":[{},{""stack"":[0]}],""group-index"":1,""pc"":126},""message"":""TransactionPool.Remember: transaction OBHNCTV75KPALBPFAV7S4V2B65GTLVYKAQAT4XTPHDYPIASUHD2A: logic eval error: assert failed pc=126. Details: app=3548200231, pc=126, opcodes=app_global_get; \u003e; assert""}
"
KKJIBQDULENGARK6N5NBLPWK6DK4RLUQNSBH7WO6RE4FOMGJDUSQ,,3000,failed,"<html>
<head><title>429 Too Many Requests</title></head>
<body>
<center><h1>429 Too Many Requests</h1></center>
<hr><center>openresty</center>
</body>
</html>
"
B5NBZAUFZFOYI3ROYTBUFXQNCM7MIO6YP5KBWRLYSHAAPLUVMUCA,,3000,failed,"<html>
<head><title>429 Too Many Requests</title></head>
<body>
<center><h1>429 Too Many Requests</h1></center>
<hr><center>openresty</center>
</body>
</html>
"
XCOD7UEQPYFOEBVZTVY5RR2OPT7BGX62COMXOH7L4KDG46DBZL2Q,,3000,failed,"<html>
<head><title>429 Too Many Requests</title></head>
<body>
<center><h1>429 Too Many Requests</h1></center>
<hr><center>openresty</center>
</body>
</html>
"
EVEDS4GNRXYWD5BENHNX73HDGNPQGFW6O4DJ3G2Y5LJN74KEPCPA,,3000,failed,"<html>
<head><title>429 Too Many Requests</title></head>
<body>
<center><h1>429 Too Many Requests</h1></center>
<hr><center>openresty</center>
</body>
</html>
"
UBP2SQMH5WL3YMZW7355YEP2BXJ4VGC2PPYVW5GSNH74QOU43RJQ,5.024321556091309,2000,success,
FDO2M3LPBG52I2GP526ASA2GFG63A2RY7XHOPS6VSGSTA32R7KWQ,,3000,failed,"{""data"":{""app-index"":3548200231,""eval-states"":[{},{""stack"":[0]}],""group-index"":1,""pc"":126},""message"":""TransactionPool.Remember: transaction A7PWLNOSKBHXG2L2P45ZFYRMFN55WJWQTBXVUAYVC2ERYPJR7PXQ: logic eval error: assert failed pc=126. Details: app=3548200231, pc=126, opcodes=app_global_get; \u003e; assert""}
"
5TAATBHDD6RNV2VG4R24AK7BDBE4SDISALVYHFGVYGMZBYAXP3MA,6.14028525352478,2000,success,
KVTU7MZUSKM7HHU74NVT3EGLJHDUOUQFSHBPEYXFKWHRJJY2FVEQ,,3000,failed,"<html>
<head><title>429 Too Many Requests</title></head>
<body>
<center><h1>429 Too Many Requests</h1></center>
<hr><center>openresty</center>
</body>
</html>
"
ZHAOR2BIDZPKBKK7R5HMK7EVKPMBPB73FUUDYT26QRODPUVCMF3A,4.65311336517334,2000,success,
FJV3KD7QTZNKRG75S52PVXVCTGBK7P7CR7URAZBIMHHSGG6NDUYA,9.28382420539856,2000,success,
56YE7AYG4ZZIEWDRKF44ZZFAJONDZVXUTRI55XCGFJWO77BLO2HA,,3000,failed,"<html>
<head><title>429 Too Many Requests</title></head>
<body>
<center><h1>429 Too Many Requests</h1></center>
<hr><center>openresty</center>
</body>
</html>
"
3WAPGDFCKOP6WYNIIEBL6JOBQFO7YWGOJNPOF6G5BLTT3LRBH27A,5.995959997177124,2000,success,
HFWFZVQPT4IXRGNTCGYFZDR4RCMBYHZCJB4LR62T47XHARO2RBVA,4.759915113449097,2000,success,
OFKVGXZNYC3X7JQKHLGWZA7LQ37FO4X2K2QXVFXZNUSFD23ESAEA,,3000,failed,"{""data"":{""app-index"":3548200231,""eval-states"":[{},{""stack"":[0]}],""group-index"":1,""pc"":126},""message"":""TransactionPool.Remember: transaction NSMXG4DOIHYBLCEEW4LLW2LTPVRKMDVVNQNCNVOHZYGHRRLZORIQ: logic eval error: assert failed pc=126. Details: app=3548200231, pc=126, opcodes=app_global_get; \u003e; assert""}
"
6CBLBKXAVUIL5BAMEDY4PZ42A6UXUISBA2SYFB2OMXYXLQB7JGSA,,3000,failed,"{""data"":{""app-index"":3548200231,""eval-states"":[{},{""stack"":[0]}],""group-index"":1,""pc"":126},""message"":""TransactionPool.Remember: transaction KWGXUTAXAPQOL5ORD5VYK33XFNKCE2IFT3XVIUC4YPEFI4YT7IEQ: logic eval error: assert failed pc=126. Details: app=3548200231, pc=126, opcodes=app_global_get; \u003e; assert""}
"
KQHMV5XHBOB4YWEPM2RNC7TBIBIAK6VMFDP43VB2B5DVVO5HZUIQ,,3000,failed,"{""data"":{""app-index"":3548200231,""eval-states"":[{},{""stack"":[0]}],""group-index"":1,""pc"":126},""message"":""TransactionPool.Remember: transaction QUN2NFSP444EDDNNUCFKQZ37CBLIZPJG7V6DA5CK66KQLAQQLJJQ: logic eval error: assert failed pc=126. Details: app=3548200231, pc=126, opcodes=app_global_get; \u003e; assert""}
"
WB6FCJGQSXD2LKDFH7UHFI67EHFSLYZ4OFFYKMMYTNTVIDGRO4NA,8.265812397003174,2000,success,
5S5OJZDYA53RMKTXE2CI5YQA3NJ3XEJXEZFZNS7NPQGHYWADY7UQ,,3000,failed,"<html>
<head><title>429 Too Many Requests</title></head>
<body>
<center><h1>429 Too Many Requests</h1></center>
<hr><center>openresty</center>
</body>
</html>
"
ZBKY4PNXBVZUGGWQ5C7HUDVBHI6DAZAJVW4ODR2L4FQKIWIQJ2BA,4.968612909317017,2000,success,
4DSCTGWYQN32F5BEB6JFE5QZ5JK2I5DHFUEGHVZIWHDHS4Z3SOZA,,3000,failed,"{""data"":{""app-index"":3548200231,""eval-states"":[{},{""stack"":[0]}],""group-index"":1,""pc"":126},""message"":""TransactionPool.Remember: transaction N647GEZ7X5WD34ULBVY5WZVDFTQG2O47EDLNOPE4ERGX52E54AKA: logic eval error: assert failed pc=126. Details: app=3548200231, pc=126, opcodes=app_global_get; \u003e; assert""}
"
PCPJHICOWACTXR57BZ6TOBSZ4FGQRWWR2PM4WUROVTT3KQVUL3TQ,,3000,failed,"<html>
<head><title>429 Too Many Requests</title></head>
<body>
<center><h1>429 Too Many Requests</h1></center>
<hr><center>openresty</center>
</body>
</html>
"
AYIE247KUEDI3LBBDPRZC5RTROJVCIS67BGRNGHE34XXGS3KBKJQ,,3000,failed,"{""data"":{""app-index"":3548200231,""eval-states"":[{},{""stack"":[0]}],""group-index"":1,""pc"":126},""message"":""TransactionPool.Remember: transaction Y4UFU6U722A26VCWWG5XW6C6LSYCGN2WP7SUU5VSLJSP6MCUQ5HQ: logic eval error: assert failed pc=126. Details: app=3548200231, pc=126, opcodes=app_global_get; \u003e; assert""}
"
Q52JDPGNBOSC3JUQPZE24GSCGEYV2S3AORFTE4FUXRYP7RZNYXVA,,3000,failed,"{""data"":{""app-index"":3548200231,""eval-states"":[{},{""stack"":[0]}],""group-index"":1,""pc"":126},""message"":""TransactionPool.Remember: transaction 5AVHCHF6HVFMKPJQUYZTQ7CVOFCCYSCFYKBY2HQUJ2ECYKP4JZTA: logic eval error: assert failed pc=126. Details: app=3548200231, pc=126, opcodes=app_global_get; \u003e; assert""}
"
UT6E5PEUVX3EX2M3WHY65RS2WZREQK4DMU4FNPJZG7HAQCEBTNIQ,,3000,failed,"<html>
<head><title>429 Too Many Requests</title></head>
<body>
<center><h1>429 Too Many Requests</h1></center>
<hr><center>openresty</center>
</body>
</html>
"
3BRZ77OLGPIMQCIIQ5HZDG3IN3EGP5DQFQ63YT6S75NXY5IS6NBQ,,3000,failed,"<html>
<head><title>429 Too Many Requests</title></head>
<body>
<center><h1>429 Too Many Requests</h1></center>
<hr><center>openresty</center>
</body>
</html>
"
EMJ5SMO44AXJ3RRAX3HF44WOR7MPHDKELO6ZC4VWOXY4D6CWQBSQ,,3000,failed,"<html>
<head><title>429 Too Many Requests</title></head>
<body>
<center><h1>429 Too Many Requests</h1></center>
<hr><center>openresty</center>
</body>
</html>
"
YIDGUC2XVI4G4IKSAG54J4TJ635SL4HGWULAKNB7GIIWFPSF2STQ,,3000,failed,"<html>
<head><title>429 Too Many Requests</title></head>
<body>
<center><h1>429 Too Many Requests</h1></center>
<hr><center>openresty</center>
</body>
</html>
"
AWLE55T7SKU7BVMMZRGDDURPBNWEDNYOG4ZQQYGYAON4MAQVTRKQ,6.053526163101196,2000,success,
KDPPIY5TPMXKFV357VYM7EULQP4KBIUEUJUYOF2Q6J5WYIY4U5ZA,,3000,failed,"<html>
<head><title>429 Too Many Requests</title></head>
<body>
<center><h1>429 Too Many Requests</h1></center>
<hr><center>openresty</center>
</body>
</html>
"
ZFIVNU43IKQBISNEU7H6Y4BRGIDV2ATUD5OWL7Y63P2OC4BBGZQA,,3000,failed,"<html>
<head><title>429 Too Many Requests</title></head>
<body>
<center><h1>429 Too Many Requests</h1></center>
<hr><center>openresty</center>
</body>
</html>
"
P4KJFEYFB35AK2E6ESU22EBPLFSIZ2XTGDO4B6DTDAG6EVOPTNLQ,,3000,failed,"<html>
<head><title>429 Too Many Requests</title></head>
<body>
<center><h1>429 Too Many Requests</h1></center>
<hr><center>openresty</center>
</body>
</html>
"
IAWGIXRB7RLETVCGABQPGKZFB2ABPLURLXFHKZWU6E7J2AZOOICA,,3000,failed,"<html>
<head><title>429 Too Many Requests</title></head>
<body>
<center><h1>429 Too Many Requests</h1></center>
<hr><center>openresty</center>
</body>
</html>
"
NAMBWKA3X7SKSO7GQFWPZC3T6IJU3TWPOQF5VUHV7PUAX2S4WHWQ,,3000,failed,"<html>
<head><title>429 Too Many Requests</title></head>
<body>
<center><h1>429 Too Many Requests</h1></center>
<hr><center>openresty</center>
</body>
</html>
"
4VI5Q7ZYPAO2NLPAEN4RAHZGXYUDP462MXEROQB5DOS2CZS3GBBQ,,3000,failed,"<html>
<head><title>429 Too Many Requests</title></head>
<body>
<center><h1>429 Too Many Requests</h1></center>
<hr><center>openresty</center>
</body>
</html>
"
JOS7RKWL3MMYOMTYWKEBMQ564LBOHLQ6XTY3BA5YDDDIM44BOP2A,,3000,failed,"<html>
<head><title>429 Too Many Requests</title></head>
<body>
<center><h1>429 Too Many Requests</h1></center>
<hr><center>openresty</center>
</body>
</html>
"
7AV2M75OXNJFCOY2H65RPX5OSGIOUH5GPOVNPHH3P4XHKFFIFE3Q,6.872596502304077,2000,success,
MTEOMHBTIVE7TLQRIGUEYNME2OHOG2MNZOB275R3FJ2NINRMS5YQ,,3000,failed,"{""data"":{""app-index"":3548200231,""eval-states"":[{},{""stack"":[0]}],""group-index"":1,""pc"":126},""message"":""TransactionPool.Remember: transaction 7H6LYQLN3CQFYY62K53NYFGP4AWGWJUUUQBY4PE4JX2MILTWOTUA: logic eval error: assert failed pc=126. Details: app=3548200231, pc=126, opcodes=app_global_get; \u003e; assert""}
"
J26BUSBI5BFID5JWEYMXGFTNPD45FT7ZGMU55UHSYASIZMKZT5AQ,6.998706579208374,2000,success,
ZRI5XF5RVT3SX6XBRQ4TOVUXLIZ4AJSDHNMRN47OPHEWQXK7TMZA,,3000,failed,"<html>
<head><title>429 Too Many Requests</title></head>
<body>
<center><h1>429 Too Many Requests</h1></center>
<hr><center>openresty</center>
</body>
</html>
"
YAQ6GNRQEOIVEXCNKKBTDF6SXD7Z32AXCAGKLIN44ZEA7E26XP3Q,,3000,failed,"{""data"":{""app-index"":3548200231,""eval-states"":[{},{""stack"":[0]}],""group-index"":1,""pc"":126},""message"":""TransactionPool.Remember: transaction DPT5RQDXM7CPTR7AI6S5NLMVO42MKZDI7X7VLO4NTYET2MSLX7UA: logic eval error: assert failed pc=126. Details: app=3548200231, pc=126, opcodes=app_global_get; \u003e; assert""}
"
PXXTGAEWRWIDWQOSITAEF7KNS6XMONZPSCWJRSZ6HN7K7NHEN3DA,,3000,failed,"<html>
<head><title>429 Too Many Requests</title></head>
<body>
<center><h1>429 Too Many Requests</h1></center>
<hr><center>openresty</center>
</body>
</html>
"
CYJNOOHAOYC24A24CZ4XYF6QGEPNW4U42F5NLQRLGTR63ZUJUFFA,,3000,failed,"<html>
<head><title>429 Too Many Requests</title></head>
<body>
<center><h1>429 Too Many Requests</h1></center>
<hr><center>openresty</center>
</body>
</html>
"
VYBEUEWSYO777NCPVJNOHB2KPFZ63HEPOR5KEKGL3SGYAASEIXJQ,,3000,failed,"{""data"":{""app-index"":3548200231,""eval-states"":[{},{""stack"":[0]}],""group-index"":1,""pc"":126},""message"":""TransactionPool.Remember: transaction TZDUD7VSNBQTELCRYDFRZOX3AYW4KIUJD3MF5UJQMMOTEU24XFJA: logic eval error: assert failed pc=126. Details: app=3548200231, pc=126, opcodes=app_global_get; \u003e; assert""}
"
J452UTXOJDOUZZFVF7ZP33OPZC65XJCJ66HNGPVWOKCYCDIPIBPA,,3000,failed,"<html>
<head><title>429 Too Many Requests</title></head>
<body>
<center><h1>429 Too Many Requests</h1></center>
<hr><center>openresty</center>
</body>
</html>
"
CN7HXUG4CA7VSBN3CBO7NY3Q4I2OVRQN3KFLGXSXFNYFTQIALCJQ,,3000,failed,"<html>
<head><title>429 Too Many Requests</title></head>
<body>
<center><h1>429 Too Many Requests</h1></center>
<hr><center>openresty</center>
</body>
</html>
"
25YZUKMDOLADUPOYOOC4B4EWGGXJBEC5YPSAYVJYP3KRC3ASCHJQ,,3000,failed,"{""data"":{""app-index"":3548200231,""eval-states"":[{},{""stack"":[0]}],""group-index"":1,""pc"":126},""message"":""TransactionPool.Remember: transaction WIEGOG655QCPCSND3RT5J6UGM7OXAQNVXZYCUO2EV6IBSH72XVWQ: logic eval error: assert failed pc=126. Details: app=3548200231, pc=126, opcodes=app_global_get; \u003e; assert""}
"
GW3HJKAJ44F75PBGSBJMOTZAPZIYUSWS72ZAWRPQTS3QA5YXLVWA,,3000,failed,"{""data"":{""app-index"":3548200231,""eval-states"":[{},{""stack"":[0]}],""group-index"":1,""pc"":126},""message"":""TransactionPool.Remember: transaction A6RAADTH7K4R4RJQGAFXYMSWDOOQ6LCL2F455G6JEP45PUQGPNKA: logic eval error: assert failed pc=126. Details: app=3548200231, pc=126, opcodes=app_global_get; \u003e; assert""}
"
XWCA6UG3UADBXJU47WYLFFIBFZNNHXOW3VGJFBABYI64GULE4BPQ,,3000,failed,"{""data"":{""app-index"":3548200231,""eval-states"":[{},{""stack"":[0]}],""group-index"":1,""pc"":126},""message"":""TransactionPool.Remember: transaction YPGYJOPWHRPSPG7ABWYCNL2JZ6SVZP4YEYHSUBATI6QCQPMF4KEA: logic eval error: assert failed pc=126. Details: app=3548200231, pc=126, opcodes=app_global_get; \u003e; assert""}
"
6SFQT5LRHOGQ2HPKTF5L3OVSJ3FZWKLVF3WZIF266YAIGIWCHSRA,,3000,failed,"<html>
<head><title>429 Too Many Requests</title></head>
<body>
<center><h1>429 Too Many Requests</h1></center>
<hr><center>openresty</center>
</body>
</html>
"
JOQERZ5GKAZ64WF5MHOHFW2D3GNFF2HXJ5UE4T3VRR2OTXWQKLEA,,3000,failed,"{""data"":{""app-index"":3548200231,""eval-states"":[{},{""stack"":[0]}],""group-index"":1,""pc"":126},""message"":""TransactionPool.Remember: transaction CX444DCVE3Y73F2THGMYAT5DCUCT2WY5FUCCDMPT5BY2SWT6AIFQ: logic eval error: assert failed pc=126. Details: app=3548200231, pc=126, opcodes=app_global_get; \u003e; assert""}
"
TLMTCSXAPOGVNICTZFAS4KL4X7VUIHWYA6A4AVLCUQJ3MNCVIOOQ,,3000,failed,"{""data"":{""app-index"":3548200231,""eval-states"":[{},{""stack"":[0]}],""group-index"":1,""pc"":126},""message"":""TransactionPool.Remember: transaction F7AV36K5LEGSXXGYZ42GPFSEZNISWSLL4EAZJ5OY3MBNRGVKLW5Q: logic eval error: assert failed pc=126. Details: app=3548200231, pc=126, opcodes=app_global_get; \u003e; assert""}
"
DSW2MCZQHUTU6KM5P5HY6GEXJJV4EJGHVEZC75M6C7UP764L2APA,6.900742053985596,2000,success,
PA67PZ2ONSMGXA3VTGCZEN2KGNIK57FO6AGXN3BTRMQV7ELPCRLQ,,3000,failed,"<html>
<head><title>429 Too Many Requests</title></head>
<body>
<center><h1>429 Too Many Requests</h1></center>
<hr><center>openresty</center>
</body>
</html>
"
LMP747YJ4J5OP573PMMKVDQF4GJN6MKRBXQ6W64RL6M4I6ED5CWQ,,3000,failed,"{""data"":{""app-index"":3548200231,""eval-states"":[{},{""stack"":[0]}],""group-index"":1,""pc"":126},""message"":""TransactionPool.Remember: transaction U4NDXR3BLR5LKXEKN5CZBUULGUKZQ2C6F7WC4DDT7G3KSNN2ZFTQ: logic eval error: assert failed pc=126. Details: app=3548200231, pc=126, opcodes=app_global_get; \u003e; assert""}
"
SRE5TCGBPCZEOAWYPDLRJPZA2AYHQ6ZCKX7VSOPFPQ44452NKTRA,7.257581472396851,2000,success,
GCP6HKGMGB2ERGZRKHOHOXN3NVIEXN32CL73TLWUT3CWJV7ZBWVA,,3000,failed,"<html>
<head><title>429 Too Many Requests</title></head>
<body>
<center><h1>429 Too Many Requests</h1></center>
<hr><center>openresty</center>
</body>
</html>
"
QT4FOXYRXAJNJ3WPIBRSZNXI2YTD2UAFXIZMZ2Q4MYJGWWNMXC2Q,,3000,failed,"<html>
<head><title>429 Too Many Requests</title></head>
<body>
<center><h1>429 Too Many Requests</h1></center>
<hr><center>openresty</center>
</body>
</html>
"
XUA73IAGP36KZZPYVYLLOA2RVGDUTGQPTR6KQJPW7ZL6Y6JUUKTA,,3000,failed,"<html>
<head><title>429 Too Many Requests</title></head>
<body>
<center><h1>429 Too Many Requests</h1></center>
<hr><center>openresty</center>
</body>
</html>
"
2K67OWMZCLO54B7B6YW4UW7O3P2LTQWAT6OSQQXAQJEXOCFTELTQ,,3000,failed,"{""data"":{""app-index"":3548200231,""eval-states"":[{},{""stack"":[0]}],""group-index"":1,""pc"":126},""message"":""TransactionPool.Remember: transaction ITUWF74CHGPW5FBAVY4XDURSY7AKQOJJE23B3JDPS6A3H7R3QT7A: logic eval error: assert failed pc=126. Details: app=3548200231, pc=126, opcodes=app_global_get; \u003e; assert""}
"
VQTYMQUY3ZSZMLQZLNS4KIPTJRSF2VQKP43Y6TJGT6C6VN427JOQ,,3000,failed,"{""data"":{""app-index"":3548200231,""eval-states"":[{},{""stack"":[0]}],""group-index"":1,""pc"":126},""message"":""TransactionPool.Remember: transaction JGP77K5F5XQRWRA7IZXYWMLNBPAYOERJKIE7R672FRJRGSIV7CAQ: logic eval error: assert failed pc=126. Details: app=3548200231, pc=126, opcodes=app_global_get; \u003e; assert""}
"
X34UM4ZXLF5P7KVFRWOEPVZSCRAHYHB25PEO562T2GA5XKA46OXA,,3000,failed,"{""data"":{""app-index"":3548200231,""eval-states"":[{},{""stack"":[0]}],""group-index"":1,""pc"":126},""message"":""TransactionPool.Remember: transaction RFHUHJOU64DM3IDVXZXZD2H6BRPATZDO5645JCCKAYUBTZIHPZ3A: logic eval error: assert failed pc=126. Details: app=3548200231, pc=126, opcodes=app_global_get; \u003e; assert""}
"
EDRTG5TY2APBB7UNBWF22H6MPZOSYO6W2X2H4DHORB3Q4TXJMFNA,,3000,failed,"{""data"":{""app-index"":3548200231,""eval-states"":[{},{""stack"":[0]}],""group-index"":1,""pc"":126},""message"":""TransactionPool.Remember: transaction HQI5BPVB2CA4S6PYBG7ILT6Z5LJCGJV5X4JF7FHZLQEHZFMWITYA: logic eval error: assert failed pc=126. Details: app=3548200231, pc=126, opcodes=app_global_get; \u003e; assert""}
"
6HWHCDEGC7JKHQEW7TYHFQ5HILNBVGR73QVPC5KUTKE74JL5SKXQ,,3000,failed,"<html>
<head><title>429 Too Many Requests</title></head>
<body>
<center><h1>429 Too Many Requests</h1></center>
<hr><center>openresty</center>
</body>
</html>
"
S4MDQK3EU36R34SYDXLZYQ7YW5KXJQTHDKTDKDMIXXDXTF7YNL4Q,,3000,failed,"<html>
<head><title>429 Too Many Requests</title></head>
<body>
<center><h1>429 Too Many Requests</h1></center>
<hr><center>openresty</center>
</body>
</html>
"
TZIFVTZYHOMP3HIL6PKPMCJL2TFVRJPYWKU2IDPLGYTVCMVEJQKA,7.472628355026245,2000,success,
G2AKXSJ4NNAOUOKKG4J3LW4ALD2DV2FXTRY7TCI4BHOZEZC2EJMQ,,3000,failed,"{""data"":{""app-index"":3548200231,""eval-states"":[{},{""stack"":[0]}],""group-index"":1,""pc"":126},""message"":""TransactionPool.Remember: transaction 5H2Q7NHGGQB2GOX7CTLBYUSMN7XQYU4RXTYTVNXB5OR6QLZUYYRA: logic eval error: assert failed pc=126. Details: app=3548200231, pc=126, opcodes=app_global_get; \u003e; assert""}
"
7KFE3MU7W5XOH4L4RJFE6HSEAMB6WJGOGNOP5BQRLAFM2RY44D4Q,,3000,failed,"{""data"":{""app-index"":3548200231,""eval-states"":[{},{""stack"":[0]}],""group-index"":1,""pc"":126},""message"":""TransactionPool.Remember: transaction LRAT4QV5ZJNIAFTET2POEXRM6DKIN5MZVAXJSOBGC4Y2QNKIBYBQ: logic eval error: assert failed pc=126. Details: app=3548200231, pc=126, opcodes=app_global_get; \u003e; assert""}
"
5GF6UYJW264LN5YMW7WEKVYLVT2VNWLCSC5GGXHQRXKGBK63NCOA,,3000,failed,"<html>
<head><title>429 Too Many Requests</title></head>
<body>
<center><h1>429 Too Many Requests</h1></center>
<hr><center>openresty</center>
</body>
</html>
"
DBZ5OYZJXZILGSVZMP57SMO2YRV22PJ5DIPEXWAYE2G6XCQ5Z2PA,,3000,failed,"<html>
<head><title>429 Too Many Requests</title></head>
<body>
<center><h1>429 Too Many Requests</h1></center>
<hr><center>openresty</center>
</body>
</html>
"
TECQC2KXNUFQ3KTHGZVN6MNIP4I3YDCVMF6LZH3UFNBENMPEP4CQ,,3000,failed,"<html>
<head><title>429 Too Many Requests</title></head>
<body>
<center><h1>429 Too Many Requests</h1></center>
<hr><center>openresty</center>
</body>
</html>
"
XFGZP7AG6OFWZTUY3GRJOVZF5DKJPZWNAHWCIYZCVGDHI4BOLETQ,8.165395975112915,2000,success,
MZQGTE5AFARZA7TJDPZMPPWKWHA66QVW4NOKCI34S2DFGMSEAIJQ,,3000,failed,"{""data"":{""app-index"":3548200231,""eval-states"":[{},{""stack"":[0]}],""group-index"":1,""pc"":126},""message"":""TransactionPool.Remember: transaction X7BFACHEBZV4IB4LM6OYCK62RO4H3YHQLX2G2VEFT4HVPYBUTOIA: logic eval error: assert failed pc=126. Details: app=3548200231, pc=126, opcodes=app_global_get; \u003e; assert""}
"
UBLJ7HEANWHIY7YWRYAADQHO2SPE44ZBN7YQV4B46EQUQNPQBW6Q,10.428948402404785,2000,success,
X5NPIMPN2K2BM5I36DWOEMCX2VQKHKCFTNF3IUDGGFII67YPR2RQ,,3000,failed,"{""data"":{""app-index"":3548200231,""eval-states"":[{},{""stack"":[0]}],""group-index"":1,""pc"":126},""message"":""TransactionPool.Remember: transaction L7AHKIAYKC5ITBBJHA72L6P6MAEE6MBI63FUTIKBNXIE57SYJZSQ: logic eval error: assert failed pc=126. Details: app=3548200231, pc=126, opcodes=app_global_get; \u003e; assert""}
"
FHPJOCDSXVBONTWPYGRQHKTG7FUICKDMISDDPT4CG2A23NL5Y5IQ,,3000,failed,"<html>
<head><title>429 Too Many Requests</title></head>
<body>
<center><h1>429 Too Many Requests</h1></center>
<hr><center>openresty</center>
</body>
</html>
"
BITAGJE7CJTC6BERKRVC2LMQJZUDPY6ZIY5NF4IASCJHL3TB25VA,,3000,failed,"<html>
<head><title>429 Too Many Requests</title></head>
<body>
<center><h1>429 Too Many Requests</h1></center>
<hr><center>openresty</center>
</body>
</html>
"
MU3L3TNOSOQBEOTFVLV3E2ZMGYXP5CEPPOOOVKCEJ5HMUNEW44HQ,,3000,failed,"{""data"":{""app-index"":3548200231,""eval-states"":[{},{""stack"":[0]}],""group-index"":1,""pc"":126},""message"":""TransactionPool.Remember: transaction ZYCISGSW34ZEAGHX6OF2AYUWP2O4ON4QZFHD3PN67Q4QXJJE27AA: logic eval error: assert failed pc=126. Details: app=3548200231, pc=126, opcodes=app_global_get; \u003e; assert""}
"
GN66YI2J5CRQD7NVR4DC7DBK7ZX44GAC5Q44IHCGU5IV7QCWOO6A,,3000,failed,"<html>
<head><title>429 Too Many Requests</title></head>
<body>
<center><h1>429 Too Many Requests</h1></center>
<hr><center>openresty</center>
</body>
</html>
"
GIIYHJXJVIVDFU24HB7I3CXRDYDNZLMEILCVFJ2VJBWVLEGZYDYA,,3000,failed,"{""data"":{""app-index"":3548200231,""eval-states"":[{},{""stack"":[0]}],""group-index"":1,""pc"":126},""message"":""TransactionPool.Remember: transaction PEXS4SFL2G7E2HYA5B7YAPUSCUGNNLHQF4PBHTRLCE4WICONANKQ: logic eval error: assert failed pc=126. Details: app=3548200231, pc=126, opcodes=app_global_get; \u003e; assert""}
"
6TEULEDPHHBNUXALKWEJVPVGEI6P7WEWJSDTC25HYSEL6M5E3NFA,6.038782835006714,2000,success,
ZZIO6EGVVVZBRPLE7VRTNS274ANGE7MJ2UJJ4YYZ5WGBBCVDFCEA,,3000,failed,"<html>
<head><title>429 Too Many Requests</title></head>
<body>
<center><h1>429 Too Many Requests</h1></center>
<hr><center>openresty</center>
</body>
</html>
"
HWHXESAFYNGJMYTGWDIM6D3GQU3AZFMEW55BNWYWIVKLDLATEZXA,,3000,failed,"{""data"":{""app-index"":3548200231,""eval-states"":[{},{""stack"":[0]}],""group-index"":1,""pc"":126},""message"":""TransactionPool.Remember: transaction QCZYRQMLMF2U6WMANBYWTTLZXJKNLKT45KTWXWXJD7ZHNCL364FA: logic eval error: assert failed pc=126. Details: app=3548200231, pc=126, opcodes=app_global_get; \u003e; assert""}
"
PWKWONFVI66YVRIHEJNFPLMUTU253S4TQHO2HNXTMLTVTCDMC35Q,6.380831956863403,2000,success,
C26HDNDRP4N2TFUZKXTZ7LXN3DXPH4X6CWQQZ3UDJKTSAQVMXVMA,,3000,failed,"<html>
<head><title>429 Too Many Requests</title></head>
<body>
<center><h1>429 Too Many Requests</h1></center>
<hr><center>openresty</center>
</body>
</html>
"
PZTYH466XKCWFD36KNHNMBR7O6JSWR43WFNXXHOGV4MMGJ3HUNIA,,3000,failed,"<html>
<head><title>429 Too Many Requests</title></head>
<body>
<center><h1>429 Too Many Requests</h1></center>
<hr><center>openresty</center>
</body>
</html>
"
ZVHEPGC574VZDSILY65X67NCTMECAPMJZKBAM2S34WJBHTXPNCXQ,,3000,failed,"<html>
<head><title>429 Too Many Requests</title></head>
<body>
<center><h1>429 Too Many Requests</h1></center>
<hr><center>openresty</center>
</body>
</html>
"
GUPLZEAL552RIIUBDWMCJDXV4FSJWPO4YPMFU4OTV47MIU7SZ6HQ,5.669408798217773,2000,success,
SI55JLHWYI2PY7UXGFUSEOU5AU2WULEQRJOLAC3DFIACI7XQJAWQ,,3000,failed,"<html>
<head><title>429 Too Many Requests</title></head>
<body>
<center><h1>429 Too Many Requests</h1></center>
<hr><center>openresty</center>
</body>
</html>
"
LNQFEG2GI4GVH7HLLREHF75JXCJOGPQBJ2RYEIYDTSRQQA63O6SQ,5.319728136062622,2000,success,
GP3N5AHAMBVLTJZC4PVNDU2AR6XFYOBXBAHZXG7XJSMGNLWMKEQA,,3000,failed,"{""data"":{""app-index"":3548200231,""eval-states"":[{},{""stack"":[0]}],""group-index"":1,""pc"":126},""message"":""TransactionPool.Remember: transaction MNALTO2MQHNNIRP2WYLHA3YV53ATNOT7PZNEE55IGHHJWASORT7A: logic eval error: assert failed pc=126. Details: app=3548200231, pc=126, opcodes=app_global_get; \u003e; assert""}
"
LTQIB2KXJHMSN2BHZEVYONWFN5MWM7J5I4BSF2B7HOQAIJDVC34Q,,3000,failed,"{""data"":{""app-index"":3548200231,""eval-states"":[{},{""stack"":[0]}],""group-index"":1,""pc"":126},""message"":""TransactionPool.Remember: transaction BYHWIWVHUZWL75RODLW4CGNPWCH4642F6Y4576AOQHJVGX35TBWQ: logic eval error: assert failed pc=126. Details: app=3548200231, pc=126, opcodes=app_global_get; \u003e; assert""}
"
P6XOTBEXZSMBFX3CX7US4JIWTQBXTASDECIABUG7VUFMDDYI2FWA,4.898873329162598,2000,success,
SJ4TVMDGYA6NJNAYLCA37BOLUHQIKMJCPM74Z2BSQILF4SFYAI5Q,6.96372127532959,2000,success,
EJMISIBZ5X2G4VVNOA6UMXEHAZAAZO2JSTIDTG4D6LNFOS6GPVIQ,5.021812200546265,2000,success,
56ODH4SSWPT6TUAANYYWID3JRQZ4OG3SA4IQLXHU747UBAA6HAYA,,3000,failed,"{""data"":{""app-index"":3548200231,""eval-states"":[{},{""stack"":[0]}],""group-index"":1,""pc"":126},""message"":""TransactionPool.Remember: transaction H5S22CFY36DHCGRF36RBUCW76GIFBPHJYRJH6QZPWIKYL464HFXQ: logic eval error: assert failed pc=126. Details: app=3548200231, pc=126, opcodes=app_global_get; \u003e; assert""}
"
QOIPIVZ2P4XGT6YUQALNVTBY67QGKBJ336PPMJDS5X4VF37NGCHA,6.536183595657349,2000,success,
L2YNUEDL3RNN7ECKEMHZUCPGNTISSI4G5WKWQUP5AXHOP2ZTZUXA,,3000,failed,"{""data"":{""app-index"":3548200231,""eval-states"":[{},{""stack"":[0]}],""group-index"":1,""pc"":126},""message"":""TransactionPool.Remember: transaction S2BSABB5OM54SZO5GPJR2U65GRTVMWJUNHCVCF7RNLAGGTZBJTYQ: logic eval error: assert failed pc=126. Details: app=3548200231, pc=126, opcodes=app_global_get; \u003e; assert""}
"
LSJRNDWLJTT3XZ6X6PPRZY5UHFOLK3JQAQAHUTNF5V46WEZJFM3A,,3000,failed,"<html>
<head><title>429 Too Many Requests</title></head>
<body>
<center><h1>429 Too Many Requests</h1></center>
<hr><center>openresty</center>
</body>
</html>
"
NDJ3MY5OU2J3X2N7ZDA74JZAEAFIWENQJVESWWIJ2CGWZO2OKPRA,,3000,failed,"{""data"":{""app-index"":3548200231,""eval-states"":[{},{""stack"":[0]}],""group-index"":1,""pc"":126},""message"":""TransactionPool.Remember: transaction AN77LOLEXYVCRIYJRVEOQ4JHKB6VBJR26DSZAXI7XLC4JMHUT4OQ: logic eval error: assert failed pc=126. Details: app=3548200231, pc=126, opcodes=app_global_get; \u003e; assert""}
"
JF53KSS6OGLP6ZUQXLSKSC4VAUVOHUACJMRERYTVNCB5HX5LNMTA,6.634023904800415,2000,success,
ZTCUMI7QC7GCVCVRVHYMDBHJ63YVTGLKXDXPHECPFOFG4J6ZS4OQ,5.106082201004028,2000,success,
2ZQL2INAJBXPNHOILUYZGV2XADWMUK7DHN62XRFG56EGRKAOES4Q,3.9388294219970703,2000,success,
2HI5HIL7QBIFAP26MND5XG74GAL7GTF63ZHYD43POQ63TSTPF4PQ,,3000,failed,"{""data"":{""app-index"":3548200231,""eval-states"":[{},{""stack"":[0]}],""group-index"":1,""pc"":126},""message"":""TransactionPool.Remember: transaction SZQ5ODQ443XXT7YBRAJJTDFU4L3OWG5OBGQ2JN33QZI2BFEFF43Q: logic eval error: assert failed pc=126. Details: app=3548200231, pc=126, opcodes=app_global_get; \u003e; assert""}
"
U6G7VQOLGF62XAJX56UMEKSOCGXWZYQHCQX3LFNYYTHB3BX3M7MQ,,3000,failed,"<html>
<head><title>429 Too Many Requests</title></head>
<body>
<center><h1>429 Too Many Requests</h1></center>
<hr><center>openresty</center>
</body>
</html>
"
XZTXKJE2PFWF7TSC4D6GTLSJVPZSTPMT2PTTEEMW4L5E3DCGTWQQ,,3000,failed,"{""data"":{""app-index"":3548200231,""eval-states"":[{},{""stack"":[0]}],""group-index"":1,""pc"":126},""message"":""TransactionPool.Remember: transaction 4ANPWT5MY3B3EYKXJD2VGX2CSPK7MGT6B34C2GRUTTZLPAZLOCIA: logic eval error: assert failed pc=126. Details: app=3548200231, pc=126, opcodes=app_global_get; \u003e; assert""}
"
HI43CRGWERZ6K5WEQ2Y37P2FSKLDU456QR6TTJABFFMHCSBVYSNQ,,3000,failed,"<html>
<head><title>429 Too Many Requests</title></head>
<body>
<center><h1>429 Too Many Requests</h1></center>
<hr><center>openresty</center>
</body>
</html>
"
LFQ3GDEZ45QJR6GG2MXYDRM6QBWYIZ4XIDJSEMZBZ6HNMAJB4S4A,,3000,failed,"{""data"":{""app-index"":3548200231,""eval-states"":[{},{""stack"":[0]}],""group-index"":1,""pc"":126},""message"":""TransactionPool.Remember: transaction FB6R67SIABY63PX6IXQWY5KA67H5WXGOURWZ7SSABFEWVJELRH4Q: logic eval error: assert failed pc=126. Details: app=3548200231, pc=126, opcodes=app_global_get; \u003e; assert""}
"
LLD677AL2567ERUC2JUYCIU5OT2SNQNRS4TMPFTXYW45K64WFRCQ,,3000,failed,"<html>
<head><title>429 Too Many Requests</title></head>
<body>
<center><h1>429 Too Many Requests</h1></center>
<hr><center>openresty</center>
</body>
</html>
"
YJ5RN7QGJZFCSXPL5WNOSJSD5GJSVLWECY7QNLXCUUZYS45RL7AQ,,3000,failed,"<html>
<head><title>429 Too Many Requests</title></head>
<body>
<center><h1>429 Too Many Requests</h1></center>
<hr><center>openresty</center>
</body>
</html>
"
7ESB757JH2POOB6R7SVVVIGTXI4TOSDQZV5IBXRFIO7ROTOGDMNA,,3000,failed,"<html>
<head><title>429 Too Many Requests</title></head>
<body>
<center><h1>429 Too Many Requests</h1></center>
<hr><center>openresty</center>
</body>
</html>
"
YM3WPKGJZ4OEPHLPRFCEN2XZ5BHHMPDUFRYGBFP2V2MZ5FW5YZAQ,,3000,failed,"<html>
<head><title>429 Too Many Requests</title></head>
<body>
<center><h1>429 Too Many Requests</h1></center>
<hr><center>openresty</center>
</body>
</html>
"
73S4FMBLR4ZAMSRVK5WYCZLKE63LNRYD3XVHV7ZJMCTFWV3PGUEA,,3000,failed,"<html>
<head><title>429 Too Many Requests</title></head>
<body>
<center><h1>429 Too Many Requests</h1></center>
<hr><center>openresty</center>
</body>
</html>
"
7U2IISPYNLFK43EUKO3TUQ3M77B7O53QJEK2RQHECEZU5FB3H5UA,5.968467712402344,2000,success,
J7UE3VREE7OAOAB3XEDM5RDXH2XEGZP6IEKUC3NDNCB3M5AINYTA,,3000,failed,"<html>
<head><title>429 Too Many Requests</title></head>
<body>
<center><h1>429 Too Many Requests</h1></center>
<hr><center>openresty</center>
</body>
</html>
"
JIILIZVXMDA4XWLFGNYCQPXQF6YIJJNEDHCWK2S7VPF42UYW3IRQ,5.196715354919434,2000,success,
Z252F7PBZY4FL5C6LCNWNUOEUVKMPTKMF2D7KXEMH4N6ST54T6NA,8.092560768127441,2000,success,
YXRZD46K27J7KKZDPUK22SE6FP3EL5QGNCLE67QOXTRIXKYZ4FFQ,,3000,failed,"{""data"":{""app-index"":3548200231,""eval-states"":[{},{""stack"":[0]}],""group-index"":1,""pc"":126},""message"":""TransactionPool.Remember: transaction ZW6GYJHT5BS4NRONU33SOPYVCOOEASXHYDVJZUA7HRDVOJ3E3ECQ: logic eval error: assert failed pc=126. Details: app=3548200231, pc=126, opcodes=app_global_get; \u003e; assert""}
"
SHCNA26LY6USQGCXS7ZESQVAQEGO3AYSEXLYRPZ2QA3NQE5BYDVA,,3000,failed,"<html>
<head><title>429 Too Many Requests</title></head>
<body>
<center><h1>429 Too Many Requests</h1></center>
<hr><center>openresty</center>
</body>
</html>
"
ZJLWNVNV5CUJFEQJQZSCQSM5H2FZUIQHZH2YDPN3UOYIBT7EAPKQ,5.6618006229400635,2000,success,
2QO6BF7OXFYNPKHPYKPQGMT2RDUCA2QA2XT3VYKJ5TK3PMPALE4Q,,3000,failed,"{""data"":{""app-index"":3548200231,""eval-states"":[{},{""stack"":[0]}],""group-index"":1,""pc"":126},""message"":""TransactionPool.Remember: transaction ZIAOVDCIEP264QXRTMNQDJFTS6VE5VQ64GV5L7UEMBXIGAUTOE7Q: logic eval error: assert failed pc=126. Details: app=3548200231, pc=126, opcodes=app_global_get; \u003e; assert""}
"
EQTDO6L35AIFSD5UYIHZBQL5PFAYTOS27VNRY6YYWZT3TMJMVTPQ,,3000,failed,"<html>
<head><title>429 Too Many Requests</title></head>
<body>
<center><h1>429 Too Many Requests</h1></center>
<hr><center>openresty</center>
</body>
</html>
"
2URO44LMNAYEIGD35IWAJLLIEM4UMY67QSZWFGDJ7HKEXTPVYZ4Q,,3000,failed,"<html>
<head><title>429 Too Many Requests</title></head>
<body>
<center><h1>429 Too Many Requests</h1></center>
<hr><center>openresty</center>
</body>
</html>
"
J5Y3FWIB3WV7Q6X7FSKWVD35CWFI6IWUBMTIDSNPH2SPHEOR7SYQ,,3000,failed,"<html>
<head><title>429 Too Many Requests</title></head>
<body>
<center><h1>429 Too Many Requests</h1></center>
<hr><center>openresty</center>
</body>
</html>
"
WY46SHIHNTMXZUZF5DLEXX5YHAMA3RDFBAHBDVPDPFNCFCGOFI3Q,7.459878921508789,2000,success,
77VWLAMCQZNWRWBCSUVTZLNGGSADW75AGBUKCIW573JHSIHGEW2A,,3000,failed,"{""data"":{""app-index"":3548200231,""eval-states"":[{},{""stack"":[0]}],""group-index"":1,""pc"":126},""message"":""TransactionPool.Remember: transaction TZH4A3IJOS2BKWOTEZHT3XGCIPM5TL377ZRTVRUSFZDR5Z65T5SQ: logic eval error: assert failed pc=126. Details: app=3548200231, pc=126, opcodes=app_global_get; \u003e; assert""}
"
E7T5B6SY7EJZ6SE2UGZ67APB3JMDI4ZFBJT7N2GF7FWE6ESZOE6A,,3000,failed,"<html>
<head><title>429 Too Many Requests</title></head>
<body>
<center><h1>429 Too Many Requests</h1></center>
<hr><center>openresty</center>
</body>
</html>
"
3P4SWMO7DCAKUUFR2H7MBLKDAGIPUUJGFXAQTAAELZZDYZ6EYYVA,6.768759489059448,2000,success,
ZUPDQWGXLOQZH6FOPJEYZRMXEEDUJV7ACTWHDL3COCPW6OETJGSA,,3000,failed,"{""data"":{""app-index"":3548200231,""eval-states"":[{},{""stack"":[0]}],""group-index"":1,""pc"":126},""message"":""TransactionPool.Remember: transaction YUXK3SEIUWVRB37OAHH6U25LINQYOLRUBGM2ZMVPX6WZF63EI5KA: logic eval error: assert failed pc=126. Details: app=3548200231, pc=126, opcodes=app_global_get; \u003e; assert""}
"
LIGR5LUYDUTFX55EK6T7CYLR76JRMY2TMUI2LWC4CRE5GFH6XQ6Q,,3000,failed,"{""data"":{""app-index"":3548200231,""eval-states"":[{},{""stack"":[0]}],""group-index"":1,""pc"":126},""message"":""TransactionPool.Remember: transaction NW6DJDZZUO377CZCFGQFLOVNXSWSW5A2CQ4ILD6QU4CVWBPKXSZQ: logic eval error: assert failed pc=126. Details: app=3548200231, pc=126, opcodes=app_global_get; \u003e; assert""}
"
3S2VI4NQDJD6L26Y6NXZW7HBV5PK4AN6U5M5M7WMLHC7BON2QQ4A,,3000,failed,"transaction CLWV42Q3WJU4NFWMSCSR4EX4RUFUDSQPVJROIJ4EQ5UE4KJGGT7Q: logic eval error: assert failed pc=126. Details: app=3548200231, pc=126, opcodes=app_global_get; >; assert"
E5BY5ADJROBCS4HXHYQBEOCT2TECVTVUK2Y4NABG2PM64W2VNQWA,,3000,failed,"{""data"":{""app-index"":3548200231,""eval-states"":[{},{""stack"":[0]}],""group-index"":1,""pc"":126},""message"":""TransactionPool.Remember: transaction 7QQYCRIJAR5ZYQHVBQR66Y3LRDV3NQTDG2FTN25EMAULIA2ITBGA: logic eval error: assert failed pc=126. Details: app=3548200231, pc=126, opcodes=app_global_get; \u003e; assert""}
"
DYL47FOXXJUJJRYJW3X5DJY6ILG5B7IZ5VH72LJDUPWIU2QTT7XQ,,3000,failed,"<html>
<head><title>429 Too Many Requests</title></head>
<body>
<center><h1>429 Too Many Requests</h1></center>
<hr><center>openresty</center>
</body>
</html>
"
AM3GR6TBD3AWO6H76MV45IX4JX5COVTND66J2YC2FF7NWGD4W4AQ,,3000,failed,"{""data"":{""app-index"":3548200231,""eval-states"":[{},{""stack"":[0]}],""group-index"":1,""pc"":126},""message"":""TransactionPool.Remember: transaction 6Z37AGDCMS22EGJMFM442IHJSSQFWC34QLVNFHQ6RWPUFXXHV3KQ: logic eval error: assert failed pc=126. Details: app=3548200231, pc=126, opcodes=app_global_get; \u003e; assert""}
"
TBMQLV5FZIIOAXSDNYHX5T45O5LEPVSWDJDQ6NT6J6RWXD5ECSUQ,6.804698944091797,2000,success,
EHDVDAFOHIYDPDQ4AUPNNMA7COW6K2YYNFZORF3GOKPJRI4MAZCQ,8.069276332855225,2000,success,
Y2M4BO5NPFZ7GXLQDUSBKSFP5RVHNLX74CTOM46IIMTNR67JTKUA,5.553096055984497,2000,success,
EPLFBMS7UOFGVDZSX3NW2XFQX5W4XKWB3W3Y2K3MDC33NGO6S2JA,,3000,failed,"<html>
<head><title>429 Too Many Requests</title></head>
<body>
<center><h1>429 Too Many Requests</h1></center>
<hr><center>openresty</center>
</body>
</html>
"
2MNABGF7SN72JGQEGIDU2SYBALGQGE5GPAZYT2X2AP37Y4QJPFNA,,3000,failed,"{""data"":{""app-index"":3548200231,""eval-states"":[{},{""stack"":[0]}],""group-index"":1,""pc"":126},""message"":""TransactionPool.Remember: transaction UVON4M4NWZASI7WXXUJ3W6WTWPRXQ2VKOTLA4OKI3SCN6KE2J5WQ: logic eval error: assert failed pc=126. Details: app=3548200231, pc=126, opcodes=app_global_get; \u003e; assert""}
"
EJUOZ4WH244G743NWU3JNTDGVA67NU375DUIWR3D4MUSZ7WZFCOA,9.615496635437012,2000,success,
T5OVUHPRDUP746AF32A6VAVU6UVPHGO7F5YNYWAF6LBD4VZE6YDQ,,3000,failed,"<html>
<head><title>429 Too Many Requests</title></head>
<body>
<center><h1>429 Too Many Requests</h1></center>
<hr><center>openresty</center>
</body>
</html>
"
KRORBOQQID4NUEIP6ARGMYBIYXH4W5ZKGQ5VEKOJFT5JDTAKAS6Q,6.567277908325195,2000,success,
A6VMF7G55L5W75Q7CS3RZ7J36RCIWJKN7OITGTMOBR5MYOAGAUWQ,,3000,failed,"<html>
<head><title>429 Too Many Requests</title></head>
<body>
<center><h1>429 Too Many Requests</h1></center>
<hr><center>openresty</center>
</body>
</html>
"
2PL6NIF5ZHULHE72ERPQ5AZFERNXOZ5XZJIXRUUKUHBIP7H65RPA,,3000,failed,"transaction TXX3EFM3NP6O6663OVBEPSXUHTSLFPXCXQDX6A5KFMRQCEBB52CQ: logic eval error: assert failed pc=126. Details: app=3548200231, pc=126, opcodes=app_global_get; >; assert"
7CIG7PBQCWWA4QFZPL4C4QVWEKTBOIVCEMQUFAXNFIQX6MLNJ2WQ,5.324450731277466,2000,success,
GOLJHMLVGD5IWBQWZNUQIRTLCIA2C2HLCSLB55B3AXM54PX4ODRQ,,3000,failed,"{""data"":{""app-index"":3548200231,""eval-states"":[{},{""stack"":[0]}],""group-index"":1,""pc"":126},""message"":""TransactionPool.Remember: transaction AQDRX5ZYE5L2XBZAOS546XXPKRJWBSZP6ICTGHI5PNFMCZZFP6CQ: logic eval error: assert failed pc=126. Details: app=3548200231, pc=126, opcodes=app_global_get; \u003e; assert""}
"
W2I4EPGXHVVEQL3OYJOHEMD3GBMX6ODSQ3U4M4FO6SDLUA7OTIXQ,,3000,failed,"{""data"":{""app-index"":3548200231,""eval-states"":[{},{""stack"":[0]}],""group-index"":1,""pc"":126},""message"":""TransactionPool.Remember: transaction APADNIQX7J6VMRU25X2NCLECVEHRAYZAJMPQH4ETTJT552RMEARQ: logic eval error: assert failed pc=126. Details: app=3548200231, pc=126, opcodes=app_global_get; \u003e; assert""}
"
DFRL6AMIH3SKW3VVAGWYGVOAT2ZWAMRHU3DFEK6SRIOJM7S4BUNQ,5.5267603397369385,2000,success,
4I7UJF4UQFHCMDQFVBXLG774B4MTLPSDU6XB77WLYYZJNVAZ55GQ,5.734060764312744,2000,success,
WOI5J4QPBUP4IK66WSY7OSUBN5OARTWTTE76T7HQWNNCN4IJVR4A,8.156824111938477,2000,success,
JZPDXQ6CW6QEIMGPO6GJACUEZT32TSBPVUQMYNZ4M6UM3JSKA4PA,,3000,failed,"<html>
<head><title>429 Too Many Requests</title></head>
<body>
<center><h1>429 Too Many Requests</h1></center>
<hr><center>openresty</center>
</body>
</html>
"
AABS7MWKOB2DKD33V7CDI32LVBVFRALBQDW53RQX5L4IU2BEAZPQ,,3000,failed,"{""data"":{""app-index"":3548200231,""eval-states"":[{},{""stack"":[0]}],""group-index"":1,""pc"":126},""message"":""TransactionPool.Remember: transaction FBIB2VSBEF2MDIEPK7ZIOIMR2HYIOW7MX3IUEZVETBPAY3CXMGWQ: logic eval error: assert failed pc=126. Details: app=3548200231, pc=126, opcodes=app_global_get; \u003e; assert""}
"
ZNEKEORG2S33ZVT3O6UFYD73BQ4LANMEWDBEXYVRVMESYVG3VVVA,,3000,failed,"<html>
<head><title>429 Too Many Requests</title></head>
<body>
<center><h1>429 Too Many Requests</h1></center>
<hr><center>openresty</center>
</body>
</html>
"
7ADP4DDISW3ZJ2BLI2WGZIG4SSWNJYK4XG3ELLHA7BHSZDS5MVRQ,,3000,failed,"<html>
<head><title>429 Too Many Requests</title></head>
<body>
<center><h1>429 Too Many Requests</h1></center>
<hr><center>openresty</center>
</body>
</html>
"
MSSOB4VHU2ZQOYPTLXE7WUM2II72WW2JEVZMLLCG2JWJVVNPJMDQ,8.062836170196533,2000,success,
NWCQEN5GVEJ75Z6UJC3BA3CR3GI757YCUI5XL6SFOVMO23ICNCBA,,3000,failed,"<html>
<head><title>429 Too Many Requests</title></head>
<body>
<center><h1>429 Too Many Requests</h1></center>
<hr><center>openresty</center>
</body>
</html>
"
MQU62BB3MB2KBMI2IG2XY4UW3XWMEU5TTN3BLP4RPX7DWKTUIFZQ,8.526663780212402,2000,success,
3EQTADABQJW775E37XIA7V3MVFSGLRGGGYH3WBAO6SXZVB25S6RA,,3000,failed,"{""data"":{""app-index"":3548200231,""eval-states"":[{},{""stack"":[0]}],""group-index"":1,""pc"":126},""message"":""TransactionPool.Remember: transaction TLKLCAOEUWATOAOI5M22JRPDE353YBFIQ2QBZTF7EPB26FDEF66Q: logic eval error: assert failed pc=126. Details: app=3548200231, pc=126, opcodes=app_global_get; \u003e; assert""}
"
6HJP2IVQRRJV5RNCRV6DU5LWL2YKTIZXI6AK7EGAN5Y4I7DVSYXA,,3000,failed,"{""data"":{""app-index"":3548200231,""eval-states"":[{},{""stack"":[0]}],""group-index"":1,""pc"":126},""message"":""TransactionPool.Remember: transaction 2MCIFJ2G2HCYESJJF7MISKEMHZKNPBWBH6GRIGSBR55OJWIST44A: logic eval error: assert failed pc=126. Details: app=3548200231, pc=126, opcodes=app_global_get; \u003e; assert""}
"
M6PXJTH3TJIXFOF6D2T7OFNHJSOWGH24ZZ6HFOLI6MZMPGVFKXXA,7.703781366348267,2000,success,
Z6SSJVCCECDVV6JVHYONXXR72UYQ4IFYKW6FSA3QYTZ5OKAMCWTA,,3000,failed,"<html>
<head><title>429 Too Many Requests</title></head>
<body>
<center><h1>429 Too Many Requests</h1></center>
<hr><center>openresty</center>
</body>
</html>
"
7VDKDTTLYX37JV2PR5V6OJRN3BT4T2HBILEE63ZKSFBNDQXWUACQ,6.788550615310669,2000,success,
AX6IRT6EHUOLTJGDKRNY4ON6RNNDKUBZUA4DXGNWWBILJX3IRWSA,,3000,failed,"transaction TD4LRWLNQEY2AB2ABEJEFYSFCIYY2L6S6GPORXQ547F23HGASMAQ: logic eval error: assert failed pc=126. Details: app=3548200231, pc=126, opcodes=app_global_get; >; assert"
URHTD266KHFSPHNZBUIBAPG6YP4LWGI5ZAB24DPYHM2XN7TQWAQA,,3000,failed,"<html>
<head><title>429 Too Many Requests</title></head>
<body>
<center><h1>429 Too Many Requests</h1></center>
<hr><center>openresty</center>
</body>
</html>
"
T4SRBQ32MSJWZV4DRXDDWALOXFZ7UNZ5LWV5F37ZHUEC2SUWTK2A,7.160565614700317,2000,success,
AWNVMFXRA4W7ZKQGRVDJBHMBFVXL7LPCLMYKLQ2T33PMLCHQ3FDA,,3000,failed,"<html>
<head><title>429 Too Many Requests</title></head>
<body>
<center><h1>429 Too Many Requests</h1></center>
<hr><center>openresty</center>
</body>
</html>
"
CYAO6EL65YNSJCGLKVXI2YC3HXHDVVOIV7TG6Z6YFTKBE7DCERRQ,7.296252727508545,2000,success,
V5QLSYVFRE5VEGJS7EONLGQJFEOMACDOYTJDF5OUQF6RGZCAKOUQ,5.127702236175537,2000,success,
3VIPDJVKDOHS6GQ5RUVNCPILHPWC4VDULOISBTSFBNVTJJGPTNGQ,,3000,failed,"{""data"":{""app-index"":3548200231,""eval-states"":[{},{""stack"":[0]}],""group-index"":1,""pc"":126},""message"":""TransactionPool.Remember: transaction Y4FNYUDBNT5YHSMRYXE2PLC5GEIMEEWO5GX7LFIWYZKECUNPNQOA: logic eval error: assert failed pc=126. Details: app=3548200231, pc=126, opcodes=app_global_get; \u003e; assert""}
"
FAAMJOBIR2KXPPOFLO4IW3ACOO3OKLL5TNO27UG722FKDAYCULNA,,3000,failed,"{""data"":{""app-index"":3548200231,""eval-states"":[{},{""stack"":[0]}],""group-index"":1,""pc"":126},""message"":""TransactionPool.Remember: transaction EYVCXOWHMXRJAOHAKL46WLENKVY2QFRDD3KSX5WYRHZBOCQTOKFQ: logic eval error: assert failed pc=126. Details: app=3548200231, pc=126, opcodes=app_global_get; \u003e; assert""}
"
3WJTKZ4QQ3AGNXQGOR2VCQZXANW3K2LG3ISQMPL43CZKLUN4GTUQ,,3000,failed,"{""data"":{""app-index"":3548200231,""eval-states"":[{},{""stack"":[0]}],""group-index"":1,""pc"":126},""message"":""TransactionPool.Remember: transaction ISX2QSCL5347HQATPNZCZMGTLSXGJTPFDGFDDSUBGE545YXUJUXQ: logic eval error: assert failed pc=126. Details: app=3548200231, pc=126, opcodes=app_global_get; \u003e; assert""}
"
TOIIOYZBOYNKFZH52CDMKI22P5MWN3L2O35NDWMVKBQCJ2GGDA7Q,,3000,failed,"{""data"":{""app-index"":3548200231,""eval-states"":[{},{""stack"":[0]}],""group-index"":1,""pc"":126},""message"":""TransactionPool.Remember: transaction 54KIKPYCK3PFSK5C3C4WJIE4WLZRGFI73UFORESXJYLFK7IXAEEQ: logic eval error: assert failed pc=126. Details: app=3548200231, pc=126, opcodes=app_global_get; \u003e; assert""}
"
FH7OQH57GHVL3XQIIJQKQCNPAWMFM73TKGJWQE2AEZOVOIFB2Y7Q,,3000,failed,"<html>
<head><title>429 Too Many Requests</title></head>
<body>
<center><h1>429 Too Many Requests</h1></center>
<hr><center>openresty</center>
</body>
</html>
"
GNQO5GVAW4JOEQZJBYF5O65J7QZ3NDOYHODI5LDGVU4IMVYYHTDQ,5.910844326019287,2000,success,
WAKZVJDVMW7JEQ26ITBEOQNS5YJVGFUVHVCK6CQJWZUREXZYISAA,,3000,failed,"<html>
<head><title>429 Too Many Requests</title></head>
<body>
<center><h1>429 Too Many Requests</h1></center>
<hr><center>openresty</center>
</body>
</html>
"
4LGJFZAB6JEXJCTRNLU2SUGS7WFADTRPQ4AVTR7ZBBOSXXBLRD6A,,3000,failed,"<html>
<head><title>429 Too Many Requests</title></head>
<body>
<center><h1>429 Too Many Requests</h1></center>
<hr><center>openresty</center>
</body>
</html>
"
7OD2I2U4RAEOT74SS3TMPDSZ2VSZT2MY2RXQMXOXEPTNWRX52MKQ,,3000,failed,"{""data"":{""app-index"":3548200231,""eval-states"":[{},{""stack"":[0]}],""group-index"":1,""pc"":126},""message"":""TransactionPool.Remember: transaction HGS5Y6LIWUAMDIIRMRMWQL2AHNPX6BFQILC6E62X2YMW6KOPJLYQ: logic eval error: assert failed pc=126. Details: app=3548200231, pc=126, opcodes=app_global_get; \u003e; assert""}
"
HAYASVHBGGZV3BHWZOD4FVUIN4NWHR5G7WHF6Y2VE6GKOQPGPRUA,,3000,failed,"<html>
<head><title>429 Too Many Requests</title></head>
<body>
<center><h1>429 Too Many Requests</h1></center>
<hr><center>openresty</center>
</body>
</html>
"
HFZ2XNWC4ZVOV26JCTOP5TE2TBPXQ5ZFKTVBSLL7ZBMRCLXULFOA,,3000,failed,"<html>
<head><title>429 Too Many Requests</title></head>
<body>
<center><h1>429 Too Many Requests</h1></center>
<hr><center>openresty</center>
</body>
</html>
"
QZQLF7I5VCCM53W3Y2LK3UQU3OHMCR6NS6PRU4DAQ3KSCLHACYKQ,7.373122692108154,2000,success,
3ZHOE6Q5QQHLEUNM75PPAOSWFISKMOVBPDM5ORNFZ5KSOEQLKWOA,,3000,failed,"{""data"":{""app-index"":3548200231,""eval-states"":[{},{""stack"":[0]}],""group-index"":1,""pc"":126},""message"":""TransactionPool.Remember: transaction 7XWKHQWFGMCS5XRMTDP4QKPHW7P5P64KYOQX7HO6H5NQ7V57DBVA: logic eval error: assert failed pc=126. Details: app=3548200231, pc=126, opcodes=app_global_get; \u003e; assert""}
"
5TRUUSHUY7OCIM5B6MFJ42MC34HZSVFAHTVP5VPKNZHBSQQD3E6Q,,3000,failed,"<html>
<head><title>429 Too Many Requests</title></head>
<body>
<center><h1>429 Too Many Requests</h1></center>
<hr><center>openresty</center>
</body>
</html>
"
E7Y4QNAHJYXTZHQPIZ2LYFSU72QQ3JJPYSUENRTOK6KDOVCWKFBA,,3000,failed,"<html>
<head><title>429 Too Many Requests</title></head>
<body>
<center><h1>429 Too Many Requests</h1></center>
<hr><center>openresty</center>
</body>
</html>
"
6E367FUH6TYOUOS3MPWBCWH7JVLC3MXXZ5RZGCNFKPIKSGOEET3Q,,3000,failed,"{""data"":{""app-index"":3548200231,""eval-states"":[{},{""stack"":[0]}],""group-index"":1,""pc"":126},""message"":""TransactionPool.Remember: transaction 6M2WM6HTDGBWDXVCJS5NAMURYXUG7N2Z7JEDHKUOYBE464XBY6UA: logic eval error: assert failed pc=126. Details: app=3548200231, pc=126, opcodes=app_global_get; \u003e; assert""}
"
VX72IMEKREVIFE7EPW2ZNSZBWXJFAYVLIM7MOMGXLLVFAGGO434A,,3000,failed,"{""data"":{""app-index"":3548200231,""eval-states"":[{},{""stack"":[0]}],""group-index"":1,""pc"":126},""message"":""TransactionPool.Remember: transaction G4L6OX4GBPE4K3TRDOQTEP7IAE3URHZQNXOYPGENYTPS52GDV3LQ: logic eval error: assert failed pc=126. Details: app=3548200231, pc=126, opcodes=app_global_get; \u003e; assert""}
"
N2R4DALYFXCG57VLCLKKWB3EIIPT4AX4COHZGAQXXRWPD2JL7YIQ,,3000,failed,"{""data"":{""app-index"":3548200231,""eval-states"":[{},{""stack"":[0]}],""group-index"":1,""pc"":126},""message"":""TransactionPool.Remember: transaction 4OCRO4AU4JS4VVCRKDHICWQUVJAB34AKDZ4KFNWW6T4A6ZJMUU2A: logic eval error: assert failed pc=126. Details: app=3548200231, pc=126, opcodes=app_global_get; \u003e; assert""}
"
XZSSWJMCQDSSAHMXMDMI4QTJTE4DNOTP4SXJXUFKOSFZV4XP5AOQ,,3000,failed,"<html>
<head><title>429 Too Many Requests</title></head>
<body>
<center><h1>429 Too Many Requests</h1></center>
<hr><center>openresty</center>
</body>
</html>
"
VZAFN4VNP2RIUKD7GVDCWGKIUTD5OFCC3ZJ7HKPK43FLP7VNTQQQ,,3000,failed,"<html>
<head><title>429 Too Many Requests</title></head>
<body>
<center><h1>429 Too Many Requests</h1></center>
<hr><center>openresty</center>
</body>
</html>
"
K7HP72GJ7PUXZK67IVEZWFWHW6RRYPJVWV5UNVV6CQ5E5TYBDRGA,,3000,failed,"{""data"":{""app-index"":3548200231,""eval-states"":[{},{""stack"":[0]}],""group-index"":1,""pc"":126},""message"":""TransactionPool.Remember: transaction DCQKZW7SNYYVMSC7HERZTTXBXY4WYWYXB6GDFKEF2VQET37UUMXA: logic eval error: assert failed pc=126. Details: app=3548200231, pc=126, opcodes=app_global_get; \u003e; assert""}
"
HJNYNZXE5VYFDIMX5K62OCOQ2324UWPBPZWVA2JQZSIQJAVIV44Q,,3000,failed,"<html>
<head><title>429 Too Many Requests</title></head>
<body>
<center><h1>429 Too Many Requests</h1></center>
<hr><center>openresty</center>
</body>
</html>
"
YVDCXL5YWBLNWG73IL2JMGWYRVF4LNCODHBPHX5GE4E7EFKRLVMQ,4.03637433052063,2000,success,
PUBMZPI7LUEGY6CQKMKSCQQ2XET4RSXCMJR5QC7HXJUX2RPQSL4A,,3000,failed,"<html>
<head><title>429 Too Many Requests</title></head>
<body>
<center><h1>429 Too Many Requests</h1></center>
<hr><center>openresty</center>
</body>
</html>
"
H5F27RWXABE5ZGN3AKJOX2ZZOBHARZHHOLVZRE2CVL7F4GKZLBXA,,3000,failed,"<html>
<head><title>429 Too Many Requests</title></head>
<body>
<center><h1>429 Too Many Requests</h1></center>
<hr><center>openresty</center>
</body>
</html>
"
6UPGV2COZ2TH74GQE5WG6BTZVJISSESK6ITNJEKETFBBNDAEQDEQ,6.1082940101623535,2000,success,
YSV5AVDQNNMUXL7SS2U47QAEQR4RWYHY62QSLVP3GZQSC2VVVM2A,,3000,failed,"{""data"":{""app-index"":3548200231,""eval-states"":[{},{""stack"":[0]}],""group-index"":1,""pc"":126},""message"":""TransactionPool.Remember: transaction 3Z5QVTAFXWVACZCWVPH75OZDXSRMO7OFJAEDZGM2EGJOKD4CPEUA: logic eval error: assert failed pc=126. Details: app=3548200231, pc=126, opcodes=app_global_get; \u003e; assert""}
"
SQ65NCSXXWGTI7QYEDRMCNF3MX5HKHPCQ6T6R4264DYFWD2SCRUA,4.716508150100708,2000,success,
RVZFTENXVZ4A5T7XWRWOWH6SYOPGPWN2IMXJYV6U35TU62BDMWLA,4.47033953666687,2000,success,
RC2JGZLLSMOBQNVEITKIPDAUQL4DNXOVHS4FN7BP3W2DNFEKKZKQ,7.963130474090576,2000,success,
ORJFS5XLY3O4YXDZVQPEG4LCWHTUEDSTBLP23BDV6DEHPBZTDOQQ,,3000,failed,"{""data"":{""app-index"":3548200231,""eval-states"":[{},{""stack"":[0]}],""group-index"":1,""pc"":126},""message"":""TransactionPool.Remember: transaction BOJTVCF4TK6BAOCJYAF3I5OLEWWEHYHHCKLIVT64X75JS3L5UPQA: logic eval error: assert failed pc=126. Details: app=3548200231, pc=126, opcodes=app_global_get; \u003e; assert""}
"
FCEERL7HLIAXRK6HVFVHPKAZL7YPGLHU2YNGKPX3LY3SBWE2ANDA,7.74311637878418,2000,success,
TBCMYXAGFEGT77A3CE7M4BZPAQGBOEVYMTUB7MMEEQ6OTFUVBU6Q,,3000,failed,"{""data"":{""app-index"":3548200231,""eval-states"":[{},{""stack"":[0]}],""group-index"":1,""pc"":126},""message"":""TransactionPool.Remember: transaction BK47VM47FP3GRJJ6YR33BFKVDLKMPFOM6PS4ENSR3F6DE6NH64UQ: logic eval error: assert failed pc=126. Details: app=3548200231, pc=126, opcodes=app_global_get; \u003e; assert""}
"
ELYOCWZN5DH3TCJUYA2VHWPSAJYSVXQ22Q6N56RNGPRLGA5JFWRA,,3000,failed,"<html>
<head><title>429 Too Many Requests</title></head>
<body>
<center><h1>429 Too Many Requests</h1></center>
<hr><center>openresty</center>
</body>
</html>
"
LF6QXQBSQ532XXH566C2C3RH63WFDJLRGWKVYR3RFF5JDZZPTVUQ,3.3557851314544678,2000,success,
KQV3B37RWNT2MYD52XSF5POCIIRF3XH2F73QMHCJSHXJ2VXN4VVA,6.404125213623047,2000,success,
5COLKNYLTZ262D4JZNFIOVPAI4JXNQCVV7WQVF56MOZ5BD3A2XJQ,,3000,failed,"{""data"":{""app-index"":3548200231,""eval-states"":[{},{""stack"":[0]}],""group-index"":1,""pc"":126},""message"":""TransactionPool.Remember: transaction 7GPIGG2SZ2LH4NERIWXE4IHROVJDI6ZQXNTFCKGHIZTB755AFYJA: logic eval error: assert failed pc=126. Details: app=3548200231, pc=126, opcodes=app_global_get; \u003e; assert""}
"
COL6V2UEECPQZPYROCJSCPAW4UAJ62BVJPV4QO6N7722QT7ES7OA,,3000,failed,"<html>
<head><title>429 Too Many Requests</title></head>
<body>
<center><h1>429 Too Many Requests</h1></center>
<hr><center>openresty</center>
</body>
</html>
"
GHUK7EVE5LYX3JAEI2Z6TKIJSZK5UAFCKQLPT3WOOGVDFJHEJDAQ,,3000,failed,"{""data"":{""app-index"":3548200231,""eval-states"":[{},{""stack"":[0]}],""group-index"":1,""pc"":126},""message"":""TransactionPool.Remember: transaction TFZ5Z55EII2I7A5HRMGUIBDTGQHVBDTRIRLK3VLTXGHKIDB4EKOQ: logic eval error: assert failed pc=126. Details: app=3548200231, pc=126, opcodes=app_global_get; \u003e; assert""}
"
NN7XFINKJBUCDMYBYVX3KGZFIK7BUEQ7MG3J4THIIVE3L54NQNLA,4.248371362686157,2000,success,
3TFKBJOEBJ4Z3HWDPMEPWGNRBHBUGJOAAG2MYEEWHXCYTS5N5CEA,,3000,failed,"{""data"":{""app-index"":3548200231,""eval-states"":[{},{""stack"":[0]}],""group-index"":1,""pc"":126},""message"":""TransactionPool.Remember: transaction 5SK5NYNZYQO56YTCYV37MAQK4IDCK6ZOY5XJQ3OWQ6FM5SDCQ2PQ: logic eval error: assert failed pc=126. Details: app=3548200231, pc=126, opcodes=app_global_get; \u003e; assert""}
"
UQ76X43AYZCZC4GIV5S2S42HWZ27UIRLVACPUTG7WWGGNLQWZQGQ,,3000,failed,"<html>
<head><title>429 Too Many Requests</title></head>
<body>
<center><h1>429 Too Many Requests</h1></center>
<hr><center>openresty</center>
</body>
</html>
"
IPM4BC364RJHIY67RZQO4MUXHA5U2ST2L7PHQBOHEEXIMCJRYO5A,,3000,failed,"{""data"":{""app-index"":3548200231,""eval-states"":[{},{""stack"":[0]}],""group-index"":1,""pc"":126},""message"":""TransactionPool.Remember: transaction F5EQAL3G6PBD2EWRVMUAW2XH65SNBVIF7LIJCO5MPSLDP6GFNDXQ: logic eval error: assert failed pc=126. Details: app=3548200231, pc=126, opcodes=app_global_get; \u003e; assert""}
"
UTXJQ6PP2OYPSGISSRZSSOQ54KAJGBOR2X6YEYFR7PTR5QGEJ33Q,,3000,failed,"<html>
<head><title>429 Too Many Requests</title></head>
<body>
<center><h1>429 Too Many Requests</h1></center>
<hr><center>openresty</center>
</body>
</html>
"
G7GFA24K7QC6HFKSBOGUOGZ5TBNSW3DITYC6SLX2OCEX7N2AEAVA,,3000,failed,"<html>
<head><title>429 Too Many Requests</title></head>
<body>
<center><h1>429 Too Many Requests</h1></center>
<hr><center>openresty</center>
</body>
</html>
"
BKA4KNOYFQG3C4CI2RSB4IX4Z5O3ZPRP7ZEHG7SK2VES2UHUAAOA,,3000,failed,"{""data"":{""app-index"":3548200231,""eval-states"":[{},{""stack"":[0]}],""group-index"":1,""pc"":126},""message"":""TransactionPool.Remember: transaction AKU23BL3H5KXBETL7MIGUIXQMFRYGVOE6XMGBMVR7JQDLO5KIAAQ: logic eval error: assert failed pc=126. Details: app=3548200231, pc=126, opcodes=app_global_get; \u003e; assert""}
"
M2HKXS2CCZ4PIEA2U3Q4OSMJYIWPZQ7EHKRLJOJRWNMFXIJGGN7A,,3000,failed,"<html>
<head><title>429 Too Many Requests</title></head>
<body>
<center><h1>429 Too Many Requests</h1></center>
<hr><center>openresty</center>
</body>
</html>
"
TH7HJ3TCF3ITRZ4LVEENZ2IW3VVESIFL6DG5QUC4JCLFM7IJXBRQ,,3000,failed,"<html>
<head><title>429 Too Many Requests</title></head>
<body>
<center><h1>429 Too Many Requests</h1></center>
<hr><center>openresty</center>
</body>
</html>
"
LOQL7L4DOTH2XZIX2HOQZ6TN2743NVPSOE244PC24TGF6NEVPNIQ,6.140086650848389,2000,success,
YSFUKPX65GKYPLG2USN4PFLX4OEH7AEZ6RNKIS2KZX26TQNHHATQ,4.9019105434417725,2000,success,
MIQZQMY3LV6UYT3OY7N4J676IFC73KIRJ4ZVIR2WIWYWVHC4O2EA,,3000,failed,"<html>
<head><title>429 Too Many Requests</title></head>
<body>
<center><h1>429 Too Many Requests</h1></center>
<hr><center>openresty</center>
</body>
</html>
"
5PZ6JBYNUPLG6BDEVRPBTJKIKVCFDVPEU4HF5UPT6DGELCKTYONQ,,3000,failed,"{""data"":{""app-index"":3548200231,""eval-states"":[{},{""stack"":[0]}],""group-index"":1,""pc"":126},""message"":""TransactionPool.Remember: transaction TZSLPKI5ATR6TVHTQMHH6XXBC7ZGBUGT3JRHDLJSI7VYTHN7YI3A: logic eval error: assert failed pc=126. Details: app=3548200231, pc=126, opcodes=app_global_get; \u003e; assert""}
"
S4S5DFXDIZS7ABOMZLMMXRWGZCCIQJNMGJQCJEBJXS3GG3MKRA3Q,9.107427835464478,2000,success,
Y6WHVCEJNBBTPYUFI2I4FT3ZVINFGFOLCKEQT2FRGWZU3PS3YVSQ,,3000,failed,"<html>
<head><title>429 Too Many Requests</title></head>
<body>
<center><h1>429 Too Many Requests</h1></center>
<hr><center>openresty</center>
</body>
</html>
"
LPA6QCWRHQWMBEVVQVKMWKSPFJKCKOMNIBXGCD4W5OSK7N5XYJEA,,3000,failed,"<html>
<head><title>429 Too Many Requests</title></head>
<body>
<center><h1>429 Too Many Requests</h1></center>
<hr><center>openresty</center>
</body>
</html>
"
ED4VXQBNDEUBE7RQKOSQIXDPWIY3UDXM6YXYMUTGPXMUOTVCLPZA,,3000,failed,"{""data"":{""app-index"":3548200231,""eval-states"":[{},{""stack"":[0]}],""group-index"":1,""pc"":126},""message"":""TransactionPool.Remember: transaction FF7E7NMHJSPGKTU7SWUPSOGA3TRC2X5HBYJQQOIA3TMERUIYZGEA: logic eval error: assert failed pc=126. Details: app=3548200231, pc=126, opcodes=app_global_get; \u003e; assert""}
"
HSLJUCQBXTFGZEBLKSJJS6JETPGOB6TLLVZC4PXWN7WHD2I36Y6Q,4.950059652328491,2000,success,
WB25IET63MP4TMOKKYBU2LJWX7U4TMO5C2NPYUFLABJVWTRBADWA,,3000,failed,"<html>
<head><title>429 Too Many Requests</title></head>
<body>
<center><h1>429 Too Many Requests</h1></center>
<hr><center>openresty</center>
</body>
</html>
"
6MEMWNTS3ASKHADQQIUIS4OAIAMCMGAINKDAZECYFJVGOYC2FW4A,6.305069446563721,2000,success,
TKDYIBXJZQ5XLVWZTAEMA4MERCWTECDDT64WLPLWMZBOSW3BVSLQ,,3000,failed,"<html>
<head><title>429 Too Many Requests</title></head>
<body>
<center><h1>429 Too Many Requests</h1></center>
<hr><center>openresty</center>
</body>
</html>
"
MNFNCDNNDRTPHMGLHDD3JPG4GL2TLCBT2AMT7WE524PAHN6FPJBA,,3000,failed,"{""data"":{""app-index"":3548200231,""eval-states"":[{},{""stack"":[0]}],""group-index"":1,""pc"":126},""message"":""TransactionPool.Remember: transaction UBS5SDBTTAPWZKRPVFGZO4KWXH5G4MHV3IIX3EVHYKUBJY7FKKPA: logic eval error: assert failed pc=126. Details: app=3548200231, pc=126, opcodes=app_global_get; \u003e; assert""}
"
6RPFO36PCY4DHNMJMCF3TECMYRMT3KCSKTKQPXBQXJZUANVJECEA,,3000,failed,"<html>
<head><title>429 Too Many Requests</title></head>
<body>
<center><h1>429 Too Many Requests</h1></center>
<hr><center>openresty</center>
</body>
</html>
"
KS66RLBBD7SXRJN5FNEI6THX2WSJX4GUL4ATU6C6ZE6VDAPSVCFQ,,3000,failed,"{""data"":{""app-index"":3548200231,""eval-states"":[{},{""stack"":[0]}],""group-index"":1,""pc"":126},""message"":""TransactionPool.Remember: transaction SZ3WQNXKNDXHUH66ULU76BSF2JHKGDLCTJRVHBHVS4SRRIO4RXRQ: logic eval error: assert failed pc=126. Details: app=3548200231, pc=126, opcodes=app_global_get; \u003e; assert""}
"
TIXXUTZYSX4SDI6DVRDXEEH3RXBE5ZSL5KVDDR4MVPIH435R6NMQ,,3000,failed,"<html>
<head><title>429 Too Many Requests</title></head>
<body>
<center><h1>429 Too Many Requests</h1></center>
<hr><center>openresty</center>
</body>
</html>
"
SWZSEQ6CAPWTOXOI2VYIPNE4NV3JN7XWDTMFWLMM555ZG53PK4BQ,6.329759120941162,2000,success,
HE4PM2LT3FH4RXH2RXPFSMSGA3L3QVDJE5JSPWNQTVB7YL76JCBQ,,3000,failed,"{""data"":{""app-index"":3548200231,""eval-states"":[{},{""stack"":[0]}],""group-index"":1,""pc"":126},""message"":""TransactionPool.Remember: transaction 7IR7SCAMCPFQGAJH24F7EN3QVYR5X3W474D6HH6T2ZYA4QNAX2YQ: logic eval error: assert failed pc=126. Details: app=3548200231, pc=126, opcodes=app_global_get; \u003e; assert""}
"
XICUUWOQXKWAE7FGKMY7CFEAMZ6PTUHHFPWLHUJ7RNFRFU7FHIFA,,3000,failed,"<html>
<head><title>429 Too Many Requests</title></head>
<body>
<center><h1>429 Too Many Requests</h1></center>
<hr><center>openresty</center>
</body>
</html>
"
J3GTDWV7OATWGVGSGLCY6C3L7UW4I6RI5RKS7BCBD4YS2JMCGTYQ,,3000,failed,"<html>
<head><title>429 Too Many Requests</title></head>
<body>
<center><h1>429 Too Many Requests</h1></center>
<hr><center>openresty</center>
</body>
</html>
"
LOC6TD4EGRJV4IXSGZAEYBQ5BNXUJ5YDWWO3SKKPNQHYN364JUCQ,,3000,failed,"<html>
<head><title>429 Too Many Requests</title></head>
<body>
<center><h1>429 Too Many Requests</h1></center>
<hr><center>openresty</center>
</body>
</html>
"
KYXMTNXTHK7VVQNZMWRIY7QSDIDRI5N3BPZFIDRERVNKJHZTWTYA,5.932224273681641,2000,success,
3EURCQEA4XO5SN3ONLLP4QVQWOXTZLLZDMOU2QREFPD3S45QYZMQ,6.789214611053467,2000,success,
KIY72JXCIA6NEA5UT2QHJSOHUGNYZ52FUPCPEDOFP3M3KNF5BFWA,,3000,failed,"<html>
<head><title>429 Too Many Requests</title></head>
<body>
<center><h1>429 Too Many Requests</h1></center>
<hr><center>openresty</center>
</body>
</html>
"
E5Y5J7MEB544YZ7SC66UHQR7XXDHSSJQBE34X5ZSF5TDTLIJBSPQ,,3000,failed,"{""data"":{""app-index"":3548200231,""eval-states"":[{},{""stack"":[0]}],""group-index"":1,""pc"":126},""message"":""TransactionPool.Remember: transaction 46UDZHN7RWMFZVZRZDX5TIWN2HZ5SDTJUTVVX54QRZYUXZVJR4RQ: logic eval error: assert failed pc=126. Details: app=3548200231, pc=126, opcodes=app_global_get; \u003e; assert""}
"
G76465BQ2Y7TS2GQ7HSMZMFKK3EU6BSWNLTVWFYQFCRM7QPHWBMA,,3000,failed,"<html>
<head><title>429 Too Many Requests</title></head>
<body>
<center><h1>429 Too Many Requests</h1></center>
<hr><center>openresty</center>
</body>
</html>
"
V5CEWTWG2IWT6F73Q7HU4BSMSNG7UV35NL3A5EJE5TOS7WVOZZKQ,,3000,failed,"<html>
<head><title>429 Too Many Requests</title></head>
<body>
<center><h1>429 Too Many Requests</h1></center>
<hr><center>openresty</center>
</body>
</html>
"
U5HHMJSJEIXYUCTEWF4OZFQZML4LBKNA4TWHAMV5WOPFRZ4CWYCA,,3000,failed,"<html>
<head><title>429 Too Many Requests</title></head>
<body>
<center><h1>429 Too Many Requests</h1></center>
<hr><center>openresty</center>
</body>
</html>
"
CJXLJDY33NXEPCEYNIYOWAR3222DVTLXKN2XARR6MKVELCAA5GKQ,,3000,failed,"{""data"":{""app-index"":3548200231,""eval-states"":[{},{""stack"":[0]}],""group-index"":1,""pc"":126},""message"":""TransactionPool.Remember: transaction 5IZVB47AMWZMSK4NYLLKWWERTW7M6NP3MJN7USECD4FN6S4LUQOA: logic eval error: assert failed pc=126. Details: app=3548200231, pc=126, opcodes=app_global_get; \u003e; assert""}
"
DEEL6DTYC4GKOQMMQFT224MIUPK4WWVTOLFJLNR7LVSA4TPUUZDQ,5.308792591094971,2000,success,
5I6BPYYCTCWYXMCF5Y4QA3F2CR7KV6WUXU2XZ2LDHUKD6DKQGODA,,3000,failed,"{""data"":{""app-index"":3548200231,""eval-states"":[{},{""stack"":[0]}],""group-index"":1,""pc"":126},""message"":""TransactionPool.Remember: transaction 4ZFFVB2KWPBUD7U2MHK3RQKXVZID2C5N5P3HR26QUTP35WBQQNTQ: logic eval error: assert failed pc=126. Details: app=3548200231, pc=126, opcodes=app_global_get; \u003e; assert""}
"
XXA6MNEZGFJTRSLX7NXORU4NSLBCMAKBXN6K3C3PZLXGEP4Z6KFQ,5.682943105697632,2000,success,
OQBNYX653DVU6LJOSL6DMM3Y3VEBF43CJK2XNA2EQKP64YNFBJ2Q,7.003079414367676,2000,success,
O6YPIYME2AVLAR65HRNQQUF2Q2BJOIDM5UGMUROMSXWZBMR3Y7XA,,3000,failed,"{""data"":{""app-index"":3548200231,""eval-states"":[{},{""stack"":[0]}],""group-index"":1,""pc"":126},""message"":""TransactionPool.Remember: transaction LN5CZA7XM5UZDGQDJATDJFXHJPKGS6JIQCHWQKL2PSH66NBGYVQQ: logic eval error: assert failed pc=126. Details: app=3548200231, pc=126, opcodes=app_global_get; \u003e; assert""}
"
KBI6UNP36S74NOZDVCILBDID62HNL4K6EDHEQPHVQVUSNOXWLKGA,9.734876871109009,2000,success,
A3KGO7K4DFAGI3EM3MPL3PL6JYJBETNBREQBOXKLK57NJX5A4WDA,4.889766216278076,2000,success,
2IQJ3XNMHCPZBQ4MJUY2TZOMMNX7NEJ3GZC6BYLGYEPPXQXBLQKQ,,3000,failed,"{""data"":{""app-index"":3548200231,""eval-states"":[{},{""stack"":[0]}],""group-index"":1,""pc"":126},""message"":""TransactionPool.Remember: transaction I72OWDJ5SFW6VGI5KOUDRRUS7PMXFJTLXP2SE7S73C2TJ5MTEZYA: logic eval error: assert failed pc=126. Details: app=3548200231, pc=126, opcodes=app_global_get; \u003e; assert""}
"
STW43IHFFUINFLZGYPDFDQC3JQDWJ27GWFRAEAW4GJ34T2RX4V6A,,3000,failed,"{""data"":{""app-index"":3548200231,""eval-states"":[{},{""stack"":[0]}],""group-index"":1,""pc"":126},""message"":""TransactionPool.Remember: transaction ZYGGFJGYBVPE2GX3M2VB5OLHKKDVZJ3BYFECC6QTDK5454O4HDHQ: logic eval error: assert failed pc=126. Details: app=3548200231, pc=126, opcodes=app_global_get; \u003e; assert""}
"
TNFSPKTZMWLSLZXIDVP6DWWPBNJ3ZLNOWTKHW7TJUQPXZJUKZQAQ,,3000,failed,"{""data"":{""app-index"":3548200231,""eval-states"":[{},{""stack"":[0]}],""group-index"":1,""pc"":126},""message"":""TransactionPool.Remember: transaction 6M2SO45GGEBQSP73GYCHBNUHSXS4GFH6ONLKOQX2EZTFQSRFEUQA: logic eval error: assert failed pc=126. Details: app=3548200231, pc=126, opcodes=app_global_get; \u003e; assert""}
"
EOH3EL2HUCEDHSCBGQJS2DZIOOQXXXN7WSJ4JOCPJTEOBEZHNDSA,,3000,failed,"{""data"":{""app-index"":3548200231,""eval-states"":[{},{""stack"":[0]}],""group-index"":1,""pc"":126},""message"":""TransactionPool.Remember: transaction BEN73TLAIURDQFZ63RVL7MP5WCTSV33EU4OT7GTCPAIEQGKG43UA: logic eval error: assert failed pc=126. Details: app=3548200231, pc=126, opcodes=app_global_get; \u003e; assert""}
"
AHD57VVRDGI3AVYTXTYJMJMR4G4BUHVZSDJR2ZAJGYISRASP7XLA,,3000,failed,"<html>
<head><title>429 Too Many Requests</title></head>
<body>
<center><h1>429 Too Many Requests</h1></center>
<hr><center>openresty</center>
</body>
</html>
"
2OGKO6NJH57H3GZNPREYDROPULCTMXJLUMSQNVPRJRM5KL27XIRQ,,3000,failed,"<html>
<head><title>429 Too Many Requests</title></head>
<body>
<center><h1>429 Too Many Requests</h1></center>
<hr><center>openresty</center>
</body>
</html>
"
JCEVFGJ34DZLQRSFFU5JMK6IAK6EEYFFE6MRGO77D5DU5QWAGHMA,,3000,failed,"{""data"":{""app-index"":3548200231,""eval-states"":[{},{""stack"":[0]}],""group-index"":1,""pc"":126},""message"":""TransactionPool.Remember: transaction 5B2ENV2UX2BVSKM3V6B2KK3W3WBXVQMUC2URNQUTKVH2X2EFH4QQ: logic eval error: assert failed pc=126. Details: app=3548200231, pc=126, opcodes=app_global_get; \u003e; assert""}
"
4TZK7HCUC4AUGLSTEF5MPEPAJLEG6GEQSP3QNII34W65WMDEUWQA,,3000,failed,"<html>
<head><title>429 Too Many Requests</title></head>
<body>
<center><h1>429 Too Many Requests</h1></center>
<hr><center>openresty</center>
</body>
</html>
"
JLKCL44NWPN2H77SSO4HVD3QLT5DTG7CHJB24NRXPQEYEYH5G2TA,,3000,failed,"{""data"":{""app-index"":3548200231,""eval-states"":[{},{""stack"":[0]}],""group-index"":1,""pc"":126},""message"":""TransactionPool.Remember: transaction Y7SY4MQINO46V5LD7VVZMLJYBAROYRKULBEFVL42JPSLY37BTLHQ: logic eval error: assert failed pc=126. Details: app=3548200231, pc=126, opcodes=app_global_get; \u003e; assert""}
"
7LLHTEIMKZV3DLAO36ZOLCO4HINC7E5Z246C2RUOPO2GQ7K5NCTQ,,3000,failed,"<html>
<head><title>429 Too Many Requests</title></head>
<body>
<center><h1>429 Too Many Requests</h1></center>
<hr><center>openresty</center>
</body>
</html>
"
PPWDPUXKSLWB7GM4ED3XQWW6IZBNUWVJUCD4TMVWYUPMX234CM3A,,3000,failed,"{""data"":{""app-index"":3548200231,""eval-states"":[{},{""stack"":[0]}],""group-index"":1,""pc"":126},""message"":""TransactionPool.Remember: transaction LOQT56VIB57MZVCZDPZ3AELRRTXPZT2ZWUUFKHUGTJXHIGMIQN7Q: logic eval error: assert failed pc=126. Details: app=3548200231, pc=126, opcodes=app_global_get; \u003e; assert""}
"
FRNC4MJDLXZWS5QXCRGMFDQFBQKJLH773H6RMOGDT2J34VXYCE2Q,,3000,failed,"{""data"":{""app-index"":3548200231,""eval-states"":[{},{""stack"":[0]}],""group-index"":1,""pc"":126},""message"":""TransactionPool.Remember: transaction Z6ZR34HNIP7MK34WJKBOZ7VBFMFHNL2WPLP3HP7NTSR2XBV6CGXA: logic eval error: assert failed pc=126. Details: app=3548200231, pc=126, opcodes=app_global_get; \u003e; assert""}
"
AT2CTTCLBGQZFGBD7NOWUVPFLZZK2HKUUBWH6VR6IIXERASSL6IA,,3000,failed,"<html>
<head><title>429 Too Many Requests</title></head>
<body>
<center><h1>429 Too Many Requests</h1></center>
<hr><center>openresty</center>
</body>
</html>
"
FSYKLVOMWON2TKD7CXFWHQJWXAYCSRDRDHU7ZKPVH67M4SIVBWBA,,3000,failed,"{""data"":{""app-index"":3548200231,""eval-states"":[{},{""stack"":[0]}],""group-index"":1,""pc"":126},""message"":""TransactionPool.Remember: transaction 2SSZMCXJDG56GXGRPREKM6D27LJYJYE4RX3PYRGMQ6JSA7SKNQPA: logic eval error: assert failed pc=126. Details: app=3548200231, pc=126, opcodes=app_global_get; \u003e; assert""}
"
GALBVZZQDTJFRKWMBI2SROPT7EVA46AFWUNBXPDE2MVFF4UXCA5Q,11.243314027786255,2000,success,
42IWN4353RZ6OC7CW7T2Y5HMIZCTN3PBT6Y3PPE7UG45RZS5BOGQ,,3000,failed,"<html>
<head><title>429 Too Many Requests</title></head>
<body>
<center><h1>429 Too Many Requests</h1></center>
<hr><center>openresty</center>
</body>
</html>
"
TSIOYCHDOAHNLN5KZ5NQZR6FNNWHVBJVECB7BKTJC7KWDFHVORXQ,,3000,failed,"{""data"":{""app-index"":3548200231,""eval-states"":[{},{""stack"":[0]}],""group-index"":1,""pc"":126},""message"":""TransactionPool.Remember: transaction OFBSFFXRQL4L2HIMEU2CBRAI6D3LPLP7GHFMDWVD7EVVNAEGPVIQ: logic eval error: assert failed pc=126. Details: app=3548200231, pc=126, opcodes=app_global_get; \u003e; assert""}
"
XWQHI4MAQFIT3DICADOOX4NDRKJJWIY44KDLMVIZRZACVDMUNXWQ,,3000,failed,"{""data"":{""app-index"":3548200231,""eval-states"":[{},{""stack"":[0]}],""group-index"":1,""pc"":126},""message"":""TransactionPool.Remember: transaction K4R4GI4VFOLF3PJ7MSXGCJUSUIY5FITBWNLANQEWTM4MIKAQ6AIA: logic eval error: assert failed pc=126. Details: app=3548200231, pc=126, opcodes=app_global_get; \u003e; assert""}
"
JBTL44XAZU6KHIXXCB6PWP6D66MWW4HYNJPFRDXZBYZT6ZP3Y3ZQ,,3000,failed,"<html>
<head><title>429 Too Many Requests</title></head>
<body>
<center><h1>429 Too Many Requests</h1></center>
<hr><center>openresty</center>
</body>
</html>
"
MGPSOJNQPPI2MOFUS2566NTGSBURVJ624XQMKAU52SU6E5W7OUNA,,3000,failed,"{""data"":{""app-index"":3548200231,""eval-states"":[{},{""stack"":[0]}],""group-index"":1,""pc"":126},""message"":""TransactionPool.Remember: transaction E5OQKCPCEQKSGNXYIGAVED6GUJT4ZJM22JJXXIDVJQCIUC7VW2OQ: logic eval error: assert failed pc=126. Details: app=3548200231, pc=126, opcodes=app_global_get; \u003e; assert""}
"
2RDGUSYUONDJRQNCEBJVXWRGRBWHFWRIEAJHA6H7HUKX5SDUKRWA,7.446164608001709,2000,success,
R6BYPFK3743QZC7CPG5PEJCB7LWMPQ34RMC5UL2ZVXKHT4MTE73A,,3000,failed,"<html>
<head><title>429 Too Many Requests</title></head>
<body>
<center><h1>429 Too Many Requests</h1></center>
<hr><center>openresty</center>
</body>
</html>
"
FNIAANP5KISAJJXEQRWKT3VAX3LLF4RVHADCKAZJV4CRGKBF2R5A,10.358586549758911,2000,success,
BJUY34W6JAGIMLIYJKR4J5ITJE7WHQPHLJQINUNL3MOTEF4AALUA,,3000,failed,"<html>
<head><title>429 Too Many Requests</title></head>
<body>
<center><h1>429 Too Many Requests</h1></center>
<hr><center>openresty</center>
</body>
</html>
"
UALKBZFQYN5ITGEQVAC4XNYQHQ67BY7FREDPELMRKA7ZXD336HWA,,3000,failed,"{""data"":{""app-index"":3548200231,""eval-states"":[{},{""stack"":[0]}],""group-index"":1,""pc"":126},""message"":""TransactionPool.Remember: transaction BXZVB7UCCWNH5E2TRNGQSETNW6B35LOP7UTG5K45Q4M4EQELGCAQ: logic eval error: assert failed pc=126. Details: app=3548200231, pc=126, opcodes=app_global_get; \u003e; assert""}
"
SACXJUSKNR6U755IHNS7YJ2OME2JMMA26IVF5NPSLYGW3H5M6BXQ,,3000,failed,"<html>
<head><title>429 Too Many Requests</title></head>
<body>
<center><h1>429 Too Many Requests</h1></center>
<hr><center>openresty</center>
</body>
</html>
"
NM7XQCI4G23NY427DBG7L3OIQECH3YIY5AWITJCF4W54FBD4AAWQ,,3000,failed,"{""data"":{""app-index"":3548200231,""eval-states"":[{},{""stack"":[0]}],""group-index"":1,""pc"":126},""message"":""TransactionPool.Remember: transaction Z227A6EJOELGIDMI4XNI3CGPAV3N6OFVZVHGCPN2YPFHHMLUE3UA: logic eval error: assert failed pc=126. Details: app=3548200231, pc=126, opcodes=app_global_get; \u003e; assert""}
"
ZK2UJXJSAKIU3WUSSH6M3XLWXPWSTDKFS3FSZRGZS43ZWKCXHR4A,,3000,failed,"<html>
<head><title>429 Too Many Requests</title></head>
<body>
<center><h1>429 Too Many Requests</h1></center>
<hr><center>openresty</center>
</body>
</html>
"
VEYLRYIWM2GTD2D6BZFSIYJI6MMPH2XZQRGOJ2ZNOYSHKFC7KVTQ,,3000,failed,"<html>
<head><title>429 Too Many Requests</title></head>
<body>
<center><h1>429 Too Many Requests</h1></center>
<hr><center>openresty</center>
</body>
</html>
"
L2NI62OCYFOQN6EBYJ4EICXO3JLUVR5CJMLWF5ZIVQYO6KHO7N5Q,,3000,failed,"<html>
<head><title>429 Too Many Requests</title></head>
<body>
<center><h1>429 Too Many Requests</h1></center>
<hr><center>openresty</center>
</body>
</html>
"
ZAIDGFEACLVQBLBJ5LDTGXVQUQ7YXO6A4X55XFDYMCCUB2HCNJ2Q,8.357308387756348,2000,success,
YIHOOZFOOJVHZHRUCUO3UDY3H4CZ374RKKKMGCD5F4OIJHN6A3LQ,,3000,failed,"<html>
<head><title>429 Too Many Requests</title></head>
<body>
<center><h1>429 Too Many Requests</h1></center>
<hr><center>openresty</center>
</body>
</html>
"
TA5RJGHLMNQJHCITJ42QZDGROT3HG7K22OIJGS3VDJNFQM5UOXMQ,6.397252321243286,2000,success,
X7X6F3ZZB4RLWMJWG2HZ3XZWGR5SOXT72UQEAWS6YU4ZKUDKIHAA,,3000,failed,"<html>
<head><title>429 Too Many Requests</title></head>
<body>
<center><h1>429 Too Many Requests</h1></center>
<hr><center>openresty</center>
</body>
</html>
"
C2CLTGNM63LT6ZDY7TCCGJE6FMJZGUYGOH4E5PEE7LOKJROZVROA,,3000,failed,"<html>
<head><title>429 Too Many Requests</title></head>
<body>
<center><h1>429 Too Many Requests</h1></center>
<hr><center>openresty</center>
</body>
</html>
"
FCJIQZRI65UGLB4ZQDLVZ5PYJWYFEFDINSPU4HXZPXLOOQ7JIRVA,5.20709490776062,2000,success,
6X37GM33X2TVL7GUT4CXUE4OQEWZUJU6F54VPWM4BQVO2JDCS7ZQ,,3000,failed,"{""data"":{""app-index"":3548200231,""eval-states"":[{},{""stack"":[0]}],""group-index"":1,""pc"":126},""message"":""TransactionPool.Remember: transaction RTIALHNKCUEK2T2BJIS6W7JOLUMH2SZUZQYYBBVQRTFZUPKTM5FQ: logic eval error: assert failed pc=126. Details: app=3548200231, pc=126, opcodes=app_global_get; \u003e; assert""}
"
MANDG4UXRCDOV4XBHJLSWLKXZHXZ2WCSIVGBGHXN35AZOKUXYSYA,,3000,failed,"<html>
<head><title>429 Too Many Requests</title></head>
<body>
<center><h1>429 Too Many Requests</h1></center>
<hr><center>openresty</center>
</body>
</html>
"
6ON3BZ36RE54R7HOURGEOQ3UTY6RHF3VJGW4PJ66U55IO2W4WMLA,,3000,failed,"<html>
<head><title>429 Too Many Requests</title></head>
<body>
<center><h1>429 Too Many Requests</h1></center>
<hr><center>openresty</center>
</body>
</html>
"
2QHUVAW5X3UTIO3F3DRKI27BBEF2NL4RPYZWT4M2J2ACYTTCAEBQ,,3000,failed,"<html>
<head><title>429 Too Many Requests</title></head>
<body>
<center><h1>429 Too Many Requests</h1></center>
<hr><center>openresty</center>
</body>
</html>
"
5AY4H2C6Q2Y2ZGGUP5TNL7P6ZRVOKGQVJT26I6JM2CSXFWPE46JQ,,3000,failed,"{""data"":{""app-index"":3548200231,""eval-states"":[{},{""stack"":[0]}],""group-index"":1,""pc"":126},""message"":""TransactionPool.Remember: transaction K4KOIUUCRGPQME7HPDID7MMX26IEN6VFZ5VOXCQUENGV6Y7PWQWA: logic eval error: assert failed pc=126. Details: app=3548200231, pc=126, opcodes=app_global_get; \u003e; assert""}
"
GSVZUAFN3CG764F4Z4N6ZVTRYDOYHY2PQYUWHDHTUQX4QXIEM6LQ,,3000,failed,"<html>
<head><title>429 Too Many Requests</title></head>
<body>
<center><h1>429 Too Many Requests</h1></center>
<hr><center>openresty</center>
</body>
</html>
"
GN4WIQMAYF6FGEOSNXDQOILUNO7OR77NXAVGSRWG3IRJU2XJORSA,,3000,failed,"{""data"":{""app-index"":3548200231,""eval-states"":[{},{""stack"":[0]}],""group-index"":1,""pc"":126},""message"":""TransactionPool.Remember: transaction 7MMZNG56KXVJLTRRHPFWCQGAEWT7KNQJIPBXSPNJ6GQODIGIEXGQ: logic eval error: assert failed pc=126. Details: app=3548200231, pc=126, opcodes=app_global_get; \u003e; assert""}
"
RVH7NKBNDTDPFBTADSLG4OB3THWB7HGYPTAWJZTWN5KC3JO2RIPA,,3000,failed,"<html>
<head><title>429 Too Many Requests</title></head>
<body>
<center><h1>429 Too Many Requests</h1></center>
<hr><center>openresty</center>
</body>
</html>
"
6PXD76HVJLGTLXJ6MKMKXYNHD42ZBPLOKEDSPH7JWSIMS3U7BOIQ,12.320409059524536,2000,success,
YWM7NKM526CCFILEY3VHPXH54Y2SMOY3BLS6SJKWDSZV52LXYYCA,,3000,failed,"{""data"":{""app-index"":3548200231,""eval-states"":[{},{""stack"":[0]}],""group-index"":1,""pc"":126},""message"":""TransactionPool.Remember: transaction TAWVW3IXPJSBU44U7TST4KNIWYQIHXMQIGTAMALVQHLYNBN6G3DQ: logic eval error: assert failed pc=126. Details: app=3548200231, pc=126, opcodes=app_global_get; \u003e; assert""}
"
N5IDOD3PCXCJVHRSYONZOPSYYKX2L6GWXN2URQXXKGU4GTZHBNZQ,7.0099828243255615,2000,success,
HBSGJJIC3O55OSHQZ2YJZTR5S3AMAPEUTXHSLEFZAOII6GHBH5PA,,3000,failed,"<html>
<head><title>429 Too Many Requests</title></head>
<body>
<center><h1>429 Too Many Requests</h1></center>
<hr><center>openresty</center>
</body>
</html>
"
B5RZJJZGGJ3IG6XSB3GCGBE5GDR3BRCPG5MO5VJWUEVT633WE5VA,,3000,failed,"<html>
<head><title>429 Too Many Requests</title></head>
<body>
<center><h1>429 Too Many Requests</h1></center>
<hr><center>openresty</center>
</body>
</html>
"
MBEGONJOHHK5J4IN3XUQBIQSK3SMJWIY3LDQVAAUDA3XKIFDXCGQ,7.8246519565582275,2000,success,
J7M27EL6MSTGDHVAPCXROTD4DP65YWTIM3JGQYKG2KWEVZSLNV6Q,,3000,failed,"{""data"":{""app-index"":3548200231,""eval-states"":[{},{""stack"":[0]}],""group-index"":1,""pc"":126},""message"":""TransactionPool.Remember: transaction VAJNC7Y2D75IIDHEOMDZLDWL56I4MPFKHYJWIF7XIFS37Q5IDQUQ: logic eval error: assert failed pc=126. Details: app=3548200231, pc=126, opcodes=app_global_get; \u003e; assert""}
"
3RP6TAZ3AVZ6FVR74WBCBC7CWLNKWCIQCW4Y353Q36TV4RRGOYVA,5.324925899505615,2000,success,
5SJIEC6JAPAPTDHIF47NSVDGBB64CC4JYRPEQH3MLL5HEOJSR67A,,3000,failed,"{""data"":{""app-index"":3548200231,""eval-states"":[{},{""stack"":[0]}],""group-index"":1,""pc"":126},""message"":""TransactionPool.Remember: transaction 4EVIH5DQE3T3XMXUM3OYLPD73WIRGZCPIHAKN4JP6PB3OAJXPACQ: logic eval error: assert failed pc=126. Details: app=3548200231, pc=126, opcodes=app_global_get; \u003e; assert""}
"
YHVEU74S636F3NGIEQIS2FJ7EQSBHI66BFQW6MFUJAVYLP3QNAIA,6.458172082901001,2000,success,
PYWWDX6WFLIPP67F57O3AUPFGFZEPEXS3B5MILZPAAOPXOYBZO7Q,,3000,failed,"{""data"":{""app-index"":3548200231,""eval-states"":[{},{""stack"":[0]}],""group-index"":1,""pc"":126},""message"":""TransactionPool.Remember: transaction GUYUQ5Z6N6H2T6G64ZFK4DHD7RFTUF5UGVDKLNELYVMQ2D5GAREQ: logic eval error: assert failed pc=126. Details: app=3548200231, pc=126, opcodes=app_global_get; \u003e; assert""}
"
RYW24ODKGW7V25X465ZE6KWLAUMOS5XFKMZLAYHPMEKDZLNNZRSQ,,3000,failed,"<html>
<head><title>429 Too Many Requests</title></head>
<body>
<center><h1>429 Too Many Requests</h1></center>
<hr><center>openresty</center>
</body>
</html>
"
24OC3J3MKHBVNLYXL7OW7OLDOUEJ7MZTKCARCOLFMGRQLGVC362A,,3000,failed,"<html>
<head><title>429 Too Many Requests</title></head>
<body>
<center><h1>429 Too Many Requests</h1></center>
<hr><center>openresty</center>
</body>
</html>
"
OOU7NWOZNLPF6NDPMPK4GV7SIGQQ2VQWZTPDSFAOX5UQ6KYGDRMA,,3000,failed,"{""data"":{""app-index"":3548200231,""eval-states"":[{},{""stack"":[0]}],""group-index"":1,""pc"":126},""message"":""TransactionPool.Remember: transaction J7YBRZHE3Y2YMIUUKG2KEOUXHLF5VDV3S77LTJWLWCXB2BXEPRPA: logic eval error: assert failed pc=126. Details: app=3548200231, pc=126, opcodes=app_global_get; \u003e; assert""}
"
GAOAJPMJMAS5YVUTULBPPQWYBHA3DQ3ZWLULKXTDGFDXRYSWLLHA,4.132631301879883,2000,success,
BEPELVW2HCWYG4K7AYR7RMWDFB55RY5JSUAWOJA7Z3XKQTRH52XA,,3000,failed,"{""data"":{""app-index"":3548200231,""eval-states"":[{},{""stack"":[0]}],""group-index"":1,""pc"":126},""message"":""TransactionPool.Remember: transaction X5F5OF6ATG4LCUHR7JG2CTOWNIIWLALUJWPB3SSSXEM2JOT3HUXQ: logic eval error: assert failed pc=126. Details: app=3548200231, pc=126, opcodes=app_global_get; \u003e; assert""}
"
OTKLDOLPBYIIEWGBIDXNSE5Z56QDXCCVQ2J2WXS45E7AZGTTZPVQ,,3000,failed,"<html>
<head><title>429 Too Many Requests</title></head>
<body>
<center><h1>429 Too Many Requests</h1></center>
<hr><center>openresty</center>
</body>
</html>
"
XF6MBB5LNZK37FOVUJODNINY524R2OZT2HAMNKQDLYPJBYFP7IUQ,,3000,failed,"{""data"":{""app-index"":3548200231,""eval-states"":[{},{""stack"":[0]}],""group-index"":1,""pc"":126},""message"":""TransactionPool.Remember: transaction GVW3OPKPREMBF2WKJCWY4D5HCIDNU6WJST6KZ44PCD4J54JFQIYQ: logic eval error: assert failed pc=126. Details: app=3548200231, pc=126, opcodes=app_global_get; \u003e; assert""}
"
DFWFJ5S75C7PPK7LXB33YRQAFZYDNXAUCFB73RBMPU7PSGB7DDCA,,3000,failed,"<html>
<head><title>429 Too Many Requests</title></head>
<body>
<center><h1>429 Too Many Requests</h1></center>
<hr><center>openresty</center>
</body>
</html>
"
IO5EMIAIKECFZWZRVKIQ5HLKBQWYDHMLV4LQEU5GPXV7SOWJ75NQ,5.994227409362793,2000,success,
FDEW6TZEFEV7T3MP27P32OVTZP5W5TPPF5RHJTLIZHYGBJFVLOTQ,6.265229225158691,2000,success,
PIHFE5NP6JETIVK3TFTHCBHG3LDSEL5JZWK6SHPEQZRLLP34ZZ4Q,12.305228471755981,2000,success,
2UMC5WXNFKRI5F6TOF7UCECQQRBJUMUBK57VNZ6UQ26PLZV2LTFA,,3000,failed,"<html>
<head><title>429 Too Many Requests</title></head>
<body>
<center><h1>429 Too Many Requests</h1></center>
<hr><center>openresty</center>
</body>
</html>
"
E2GQVM45XKJX7ISKPQGVXVKRVISFZYPHD6JSS6DNJMIE4MQEWE5Q,4.10327410697937,2000,success,
7PG5J3JJO3QIASN4GPE3SXDI7S5MPXUW6WH5NBSYT3EDB5RUCI6Q,,3000,failed,"{""data"":{""app-index"":3548200231,""eval-states"":[{},{""stack"":[0]}],""group-index"":1,""pc"":126},""message"":""TransactionPool.Remember: transaction 6EFENTQRJFINMNPTX4CQHJWZOMKG2KBM7N3MGYVAZDGRHUIHOD3A: logic eval error: assert failed pc=126. Details: app=3548200231, pc=126, opcodes=app_global_get; \u003e; assert""}
"
XXLRDBE2EWTYO5YL5J5VKXZS24ZGI2HGDMYGNK4J56MXY66V5LCQ,,3000,failed,"<html>
<head><title>429 Too Many Requests</title></head>
<body>
<center><h1>429 Too Many Requests</h1></center>
<hr><center>openresty</center>
</body>
</html>
"
527VEKDQPVXWF2GFI7VG72OGHU5RPTV7F6YYPE4S72S5CZ7QSDBA,4.262862205505371,2000,success,
MJRNB3LN5TOZ7YHQ6RZB5FGKBKJTTJNJN6EKMTJE6NV4IUTOFIPQ,4.767118453979492,2000,success,
I7MLRHESTVXRTKZSI7Y4G2XCIWNFAG6VLKR6ZHFWPRX2UDCTRFRQ,,3000,failed,"{""data"":{""app-index"":3548200231,""eval-states"":[{},{""stack"":[0]}],""group-index"":1,""pc"":126},""message"":""TransactionPool.Remember: transaction FQKIQA4ROVJGVW7BYM27ZCJWWPAY3AFM5NXNUXPIFJTUJUI3R77A: logic eval error: assert failed pc=126. Details: app=3548200231, pc=126, opcodes=app_global_get; \u003e; assert""}
"
YY3QVZJC3VFRBMNFKCQQIOVOXEQI5VSXES3DUN7BJEGSQG5PZ43Q,,3000,failed,"{""data"":{""app-index"":3548200231,""eval-states"":[{},{""stack"":[0]}],""group-index"":1,""pc"":126},""message"":""TransactionPool.Remember: transaction QA2MKOVSHKLG3SQVPQBNJVR4LXWCLIQ3RBW22NRTLV5JUE42KAWQ: logic eval error: assert failed pc=126. Details: app=3548200231, pc=126, opcodes=app_global_get; \u003e; assert""}
"
LU7C2WRQCSXFTU7VMMW75JEEYAH6ZOKIW3JC6TRP3JBQF434BRBQ,,3000,failed,"<html>
<head><title>429 Too Many Requests</title></head>
<body>
<center><h1>429 Too Many Requests</h1></center>
<hr><center>openresty</center>
</body>
</html>
"
7JLN3NLI2DXNLAVVLHYWTGAT22PNNW4GJXC2GPDMXS5S6CKBQABQ,,3000,failed,"{""data"":{""app-index"":3548200231,""eval-states"":[{},{""stack"":[0]}],""group-index"":1,""pc"":126},""message"":""TransactionPool.Remember: transaction 347XYAGF5URMMKLDFAPH3CR3IVUXVW3BNX6BWLTCHJOK2BCJEIZQ: logic eval error: assert failed pc=126. Details: app=3548200231, pc=126, opcodes=app_global_get; \u003e; assert""}
"
PRAYPZ3MEL6FV5RMNAQ2WPT7INKI346X6KPJX6UTZROE6LJAO6CA,,3000,failed,"<html>
<head><title>429 Too Many Requests</title></head>
<body>
<center><h1>429 Too Many Requests</h1></center>
<hr><center>openresty</center>
</body>
</html>
"
J2IGVIXGECNVWUAIPNQBNJZCJKVI5LAH3IZNZK6RMPAKO4U2WCJQ,7.025420904159546,2000,success,
RQYYZU2WMCUAUMN6FPJBWJAY5GFUQHTA7RUCIHEJJXEPT6Z6FSPA,,3000,failed,"{""data"":{""app-index"":3548200231,""eval-states"":[{},{""stack"":[0]}],""group-index"":1,""pc"":126},""message"":""TransactionPool.Remember: transaction EBXZ6NOIW363J2VPWH7H4QJJVNHNL7TDF4UODYRZGFM3LFIOKZ5Q: logic eval error: assert failed pc=126. Details: app=3548200231, pc=126, opcodes=app_global_get; \u003e; assert""}
"
7IXH5OC37RFBH5CCP4GKTFAXEYLDCQ65CB2YDGDSJAN6ZDD4YXFA,,3000,failed,"{""data"":{""app-index"":3548200231,""eval-states"":[{},{""stack"":[0]}],""group-index"":1,""pc"":126},""message"":""TransactionPool.Remember: transaction BJOIUI654GAMG74Z2POWQN4N5SN3IA2EA5I7PX2CA2JAJQSEMNGA: logic eval error: assert failed pc=126. Details: app=3548200231, pc=126, opcodes=app_global_get; \u003e; assert""}
"
HDY5RZIOFNFCY7JRM4IH7WRUXFIOEGSOO3FP4NQACCE3JJNJLJGA,4.534665584564209,2000,success,
BE2U6ZZYA7RP3HQRY2YUK6VDO3F6NUNN333AFFLN5GVRTUDWZZSQ,4.21805477142334,2000,success,
CSHNEUNWTE5K5IRAJFKV4TEYLDTGW2CBD4YO56EJZFR27MAHPWIA,,3000,failed,"{""data"":{""app-index"":3548200231,""eval-states"":[{},{""stack"":[0]}],""group-index"":1,""pc"":126},""message"":""TransactionPool.Remember: transaction 3TIBZ3HJEGDICSI2S2UVV7GJX7Y4MIKDZ7C2T5PASU35MJ4A6H7Q: logic eval error: assert failed pc=126. Details: app=3548200231, pc=126, opcodes=app_global_get; \u003e; assert""}
"
STFVOIBHE6K5MGNKG263657GSESQO27WSCIQ2DRV4625JUUHHIGQ,5.786900520324707,2000,success,
SUNMNOCQL2JLP63JJCHFFVAZLY3JGONXR3R7GVUGNA5TF2X4X3IQ,11.602316617965698,2000,success,
GXVP5SZ4OX5ODW4QJZCIDCPPQMXCHJ4EJ2W6XMLCG43N6DZCHOIQ,8.41977596282959,2000,success,
AFBMETII2QTXTF73ZBH6EXPFNYT5BHMJU74WCRMDCCPQDEIQ2H2Q,5.261277437210083,2000,success,
XKG24LMJPGBI7SJFKFIH3QLSPVPE47XYTNLDZLTSLSRX3JRLPRBA,,3000,failed,"{""data"":{""app-index"":3548200231,""eval-states"":[{},{""stack"":[0]}],""group-index"":1,""pc"":126},""message"":""TransactionPool.Remember: transaction DFIXKR2TJUB4ZVFCPRH3QDOK3DY657GQBE3PSZS7GHRZ3EDXD2SA: logic eval error: assert failed pc=126. Details: app=3548200231, pc=126, opcodes=app_global_get; \u003e; assert""}
"
LX4HNR4G6FTEODAAE7JBW6HCFD34JSWMREQJTN6MJW77LJJV2HKA,,3000,failed,"{""data"":{""app-index"":3548200231,""eval-states"":[{},{""stack"":[0]}],""group-index"":1,""pc"":126},""message"":""TransactionPool.Remember: transaction T7YWL73KV2CGVQ5MIGZRGNB53NEHONZYBANFSJ3AWTBBIFFBPALA: logic eval error: assert failed pc=126. Details: app=3548200231, pc=126, opcodes=app_global_get; \u003e; assert""}
"
A65UGDJK52P7LVSC7NFHWO6BXGTVS2TXU6JNL2EMNE2QJMJDHADA,,3000,failed,"<html>
<head><title>429 Too Many Requests</title></head>
<body>
<center><h1>429 Too Many Requests</h1></center>
<hr><center>openresty</center>
</body>
</html>
"
NSHZXFTOCSZSNAXNEJC6T77G3HOQVIL3H5OVACGMHLFHQLRQXSJQ,,3000,failed,"{""data"":{""app-index"":3548200231,""eval-states"":[{},{""stack"":[0]}],""group-index"":1,""pc"":126},""message"":""TransactionPool.Remember: transaction 2XX32KSJEKQ5MKISCFNIOY246MA27SIJS5HML4RX2LOLK4DRW4JA: logic eval error: assert failed pc=126. Details: app=3548200231, pc=126, opcodes=app_global_get; \u003e; assert""}
"
VIZTLZXPT2Z2XSXRDADT7HFUI6R2VIRCMQHLFYXJLDYJEHFHJCJQ,,3000,failed,"<html>
<head><title>429 Too Many Requests</title></head>
<body>
<center><h1>429 Too Many Requests</h1></center>
<hr><center>openresty</center>
</body>
</html>
"
KMLS2DRYK7W4PE5HAERZFYJR62KQOKJXW3TYTNMIJIKIK64XIAPQ,,3000,failed,"{""data"":{""app-index"":3548200231,""eval-states"":[{},{""stack"":[0]}],""group-index"":1,""pc"":126},""message"":""TransactionPool.Remember: transaction IHVCPG4TV2YXN4IH3RHCRSIEEYMTKG5O4YUVWGLCAXRKTEG46HPA: logic eval error: assert failed pc=126. Details: app=3548200231, pc=126, opcodes=app_global_get; \u003e; assert""}
"
EC46XPRCONTUPYFAT6XGOUF62EQVK44LSTNSKNIKCXW6EEX2I5RA,,3000,failed,"<html>
<head><title>429 Too Many Requests</title></head>
<body>
<center><h1>429 Too Many Requests</h1></center>
<hr><center>openresty</center>
</body>
</html>
"
XDYGGUZFGEO3UXDL4LPIOR6YJGZNRJ6UHNV4GFKYOAZZ364MZ4ZA,,3000,failed,"<html>
<head><title>429 Too Many Requests</title></head>
<body>
<center><h1>429 Too Many Requests</h1></center>
<hr><center>openresty</center>
</body>
</html>
"
IIYVO5565D26VGYZF26E3TTVWRDIEUZUYMMLR75QAJ2USTO7VDEA,,3000,failed,"<html>
<head><title>429 Too Many Requests</title></head>
<body>
<center><h1>429 Too Many Requests</h1></center>
<hr><center>openresty</center>
</body>
</html>
"
PMDEV242AHHMSA6VO2BA2KXKRYHL4OXLA3VXJLNT5DPO5PMM6R5Q,,3000,failed,"{""data"":{""app-index"":3548200231,""eval-states"":[{},{""stack"":[0]}],""group-index"":1,""pc"":126},""message"":""TransactionPool.Remember: transaction YXOW7AVAUZ6BMLU5NB2JE62UANQEQWXFSQRQ7BEA4CRB3K24JX4A: logic eval error: assert failed pc=126. Details: app=3548200231, pc=126, opcodes=app_global_get; \u003e; assert""}
"
4QHL75Q22O44HHQZKJYBNGOF77HFDF5SQ4OOMZ7ZKY64IXELO6WQ,,3000,failed,"<html>
<head><title>429 Too Many Requests</title></head>
<body>
<center><h1>429 Too Many Requests</h1></center>
<hr><center>openresty</center>
</body>
</html>
"
POBJ3P5DJDSTG5RYEL6F53CW43RQFZO47ZRS2RJGW4M2JXG773WQ,,3000,failed,"<html>
<head><title>429 Too Many Requests</title></head>
<body>
<center><h1>429 Too Many Requests</h1></center>
<hr><center>openresty</center>
</body>
</html>
"
7FTI2N4WGPLJZHWWHSHYFW7KYQLGQG4JZ7PL4557PZDUXS4OEWOA,5.199827671051025,2000,success,
KE4TCTO3IOXNLV6E46ODHFDHUES34T7EXJWX7QYKPTAPUU25PJRA,,3000,failed,"<html>
<head><title>429 Too Many Requests</title></head>
<body>
<center><h1>429 Too Many Requests</h1></center>
<hr><center>openresty</center>
</body>
</html>
"
DZELUVD76JNQG6A5T4SA6RB7YLIU6D3ZSOWSSVBFMYRRY3TON4AA,,3000,failed,"<html>
<head><title>429 Too Many Requests</title></head>
<body>
<center><h1>429 Too Many Requests</h1></center>
<hr><center>openresty</center>
</body>
</html>
"
BW7DVBLYNKVC5JMEGJ5JFTJLPOGZKUT7P6QOUVRPBGAEA2TSGPEQ,7.0043861865997314,2000,success,
QDKH6I36YMI5KNI5HMQ2WWWDDVPYHHDZCFGN6QOOO4YGXFVMYUIA,,3000,failed,"<html>
<head><title>429 Too Many Requests</title></head>
<body>
<center><h1>429 Too Many Requests</h1></center>
<hr><center>openresty</center>
</body>
</html>
"
QAU2YJV2CCNFNFKY7OUUMLOUNRQFFPPNG5IAESTQDJROUBP4EIGQ,,3000,failed,"<html>
<head><title>429 Too Many Requests</title></head>
<body>
<center><h1>429 Too Many Requests</h1></center>
<hr><center>openresty</center>
</body>
</html>
"
CHAUMD6F7J4EFP5N34KXNX2Y6IN7B72WPAMNEPK3ATO3XAEJUQFA,,3000,failed,"<html>
<head><title>429 Too Many Requests</title></head>
<body>
<center><h1>429 Too Many Requests</h1></center>
<hr><center>openresty</center>
</body>
</html>
"
QJGVAEGVUYSKBAQJSCX2MUTI2UJ7EVYOERVHM3PA532CQK65NELQ,5.215743780136108,2000,success,
TTKTSO7IQZKBFTW752RNEJU2V5XED7TJN224SGZEASBIGDHH55FA,,3000,failed,"{""data"":{""app-index"":3548200231,""eval-states"":[{},{""stack"":[0]}],""group-index"":1,""pc"":126},""message"":""TransactionPool.Remember: transaction MF6AF7IJ32K75OSHNHGUU2SKKKI4D5SWDBNZJR7RC2I2CZZMV6JA: logic eval error: assert failed pc=126. Details: app=3548200231, pc=126, opcodes=app_global_get; \u003e; assert""}
"
OIQULUXNT3RA43UEZPBCTQSBQYJ64ESJ65NDBH5Q2D23GOUA5XFA,5.603521823883057,2000,success,
NNKFXPHBMTTEVQ4QSOUDGSI77DW5YZIBYFOD3ZXJ7Q54Y3IU7K4A,7.377408266067505,2000,success,
A6CY7II4FIURSYKHBL5UIQ7SY2HVJKCA2SXTQXEI7R5OWNCHTGZQ,5.677860975265503,2000,success,
OXQB3Q5OVJD4ZWMCEWQLWLVX4NYDLQCQSCUNOQSSSZMCO677POHQ,,3000,failed,"{""data"":{""app-index"":3548200231,""eval-states"":[{},{""stack"":[0]}],""group-index"":1,""pc"":126},""message"":""TransactionPool.Remember: transaction EFNSXRSZ3RLSKT7XUA35ZEOYO76NMS65HWB5K6CIKRXAMQCCUXYQ: logic eval error: assert failed pc=126. Details: app=3548200231, pc=126, opcodes=app_global_get; \u003e; assert""}
"
25XM4DNOYZ4726TLEK5JVDX3D454CBZECGJT3RWW4GEHNRQE5VRA,,3000,failed,"{""data"":{""app-index"":3548200231,""eval-states"":[{},{""stack"":[0]}],""group-index"":1,""pc"":126},""message"":""TransactionPool.Remember: transaction 3KSGJMHVKRH45IBUADH4THVT5KBWHCOE6KJTSMBSOO77YKVRAIHQ: logic eval error: assert failed pc=126. Details: app=3548200231, pc=126, opcodes=app_global_get; \u003e; assert""}
"
Z3ATZ3SISJDLDIL45UO453JXLMEPTBUZDCNPT4VDEJ6YUDJDOU3A,,3000,failed,"<html>
<head><title>429 Too Many Requests</title></head>
<body>
<center><h1>429 Too Many Requests</h1></center>
<hr><center>openresty</center>
</body>
</html>
"
XACWPK6RLS2IRHG22WE25WVVDSRZMMENSKYB2Z7AKO56MNLMRHMA,7.25691294670105,2000,success,
VAH62Z76LGXHF37TK7E3UTM2KEMVCLBXFXYQNUZRXMV5I7PFAAAA,,3000,failed,"<html>
<head><title>429 Too Many Requests</title></head>
<body>
<center><h1>429 Too Many Requests</h1></center>
<hr><center>openresty</center>
</body>
</html>
"
MCPOKKWJM5HLPXCBEVYV6WGO65S5XMRC7XT7PD725H6FFPXW32QA,5.777068853378296,2000,success,
OCG3X2YOESCBQIVAUW34PPQR5GQDLJBAXK67UBWDTNATJSSC6JFQ,,3000,failed,"{""data"":{""app-index"":3548200231,""eval-states"":[{},{""stack"":[0]}],""group-index"":1,""pc"":126},""message"":""TransactionPool.Remember: transaction MZ5ZRVWARFPGDYLLTOCWEQ3YKNATYHAUVISN5YTLAUHJJYUXQKPQ: logic eval error: assert failed pc=126. Details: app=3548200231, pc=126, opcodes=app_global_get; \u003e; assert""}
"
7IVHW56ALI3OLRYHLHCTJRHFSPJRNY4NXDWHVPAL3YSFCUS4TITA,,3000,failed,"{""data"":{""app-index"":3548200231,""eval-states"":[{},{""stack"":[0]}],""group-index"":1,""pc"":126},""message"":""TransactionPool.Remember: transaction VWCERTSNEN3W6UTJI4T2YYNFQZOCIQYC3MBIK247R2DG3WUCKNYA: logic eval error: assert failed pc=126. Details: app=3548200231, pc=126, opcodes=app_global_get; \u003e; assert""}
"
OL4FWLQIT5UD3LKCBQRLULFJJZDHN6PZHHGMEPYDXQSDJWH3XQYA,,3000,failed,"<html>
<head><title>429 Too Many Requests</title></head>
<body>
<center><h1>429 Too Many Requests</h1></center>
<hr><center>openresty</center>
</body>
</html>
"
7YYT2247ZCIDALTRW4CPPYHCCUOHEBYG7KDK245ODO57RA3HC2MQ,7.309763669967651,2000,success,
HK4K3O3AWERYG2IPDPLMUYGD5YBZTP6P6YZWU2HXKKZWKBGTFR2Q,11.128808498382568,2000,success,
CFM6QICMNHCUSJDFRWHS5YVEBLQEBUVKQI65QSKNKXYFMNMZCJPA,,3000,failed,"{""data"":{""app-index"":3548200231,""eval-states"":[{},{""stack"":[0]}],""group-index"":1,""pc"":126},""message"":""TransactionPool.Remember: transaction 4I42OJRFO6UBNNO33E2LRLNOVKHXNCTNIK3EBXY7WUIXRWN5CQUQ: logic eval error: assert failed pc=126. Details: app=3548200231, pc=126, opcodes=app_global_get; \u003e; assert""}
"
YAAINDUGPSJDNIWDSWQCEYUL6CHI3EV6ESJTV3WXI5BIL4FNOUTA,,3000,failed,"<html>
<head><title>429 Too Many Requests</title></head>
<body>
<center><h1>429 Too Many Requests</h1></center>
<hr><center>openresty</center>
</body>
</html>
"
GC626ZJA7H2DUEZLUD23MOIRFYYKJZUKJ2G7NEC5NYQNIRGJK2AA,5.20333456993103,2000,success,
AE5NUZSHEZQWQFRPLYXDNQZQGMJHXOMD6POYT2JD2FQKENJHQUZA,6.30010986328125,2000,success,
3UUYRWWMNANRQ46VE5PVWMKKK6DS3RA5MVVF4THTGFNKNJVTUGCQ,,3000,failed,"{""data"":{""app-index"":3548200231,""eval-states"":[{},{""stack"":[0]}],""group-index"":1,""pc"":126},""message"":""TransactionPool.Remember: transaction 2WQHD6NEQW7UYVBMDE5ZJSJ5Z6SXL5AUALOUCABGURQKARQZTMRQ: logic eval error: assert failed pc=126. Details: app=3548200231, pc=126, opcodes=app_global_get; \u003e; assert""}
"
MQZDQJJZ7ASZRJY7PXXMQR6RWRZH7KY2KQBNNQFWYC6W4SI5B2FQ,,3000,failed,"<html>
<head><title>429 Too Many Requests</title></head>
<body>
<center><h1>429 Too Many Requests</h1></center>
<hr><center>openresty</center>
</body>
</html>
"
MXLMNDLES5AV3KFQUZV3X7LRQON2TLNKIUES5AW45ILPSLZSFVOQ,7.201986312866211,2000,success,
U37QAUUOGJPUXXSS56E5YD6NREADYS5ANRZHXUYH77PIEWJFRHIQ,9.862005949020386,2000,success,
DIL5IHQBYBTT6XRSFOVWS7LRCXHNROVFUCGYWFCYUMRBUXPM3J6A,,3000,failed,"{""data"":{""app-index"":3548200231,""eval-states"":[{},{""stack"":[0]}],""group-index"":1,""pc"":126},""message"":""TransactionPool.Remember: transaction ZDYVN7CH7X7ARXVDFOQKMVG6LXNKYKRE3YNU3GJZ5C4YXPONIXGQ: logic eval error: assert failed pc=126. Details: app=3548200231, pc=126, opcodes=app_global_get; \u003e; assert""}
"
ECX7GRLRXA2WCN4BKQ4QW2PP43CERUKFQRWWTGACACAR6IAESUMA,,3000,failed,"{""data"":{""app-index"":3548200231,""eval-states"":[{},{""stack"":[0]}],""group-index"":1,""pc"":126},""message"":""TransactionPool.Remember: transaction YK5N6H3SMKKL2I7L3CNLPOZ4BWSCCEAVTLRIVIR45WALEJQO5C6A: logic eval error: assert failed pc=126. Details: app=3548200231, pc=126, opcodes=app_global_get; \u003e; assert""}
"
US5W322MSTA5B457JWAO3RNCXI3SBVGKRQKMWS5UD33ME5QLDEDQ,7.937641859054565,2000,success,
VQDRGH35S75G4ZCGLFKNNELSOCSUS3JXUC6HEAKWSBZTALSK22RA,,3000,failed,"<html>
<head><title>429 Too Many Requests</title></head>
<body>
<center><h1>429 Too Many Requests</h1></center>
<hr><center>openresty</center>
</body>
</html>
"
2BWOF7U5UEC5X5RTOB4BIRTECFWT3YOHRFBR2KKF5Z7UTOE7BRHQ,,3000,failed,"{""data"":{""app-index"":3548200231,""eval-states"":[{},{""stack"":[0]}],""group-index"":1,""pc"":126},""message"":""TransactionPool.Remember: transaction DY5CU2KOSVH5GMSVRVJG2GASTTLQJM6DMIBODLQ5CHQBATORSCHQ: logic eval error: assert failed pc=126. Details: app=3548200231, pc=126, opcodes=app_global_get; \u003e; assert""}
"
NN7SV2AMA6GOASV54B2647UBVLO5TSFMI3KOA6CD7UHJEDYP4BXA,7.989453315734863,2000,success,
QEACDKUOKWCNPJVYTL6X7QBAZSJB75KHBEAIQD4OCFEXL5BODAGQ,7.13415265083313,2000,success,
Z23UFQGHIIOH2TEHSG2LLSOY2B25N5LCAMY6SXQO5XRIH2WSUVQA,,3000,failed,"{""data"":{""app-index"":3548200231,""eval-states"":[{},{""stack"":[0]}],""group-index"":1,""pc"":126},""message"":""TransactionPool.Remember: transaction WKNTSAAQA6XJFB7YUSTBSXVDEV2GJ2CPHJ7HBXX3DSYJKGADUDTQ: logic eval error: assert failed pc=126. Details: app=3548200231, pc=126, opcodes=app_global_get; \u003e; assert""}
"
UE2JSPPSZZGTBD5RAMN373FI727W7NRPACO2E6NDE4MSMQSDHY2A,,3000,failed,"{""data"":{""app-index"":3548200231,""eval-states"":[{},{""stack"":[0]}],""group-index"":1,""pc"":126},""message"":""TransactionPool.Remember: transaction BPZO22PBQYDCJEWBAPIK5V57PJF22CT77BQ6RKTXZJY4TDII5AVQ: logic eval error: assert failed pc=126. Details: app=3548200231, pc=126, opcodes=app_global_get; \u003e; assert""}
"
RUNMYFDF47B66OADG2YCUBTWHOYG5RSWBYLPOVLL6KVUG62Y4IZQ,,3000,failed,"{""data"":{""app-index"":3548200231,""eval-states"":[{},{""stack"":[0]}],""group-index"":1,""pc"":126},""message"":""TransactionPool.Remember: transaction SZAVCGURS3APHRSPBAYKPUSDH5ZVXJMES4ZZNXDK7J2XR4CGU42Q: logic eval error: assert failed pc=126. Details: app=3548200231, pc=126, opcodes=app_global_get; \u003e; assert""}
"
BUNQR2VKSE44TFJOZNKMPMQUVKXZ5OLNLNB36XBZFDYOQEYZDTFA,,3000,failed,"<html>
<head><title>429 Too Many Requests</title></head>
<body>
<center><h1>429 Too Many Requests</h1></center>
<hr><center>openresty</center>
</body>
</html>
"
D7FKIN7BPXJYAL3EGIXFOI3R4PXFUSUOHZK4H43EPHAILLQCOVGA,5.659719705581665,2000,success,
KJM7QLGECPMOVDEVS54OLX3MWWYFHRR5G33UPNIEIXXIH7IKGM2Q,,3000,failed,"<html>
<head><title>429 Too Many Requests</title></head>
<body>
<center><h1>429 Too Many Requests</h1></center>
<hr><center>openresty</center>
</body>
</html>
"
ODUR5OFVABZC3MLLCUNMBN3MGBF7UFIYN5PD2TCQ4KVMZKWIB2YQ,,3000,failed,"<html>
<head><title>429 Too Many Requests</title></head>
<body>
<center><h1>429 Too Many Requests</h1></center>
<hr><center>openresty</center>
</body>
</html>
"
SEBDVWCYDJLRJBXLUZFGPNIC7H3UQJ4A7WZS3L7UWQVKVP4QMUZQ,,3000,failed,"{""data"":{""app-index"":3548200231,""eval-states"":[{},{""stack"":[0]}],""group-index"":1,""pc"":126},""message"":""TransactionPool.Remember: transaction 5KBV36VW6P7MMOR7PFJAGXY5OJQCPLHB2TDACQD3I2LPGQENWDUQ: logic eval error: assert failed pc=126. Details: app=3548200231, pc=126, opcodes=app_global_get; \u003e; assert""}
"
D4GI4VHTGULX6ART3QULSZM57CRSDDMFRR65KOT7YW6WWIEDGZ2A,,3000,failed,"{""data"":{""app-index"":3548200231,""eval-states"":[{},{""stack"":[0]}],""group-index"":1,""pc"":126},""message"":""TransactionPool.Remember: transaction OF6YWHSEIYT5H6J7TMLQZDUQJ4B7VA7SOQ43RLS6XJYJ5TJJOMNQ: logic eval error: assert failed pc=126. Details: app=3548200231, pc=126, opcodes=app_global_get; \u003e; assert""}
"
BW2IUFIKPYXUWAXM76G66G7LPUM2FQV6NYEKD4LKGADYPMXPP2CA,,3000,failed,"{""data"":{""app-index"":3548200231,""eval-states"":[{},{""stack"":[0]}],""group-index"":1,""pc"":126},""message"":""TransactionPool.Remember: transaction VX3VZ7TQVVP3AEFGBIHAT6Q77EPTVED67R7VLBZR6TFFMUN4TFUQ: logic eval error: assert failed pc=126. Details: app=3548200231, pc=126, opcodes=app_global_get; \u003e; assert""}
"
PYQPOVJV6FDE62BFBCME4P4JKUJ2MX4SFQUWNLUS7WTPN2YV7RPQ,,3000,failed,"<html>
<head><title>429 Too Many Requests</title></head>
<body>
<center><h1>429 Too Many Requests</h1></center>
<hr><center>openresty</center>
</body>
</html>
"
DL7R5HR72U5TTO5A4ZJXDA3YOSITXP5FLG2CHXCTFYDIFKVCJYXA,,3000,failed,"<html>
<head><title>429 Too Many Requests</title></head>
<body>
<center><h1>429 Too Many Requests</h1></center>
<hr><center>openresty</center>
</body>
</html>
"
5G2IFP2KBW33R3EPOGCZJ6XAWSSWEEHMZGMVTT336EMRC7XELHEA,8.256854772567749,2000,success,
ZQ24X7DVCZDC3ETXZ572XVIBRSZH5DIBDM42NPNK7SLEQKNFGKEQ,,3000,failed,"{""data"":{""app-index"":3548200231,""eval-states"":[{},{""stack"":[0]}],""group-index"":1,""pc"":126},""message"":""TransactionPool.Remember: transaction BFGDS5YVH2OQUZZJMJLKOQBPRNAD333SIMNSD4D7IITI5Z7QX32Q: logic eval error: assert failed pc=126. Details: app=3548200231, pc=126, opcodes=app_global_get; \u003e; assert""}
"
POOBNCJEU4SOBYCFCHTHQ2IKBPPYMSRO2K2HF3E5SL7GHB7PETQA,6.360910177230835,2000,success,
CXGELECFPQXG5HVVXGS5EPG7CPEBLGI7YOJAV2OJ4K5OBNDQX4RQ,8.027940034866333,2000,success,
27VXK7MT3HKXI63JJJ3VLU4E2C2X4TFEGYCC6BLBAES5R3GNN2LA,,3000,failed,"<html>
<head><title>429 Too Many Requests</title></head>
<body>
<center><h1>429 Too Many Requests</h1></center>
<hr><center>openresty</center>
</body>
</html>
"
IEZF4ARKMTMXZC2ASFSSYL5BTZS2TT7JBKFWN562HYGR6QFGKTPA,7.91169810295105,2000,success,
K6BTQDNQMOT7GJIJQRPWINM4LXXJHHQ3CFBW7S7F7NCPVCH6VAAQ,6.922623634338379,2000,success,
RZI2BUZSR54WDJUSKA6FBQRGBSUH65UIWDUZPYK4LNI2FTURDJQA,,3000,failed,"<html>
<head><title>429 Too Many Requests</title></head>
<body>
<center><h1>429 Too Many Requests</h1></center>
<hr><center>openresty</center>
</body>
</html>
"
N4P2KQO5SW4Y7QHQKZOTWFJEACHNJU7ICOYXWPPQJKG7NQAUR5RQ,4.760519981384277,2000,success,
L4HN7Y7H7JV6HXID7LRM6XZZPPRMHP3233LTDNZRPLJCV2C3KLGA,,3000,failed,"<html>
<head><title>429 Too Many Requests</title></head>
<body>
<center><h1>429 Too Many Requests</h1></center>
<hr><center>openresty</center>
</body>
</html>
"
V42WZWBVQDCBZWBAKBMQJCURPROLXMQLFS2QWI4Y7KZNCB3UGBOA,3.3975977897644043,2000,success,
A6VOE6JVS74K3V4X5HRI7MZ76XDIVN6QT2R2HQCCE7HIRR77AYZA,,3000,failed,"<html>
<head><title>429 Too Many Requests</title></head>
<body>
<center><h1>429 Too Many Requests</h1></center>
<hr><center>openresty</center>
</body>
</html>
"
UMAOLKUYV37D5DNM42CMN6LYP2MG2IV6QKBQX7EJTS2TEMAS6NEA,4.185125350952148,2000,success,
HNGQQTAMVWMHCKUAW57RVG3HTYDF7QQVCOBNHC33UYJWY3DJBJDA,7.899939775466919,2000,success,
KLLH42UPV2G5KGYAXD2ZA5NEI7NAG73I6UASIJGLZ3OHBAG5UTRA,,3000,failed,"<html>
<head><title>429 Too Many Requests</title></head>
<body>
<center><h1>429 Too Many Requests</h1></center>
<hr><center>openresty</center>
</body>
</html>
"
2K4GTYPF7TVXVAZTVUNOLG3VEEIZHUIY6UVVL2FWE2UUCGO6ZPPQ,,3000,failed,"<html>
<head><title>429 Too Many Requests</title></head>
<body>
<center><h1>429 Too Many Requests</h1></center>
<hr><center>openresty</center>
</body>
</html>
"
6UKIZ5CGL2ZI2ZAGHRYTVEMQYKBNJBI35KGLM7OBVTA7SS52QRDQ,,3000,failed,"{""data"":{""app-index"":3548200231,""eval-states"":[{},{""stack"":[0]}],""group-index"":1,""pc"":126},""message"":""TransactionPool.Remember: transaction MH4KFSJGZESZWJFOE6QHZFRSEWEKKBSNWILZXM656SLLZE4HSSHQ: logic eval error: assert failed pc=126. Details: app=3548200231, pc=126, opcodes=app_global_get; \u003e; assert""}
"
EZFMDGVEXFM6LLGCH6GH35Z77RDBIBCLW6QWPP5DIUZKVABFNV4Q,,3000,failed,"<html>
<head><title>429 Too Many Requests</title></head>
<body>
<center><h1>429 Too Many Requests</h1></center>
<hr><center>openresty</center>
</body>
</html>
"
IPYVFQ3GLJGCSKQCKNCLPDZQWZ2LTJCRCHU3B456UNRGVB6ADOAA,,3000,failed,"{""data"":{""app-index"":3548200231,""eval-states"":[{},{""stack"":[0]}],""group-index"":1,""pc"":126},""message"":""TransactionPool.Remember: transaction S23CYT52ECPQIV2MEB4GQ53SCQZUU4FT7RECZQ63LNRGO34FMMHQ: logic eval error: assert failed pc=126. Details: app=3548200231, pc=126, opcodes=app_global_get; \u003e; assert""}
"
SLENN44V2XI2G33YH72JOI5N4N2VS4SRVYPJA423UC6CFE4TEV4A,,3000,failed,"{""data"":{""app-index"":3548200231,""eval-states"":[{},{""stack"":[0]}],""group-index"":1,""pc"":126},""message"":""TransactionPool.Remember: transaction DVF74FQAAWV7CS5XEXIDCGPMSZ2UARECHNL2NTNYJF3HZ4467UZA: logic eval error: assert failed pc=126. Details: app=3548200231, pc=126, opcodes=app_global_get; \u003e; assert""}
"
6ZQNSMD3LLXLYZZVH26HL7D4I7XX2F4ENKVYBLIN5LJO6OH4KFNQ,,3000,failed,"<html>
<head><title>429 Too Many Requests</title></head>
<body>
<center><h1>429 Too Many Requests</h1></center>
<hr><center>openresty</center>
</body>
</html>
"
UNRI26EAMVLJHBP4Y52A2RHV5EIRXDKHKPIN6DIMINJB5CYMR5FA,4.516486167907715,2000,success,
QEALBNIBGMMAMCHOKWP6G5XWCS3OUTK46DTIFOOT5M4YZN3V3XGQ,,3000,failed,"<html>
<head><title>429 Too Many Requests</title></head>
<body>
<center><h1>429 Too Many Requests</h1></center>
<hr><center>openresty</center>
</body>
</html>
"
6KAASSHC5IG5G5HC3TJQRD5AIPVGWI56DQTFQFMWNMDFWIN3NGSQ,,3000,failed,"<html>
<head><title>429 Too Many Requests</title></head>
<body>
<center><h1>429 Too Many Requests</h1></center>
<hr><center>openresty</center>
</body>
</html>
"
CTENSWDACCXSC2WQWT6WJ5MLWMZRGJAROXXHBUVNEBO6J3BEHX4A,,3000,failed,"{""data"":{""app-index"":3548200231,""eval-states"":[{},{""stack"":[0]}],""group-index"":1,""pc"":126},""message"":""TransactionPool.Remember: transaction 433VAGBAJTJLGDZMFOMJLNCTA7GBVS6IMGY6ALTKQH5PRL5W47WQ: logic eval error: assert failed pc=126. Details: app=3548200231, pc=126, opcodes=app_global_get; \u003e; assert""}
"
MKOM5CKPCOEXG757HKPV2PKLOKEV6W7XRKAI43TSER5S6MMFECCA,,3000,failed,"{""data"":{""app-index"":3548200231,""eval-states"":[{},{""stack"":[0]}],""group-index"":1,""pc"":126},""message"":""TransactionPool.Remember: transaction ENIIVFIEPQGNDGRJXGZWEYFHFA2EMMNE5TEAKZLJ27AW3IAF2S4Q: logic eval error: assert failed pc=126. Details: app=3548200231, pc=126, opcodes=app_global_get; \u003e; assert""}
"
XDNOOVF3NLJOPDLKU5IJXYJ2VIU6UKG7J6NFKINGJVIKGGZUKIAQ,,3000,failed,"<html>
<head><title>429 Too Many Requests</title></head>
<body>
<center><h1>429 Too Many Requests</h1></center>
<hr><center>openresty</center>
</body>
</html>
"
KHIJMK2OOQANQAKQQQITK6IVJMJODGQXK3GB3LYUFX7XQPMPVOUA,5.409661054611206,2000,success,
YIRYQUEGZN6GWZMPG2C5RYYMHHR5MVTN474PGRRMO7PVHZX3C3CA,,3000,failed,"<html>
<head><title>429 Too Many Requests</title></head>
<body>
<center><h1>429 Too Many Requests</h1></center>
<hr><center>openresty</center>
</body>
</html>
"
R4GFZTNLGXHHRW4UYNBFMYGOC64ZHW3J6L6UA3GDDJSF62FUZSXQ,4.579960107803345,2000,success,
N32CIFY4L4FKJIC2GPJLFHFMKF5VU56W3UYZX2Z3ZJR4IXBWBT3A,,3000,failed,"{""data"":{""app-index"":3548200231,""eval-states"":[{},{""stack"":[0]}],""group-index"":1,""pc"":126},""message"":""TransactionPool.Remember: transaction FNN5WNRN3X7E3LL2YXEXOMA43C3REDYZ5PUGXTT2HM5CQZZJJV4A: logic eval error: assert failed pc=126. Details: app=3548200231, pc=126, opcodes=app_global_get; \u003e; assert""}
"
XK7DPQFGTGI45UTPXNRGQOQNMQ3OIPMRH2PFEXQAUCKIA4KFTQMA,,3000,failed,"<html>
<head><title>429 Too Many Requests</title></head>
<body>
<center><h1>429 Too Many Requests</h1></center>
<hr><center>openresty</center>
</body>
</html>
"
YLEUQ4KSW3DKXIN3GOCSMYC37PHTA44QJMJURAWTEKL7EWDJBPTA,,3000,failed,"<html>
<head><title>429 Too Many Requests</title></head>
<body>
<center><h1>429 Too Many Requests</h1></center>
<hr><center>openresty</center>
</body>
</html>
"
Q4EZZGJMBIQQQFB6WEL5KGDG5AGSWUL5ECRSEGTAMUG2NUUFAVEQ,5.215372085571289,2000,success,
6W4POKFN2VP47HTYI7QS4OPIH2SZIBJVWTXGBEQBMXHV5XOHCNQQ,,3000,failed,"<html>
<head><title>429 Too Many Requests</title></head>
<body>
<center><h1>429 Too Many Requests</h1></center>
<hr><center>openresty</center>
</body>
</html>
"
AZYOWDGS3YSP766MBXACLORUKL5GDRNPNGI2BUCML4TVJB46YSAA,4.678987741470337,2000,success,
3ESAJN3M3CKS5KWPAFRIQKOTXCVGT5QVXXYCXQBDF3J7VNRX55DQ,5.856801509857178,2000,success,
4NVS2OI3IY6ERSRB776MPBET3QF63CYH36PEYQ6C5ZLVJGHM3FNQ,,3000,failed,"{""data"":{""app-index"":3548200231,""eval-states"":[{},{""stack"":[0]}],""group-index"":1,""pc"":126},""message"":""TransactionPool.Remember: transaction MCJNGD63P3DUC4IYSPE5X4S5MQ6TUYUUVFB42KJNSBZ44NIXV2TQ: logic eval error: assert failed pc=126. Details: app=3548200231, pc=126, opcodes=app_global_get; \u003e; assert""}
"
4YGDI4R3C4WKB7FZBKJAJPV2PH4BWTEYORWLMW73NMP3HAMP2YOQ,,3000,failed,"{""data"":{""app-index"":3548200231,""eval-states"":[{},{""stack"":[0]}],""group-index"":1,""pc"":126},""message"":""TransactionPool.Remember: transaction EJZBZUDVWXB6BOPKM23LGRGV5Y3ECZEW45CWJ7YIKWH5MURJI53Q: logic eval error: assert failed pc=126. Details: app=3548200231, pc=126, opcodes=app_global_get; \u003e; assert""}
"
XHQSSC3XBWXVACH3QRRAHHXRZ4OGDESZHMC5GY5AW5IQUI3JPHKQ,,3000,failed,"<html>
<head><title>429 Too Many Requests</title></head>
<body>
<center><h1>429 Too Many Requests</h1></center>
<hr><center>openresty</center>
</body>
</html>
"
INM3PQIPF4U3GG4VDFSKENBMFN35AMA7XP27KGMY5L3VKWOHEJCA,,3000,failed,"{""data"":{""app-index"":3548200231,""eval-states"":[{},{""stack"":[0]}],""group-index"":1,""pc"":126},""message"":""TransactionPool.Remember: transaction MRGXSLME7JWGT4AGINJQXCLEPOTUCTYVCXDYYBCWBVDY6C65SSDA: logic eval error: assert failed pc=126. Details: app=3548200231, pc=126, opcodes=app_global_get; \u003e; assert""}
"
SQW6TAOSHSHSKCMLX6LT4N5AQAQOXUUQ477TIW5QMQT3ALNUQAXQ,,3000,failed,"<html>
<head><title>429 Too Many Requests</title></head>
<body>
<center><h1>429 Too Many Requests</h1></center>
<hr><center>openresty</center>
</body>
</html>
"
ODHFZCMXCWKTR62KXGPBPVFAMVETLN6IKPPMV4MPPK334WFUI6MQ,6.684457063674927,2000,success,
UHXTUBZFDAPGFUSWG6PRXCARICA4JYWEF3TAV5CHO2RFPAZAXHKA,5.197499752044678,2000,success,
7SJHKDDXJF7G4OI5623LDOI7XGRN7YT54MR3MJSKNYFJ7SFK2HZA,,3000,failed,"{""data"":{""app-index"":3548200231,""eval-states"":[{},{""stack"":[0]}],""group-index"":1,""pc"":126},""message"":""TransactionPool.Remember: transaction WMA566PX3OIEV26MXOAMAUQG5UH7EZ2SUAPYKEHEOQPVSXO4RXAA: logic eval error: assert failed pc=126. Details: app=3548200231, pc=126, opcodes=app_global_get; \u003e; assert""}
"
BKK6AXM5HNV3HR5NQY72MECEGKFYG5UJGRHB53A5ZQZEHULC6NOQ,,3000,failed,"{""data"":{""app-index"":3548200231,""eval-states"":[{},{""stack"":[0]}],""group-index"":1,""pc"":126},""message"":""TransactionPool.Remember: transaction Y5OS4WC6ATYYSXP7XN4PUI3PDXM5PFSXBKA5RJNGK64VHSYTUU5Q: logic eval error: assert failed pc=126. Details: app=3548200231, pc=126, opcodes=app_global_get; \u003e; assert""}
"
UFBBOVMT6L526QSET6YN3MNRIA3EWJOMCXCIRIPP5V6YONUCYDTQ,6.445763349533081,2000,success,
R6G2SV7JAXUDBNCXS3PY52MDUUMXWHLNYD3K75YEGCEN3UE3PFNA,,3000,failed,"<html>
<head><title>429 Too Many Requests</title></head>
<body>
<center><h1>429 Too Many Requests</h1></center>
<hr><center>openresty</center>
</body>
</html>
"
JHU2FFC4ZRRZC6523V5CNH3ZPHM6CNKLYGY3IJ63LV5DLEAZMGGQ,4.7740395069122314,2000,success,
LBKKOYCVOBGVFF7ZSLPDZP3D6AUYM6SDFWET5MQZIOMR67HL7UDQ,,3000,failed,"<html>
<head><title>429 Too Many Requests</title></head>
<body>
<center><h1>429 Too Many Requests</h1></center>
<hr><center>openresty</center>
</body>
</html>
"
QRGGZG7NBXZQCWZN73ZS6ASBNZPMFMLTWIW66KVZH32FN4UUSJ5A,,3000,failed,"{""data"":{""app-index"":3548200231,""eval-states"":[{},{""stack"":[0]}],""group-index"":1,""pc"":126},""message"":""TransactionPool.Remember: transaction QGAGQSIDUEDVZ7IHVGQTD7VT35NWUQDUBJLZRD5RNEGJU7CPP5KQ: logic eval error: assert failed pc=126. Details: app=3548200231, pc=126, opcodes=app_global_get; \u003e; assert""}
"
X4J5YEPJN6OH673I4V2TKB526CN4BMQFIK7CY3CODN3N3BQRDLNQ,,3000,failed,"{""data"":{""app-index"":3548200231,""eval-states"":[{},{""stack"":[0]}],""group-index"":1,""pc"":126},""message"":""TransactionPool.Remember: transaction GF47HB7TLN44RD7U6WW6TVMHXPSDE5WN5S6PJJIXCSS7HBB3YD4A: logic eval error: assert failed pc=126. Details: app=3548200231, pc=126, opcodes=app_global_get; \u003e; assert""}
"
4NG5DXYPY37TA7MLDW2IOGXOGAJD4MIR6B3YUCBPXA5KSG64GVXQ,4.53271222114563,2000,success,
AGNR5BF5HWOQOUZPKYYYDZJIIFWWAR7EODOOQ4KMCMZQ7KGXFKPQ,,3000,failed,"<html>
<head><title>429 Too Many Requests</title></head>
<body>
<center><h1>429 Too Many Requests</h1></center>
<hr><center>openresty</center>
</body>
</html>
"
KW5NBW27BC5AJNGEUR4JYSXARFFISNESSIA7X6QYWKNIQPPFFFFQ,,3000,failed,"{""data"":{""app-index"":3548200231,""eval-states"":[{},{""stack"":[0]}],""group-index"":1,""pc"":126},""message"":""TransactionPool.Remember: transaction CHMKECPTCG6DK6AB5PMWO3FZBBIWNZNYMZZ5TKMB4CBSAIUINEHQ: logic eval error: assert failed pc=126. Details: app=3548200231, pc=126, opcodes=app_global_get; \u003e; assert""}
"
LK22LMYNLJ4U7DBSYYXKAX3EEDQKRR35ISOXYMAWVPU62V6UTNRA,,3000,failed,"<html>
<head><title>429 Too Many Requests</title></head>
<body>
<center><h1>429 Too Many Requests</h1></center>
<hr><center>openresty</center>
</body>
</html>
"
7PHA7QQ2W2C5K53QPW25UYVKNF7YJLH7LZ4FIXD6VPAXMJ2L3DQA,10.848412990570068,2000,success,
LIWSQJCVQ5ULTUJICOUZKTFLXV6JUUKK6YL75JBFIVW5K6QOEYWQ,,3000,failed,"{""data"":{""app-index"":3548200231,""eval-states"":[{},{""stack"":[0]}],""group-index"":1,""pc"":126},""message"":""TransactionPool.Remember: transaction Y2VKROTIY6DHREPEH2HCOSWWJZC5D5TLCVG6DPRPAUIM5HMLAZOQ: logic eval error: assert failed pc=126. Details: app=3548200231, pc=126, opcodes=app_global_get; \u003e; assert""}
"
VKHYYYY6UZ52FWLMUQKRAWS2XWW2KJMBPNJ2452HZKWRQ4CLRABQ,,3000,failed,"{""data"":{""app-index"":3548200231,""eval-states"":[{},{""stack"":[0]}],""group-index"":1,""pc"":126},""message"":""TransactionPool.Remember: transaction 7PFPC3PPEAHA35LFSE5BBLAJ2WYDFMSO5JFU6HYN6NQJPSXDO5OQ: logic eval error: assert failed pc=126. Details: app=3548200231, pc=126, opcodes=app_global_get; \u003e; assert""}
"
5URTJVAWF67ZCWJ4YUBI7CFGYHOBN6MCPVMRO62ZXZ4V2SDN2JKA,,3000,failed,"<html>
<head><title>429 Too Many Requests</title></head>
<body>
<center><h1>429 Too Many Requests</h1></center>
<hr><center>openresty</center>
</body>
</html>
"
V3263HC3JVYHDXI5CZTC2JLJCWECHNJBDSHT7QOU32HNMWJWKNXQ,,3000,failed,"{""data"":{""app-index"":3548200231,""eval-states"":[{},{""stack"":[0]}],""group-index"":1,""pc"":126},""message"":""TransactionPool.Remember: transaction LPLQ7YCJQ7L7GXHRM6LT2EQ5WPNBBT3NAGNFCMEJAVJH7E5UE27Q: logic eval error: assert failed pc=126. Details: app=3548200231, pc=126, opcodes=app_global_get; \u003e; assert""}
"
YKFTNFDT3VIOK7IWCQ2G3CYVPFGYRSJXMEPHEK5BNNV3WWTGNKYQ,,3000,failed,"{""data"":{""app-index"":3548200231,""eval-states"":[{},{""stack"":[0]}],""group-index"":1,""pc"":126},""message"":""TransactionPool.Remember: transaction HGTB5VHMEGB3YMQYJ373KGL4IQNZIUJYGPLSR5R3NK4RFZ6G46TA: logic eval error: assert failed pc=126. Details: app=3548200231, pc=126, opcodes=app_global_get; \u003e; assert""}
"
UODS5ZAD2BW6GHWOGMLAUNLAKA4X5FNRORQSP6MUBIEJTZG2FATQ,,3000,failed,"{""data"":{""app-index"":3548200231,""eval-states"":[{},{""stack"":[0]}],""group-index"":1,""pc"":126},""message"":""TransactionPool.Remember: transaction 6GTW4HRY3I4HY7KFX5TEBXCKG65FUMK2HN2CDKWQVV7X6DTNL5CQ: logic eval error: assert failed pc=126. Details: app=3548200231, pc=126, opcodes=app_global_get; \u003e; assert""}
"
BTODKQ4QPRQM6QV3SKX67TPCI4P3D4FIKVPKPGNTVW6FFJZ7UY7A,,3000,failed,"<html>
<head><title>429 Too Many Requests</title></head>
<body>
<center><h1>429 Too Many Requests</h1></center>
<hr><center>openresty</center>
</body>
</html>
"
EXZYMIGL3KZGKV4XVRUDOQNHHZAXKF47Z7FPHZWEDUOAOVUQF7AQ,,3000,failed,"<html>
<head><title>429 Too Many Requests</title></head>
<body>
<center><h1>429 Too Many Requests</h1></center>
<hr><center>openresty</center>
</body>
</html>
"
AM4EZM3O3IFHZNSRKAXJXPZHNCHB5ADS5ROI3QN4SUZVAPS4A4PQ,,3000,failed,"{""data"":{""app-index"":3548200231,""eval-states"":[{},{""stack"":[0]}],""group-index"":1,""pc"":126},""message"":""TransactionPool.Remember: transaction RC3UM6TGTKK66C65BSJWQT6DDZJHCCZRSZIYFWNB2SGVUKBVJ5UA: logic eval error: assert failed pc=126. Details: app=3548200231, pc=126, opcodes=app_global_get; \u003e; assert""}
"
6MZ4SS2XRCGKSE5VVNQ4ACXUQXKLIE5SG4UCYPJBWUW4QYSNYKUQ,,3000,failed,"<html>
<head><title>429 Too Many Requests</title></head>
<body>
<center><h1>429 Too Many Requests</h1></center>
<hr><center>openresty</center>
</body>
</html>
"
QBGAORXKGJUF52AG6OYR3YR2GIGHUFJQ3XYHHK3CDPLHFHBWUQBA,,3000,failed,"<html>
<head><title>429 Too Many Requests</title></head>
<body>
<center><h1>429 Too Many Requests</h1></center>
<hr><center>openresty</center>
</body>
</html>
"
DWIK7YPQMNVACQ6LEZM3WUR5ZKMX3N3ZWOEXY3Y255UWJP5ENIXA,,3000,failed,"<html>
<head><title>429 Too Many Requests</title></head>
<body>
<center><h1>429 Too Many Requests</h1></center>
<hr><center>openresty</center>
</body>
</html>
"
JHXSXXSVB55H3CO2EZJLFSIZ35NQTYVI3VJS47XBEQX36ZYFUCFQ,,3000,failed,"{""data"":{""app-index"":3548200231,""eval-states"":[{},{""stack"":[0]}],""group-index"":1,""pc"":126},""message"":""TransactionPool.Remember: transaction EBQZNWB27FERX36YRLC7IFDL3EZI2BHMXAY2AQGPQRRDFZEQJWLA: logic eval error: assert failed pc=126. Details: app=3548200231, pc=126, opcodes=app_global_get; \u003e; assert""}
"
V5JLKT7YRW53V3RCXT2A5FYEKIWZTBAXH4SV4CHIQFQT5ECEFHZA,,3000,failed,"<html>
<head><title>429 Too Many Requests</title></head>
<body>
<center><h1>429 Too Many Requests</h1></center>
<hr><center>openresty</center>
</body>
</html>
"
QYUCQY7HNDULOZFFWY3EYT52CPECAXXVOJWISV47RAFNGEU3XJPQ,,3000,failed,"<html>
<head><title>429 Too Many Requests</title></head>
<body>
<center><h1>429 Too Many Requests</h1></center>
<hr><center>openresty</center>
</body>
</html>
"
KIS2PLCQ4KRH6NTYSEWRPJCAHSM2BZHUV5VYJLRZLU25VG7OO6QA,4.9760422706604,2000,success,
RDW2FMTVJO5OQD36N5KTZMCF443TDJKTZEE4SD64CG3LPJKOKUBQ,12.241745233535767,2000,success,
G3CBLATUOQFB5JN5ZJETOIRP5IYMA5L5DLRFIA6VIZDIO7PQDZ2A,,3000,failed,"<html>
<head><title>429 Too Many Requests</title></head>
<body>
<center><h1>429 Too Many Requests</h1></center>
<hr><center>openresty</center>
</body>
</html>
"
X5J75BPXPUGVCFG37WNEBBFO3XKNCGAU5TS6KO4VEJION4CFUMQQ,7.207001447677612,2000,success,
M3WKI33MAMIGYCZ6N2EGFDYYUTAVAF7DQEO2VTSBUYV3N3XDXKGA,,3000,failed,"{""data"":{""app-index"":3548200231,""eval-states"":[{},{""stack"":[0]}],""group-index"":1,""pc"":126},""message"":""TransactionPool.Remember: transaction VXS72TKUHCQKVL5Z6FZX3G5ZJQEXMYCUS7DV5FWEZJ6IF67ME6QA: logic eval error: assert failed pc=126. Details: app=3548200231, pc=126, opcodes=app_global_get; \u003e; assert""}
"
C7CEUGIR7DIHTPJSPMJ4VJWCUJGKSLVLNW2DTQIZM4ZMNLK3DQRQ,,3000,failed,"{""data"":{""app-index"":3548200231,""eval-states"":[{},{""stack"":[0]}],""group-index"":1,""pc"":126},""message"":""TransactionPool.Remember: transaction PRZ23OC32JOMMFFMETBIPQVRFSFZJWZDNDVWK3ZOZSQ37GKVRXVQ: logic eval error: assert failed pc=126. Details: app=3548200231, pc=126, opcodes=app_global_get; \u003e; assert""}
"
U7EA5IXZ4DOSFED6MWCYI2K7I6Y6O5D52AO4ZVCTY2TGJQ4TNDRA,,3000,failed,"<html>
<head><title>429 Too Many Requests</title></head>
<body>
<center><h1>429 Too Many Requests</h1></center>
<hr><center>openresty</center>
</body>
</html>
"
KJ6GXP777ZBQPHKBNMHA7VYQQNBS5VEDB24Q5DX4QKM4LU5MADAA,,3000,failed,"{""data"":{""app-index"":3548200231,""eval-states"":[{},{""stack"":[0]}],""group-index"":1,""pc"":126},""message"":""TransactionPool.Remember: transaction Z657SCFZ2RWWRMQPSGKSK7MFMGUU6FIN7VGQHHAGRVGW3FO3PYGQ: logic eval error: assert failed pc=126. Details: app=3548200231, pc=126, opcodes=app_global_get; \u003e; assert""}
"
UQLFAMR6YIZZSDHNWLTFFK27T223D2JW65XCTTR52ZTUZ7T763IQ,5.416779518127441,2000,success,
PMSL55AAFKJJWRQQOBZOB3N7WMWDDOLSHTRGCP3FCCNQUH5WSNEQ,,3000,failed,"{""data"":{""app-index"":3548200231,""eval-states"":[{},{""stack"":[0]}],""group-index"":1,""pc"":126},""message"":""TransactionPool.Remember: transaction SUKSK736TL5WUUYXABMNIH4TQXVDEGLG27GLSMUL6CDX4TSLYHGQ: logic eval error: assert failed pc=126. Details: app=3548200231, pc=126, opcodes=app_global_get; \u003e; assert""}
"
JM4L4YEOGMDXDMCPHNHW46GWNOOBJ5YVVLGQEZ4BKRAK2BAUD47Q,,3000,failed,"<html>
<head><title>429 Too Many Requests</title></head>
<body>
<center><h1>429 Too Many Requests</h1></center>
<hr><center>openresty</center>
</body>
</html>
"
RF6U6XNKF7QRKSZTPTQ2BVWIJJSTAL3L6ASKAQD5WDTF7CBLGONQ,,3000,failed,"{""data"":{""app-index"":3548200231,""eval-states"":[{},{""stack"":[0]}],""group-index"":1,""pc"":126},""message"":""TransactionPool.Remember: transaction HO5R5KO4MP7BCFTIVP4D6ZZH34R6XLNE6STPYEQITHDXVKSLX7UA: logic eval error: assert failed pc=126. Details: app=3548200231, pc=126, opcodes=app_global_get; \u003e; assert""}
"
BM7GYLJPERCOTO3B2JEMST5CLGBFZHVSBP3YNVNEGG3EFPYCA5OA,,3000,failed,"{""data"":{""app-index"":3548200231,""eval-states"":[{},{""stack"":[0]}],""group-index"":1,""pc"":126},""message"":""TransactionPool.Remember: transaction JN7RDTRFBHR46VBPWAR35PTTWORKAWR7VYCH73KJXRSHRV5PUYWQ: logic eval error: assert failed pc=126. Details: app=3548200231, pc=126, opcodes=app_global_get; \u003e; assert""}
"
KZWROGKJXQ55OTUKJ4I2UGMRNLJNQPLR2RE53YWB6RPDSTEDK43Q,,3000,failed,"<html>
<head><title>429 Too Many Requests</title></head>
<body>
<center><h1>429 Too Many Requests</h1></center>
<hr><center>openresty</center>
</body>
</html>
"
NM4GRH57FPLUEPQTLRRLNUZXZRZQ3C47QPFE3E3A45KVBOU3SU2A,,3000,failed,"<html>
<head><title>429 Too Many Requests</title></head>
<body>
<center><h1>429 Too Many Requests</h1></center>
<hr><center>openresty</center>
</body>
</html>
"
SPFBFEQRB2TVHHKIX6TMAAGPDICGKAS74NLN5HCVNAECQ3TXPDRQ,,3000,failed,"{""data"":{""app-index"":3548200231,""eval-states"":[{},{""stack"":[0]}],""group-index"":1,""pc"":126},""message"":""TransactionPool.Remember: transaction 5UY2DPSDQ5Y4SB7T7JQF4ZF4NBOON5SXIPGT4YT33FMUJXGNNSOA: logic eval error: assert failed pc=126. Details: app=3548200231, pc=126, opcodes=app_global_get; \u003e; assert""}
"
CMW3SEKOCTEP6QMXHD6CMDSY4ZZBNOGPA34JHXQCNCL3N6VC3TPQ,,3000,failed,"<html>
<head><title>429 Too Many Requests</title></head>
<body>
<center><h1>429 Too Many Requests</h1></center>
<hr><center>openresty</center>
</body>
</html>
"
UM2H347SSQW4TIRPKCNVBMOOEJAGQ2WPTUXWCHGCCX72OPZOMKJQ,,3000,failed,"<html>
<head><title>429 Too Many Requests</title></head>
<body>
<center><h1>429 Too Many Requests</h1></center>
<hr><center>openresty</center>
</body>
</html>
"
D6VP22LQ67HCOL6GKCNA2ABGYBCFPQ4WZRQKLZ6EPZYN7IF2POMA,,3000,failed,"{""data"":{""app-index"":3548200231,""eval-states"":[{},{""stack"":[0]}],""group-index"":1,""pc"":126},""message"":""TransactionPool.Remember: transaction CZNPJNYIGBNRH2UPAKHK4KW3YQY7KLWFFNFN6EAIHXOT67LPMYYQ: logic eval error: assert failed pc=126. Details: app=3548200231, pc=126, opcodes=app_global_get; \u003e; assert""}
"
M4PS2SKH4WCBHMRJC3YXSHCNSHPACKI3QWBHIAEGFADF46AXM3KA,,3000,failed,"<html>
<head><title>429 Too Many Requests</title></head>
<body>
<center><h1>429 Too Many Requests</h1></center>
<hr><center>openresty</center>
</body>
</html>
"
ZCYPMMDU4YIBU5JQKGHP2TWPRYLHW75UWL5UOPPQHNXON7B4CBPQ,,3000,failed,"<html>
<head><title>429 Too Many Requests</title></head>
<body>
<center><h1>429 Too Many Requests</h1></center>
<hr><center>openresty</center>
</body>
</html>
"
KXEMKZRB7PTK3724O5ZHBZCWB2UNDIZPGMP5A6S35YAHNFVUGDFA,,3000,failed,"<html>
<head><title>429 Too Many Requests</title></head>
<body>
<center><h1>429 Too Many Requests</h1></center>
<hr><center>openresty</center>
</body>
</html>
"
6CW5SMMT24MO5W6GP3V75F7ZLUCO3TNKE6DYQPAYCDDOE7ZDXJRA,,3000,failed,"{""data"":{""app-index"":3548200231,""eval-states"":[{},{""stack"":[0]}],""group-index"":1,""pc"":126},""message"":""TransactionPool.Remember: transaction 76HP4YV7QAZXYK2PCBFWLSPMDQ7CBDSXUH4ICKBGIU6JWPX6LNJA: logic eval error: assert failed pc=126. Details: app=3548200231, pc=126, opcodes=app_global_get; \u003e; assert""}
"
5T6NYTT57WC557PAUGAJGMJVRP4ITQHFPVD5V4INW4GJQO3MBZIQ,,3000,failed,"<html>
<head><title>429 Too Many Requests</title></head>
<body>
<center><h1>429 Too Many Requests</h1></center>
<hr><center>openresty</center>
</body>
</html>
"
PI5FMQXPDYT3CYBJEQJNF2LBYN2GE35FV6D5OLEWQ3OBMC3W7BFQ,,3000,failed,"{""data"":{""app-index"":3548200231,""eval-states"":[{},{""stack"":[0]}],""group-index"":1,""pc"":126},""message"":""TransactionPool.Remember: transaction RYX5B4KODLY4BZURQJBEYIQLXOGZYDBRM4SPM7QN3KZ46EV6EHNA: logic eval error: assert failed pc=126. Details: app=3548200231, pc=126, opcodes=app_global_get; \u003e; assert""}
"
RKVAB4VZ3IZ5ML7DS3BQJ6ET2KEF653FVLPGYTH3DJJF6KWM5ZUA,,3000,failed,"<html>
<head><title>429 Too Many Requests</title></head>
<body>
<center><h1>429 Too Many Requests</h1></center>
<hr><center>openresty</center>
</body>
</html>
"
KP4PM73T62QVT3M3BYIPLGFLTRSW72OHOC72GFW2BRGW5WP3SUBQ,,3000,failed,"<html>
<head><title>429 Too Many Requests</title></head>
<body>
<center><h1>429 Too Many Requests</h1></center>
<hr><center>openresty</center>
</body>
</html>
"
HGHF4TB7IKHCPOGKD4R2GLMTGJHSWBNRGUTE4VVFNQCQTHQ2LNQA,4.529399633407593,2000,success,
MEGL5RBERQL6T5WELVJG6VLFTRULT625NNMK4TFKGH6Z2TYT3RTQ,,3000,failed,"{""data"":{""app-index"":3548200231,""eval-states"":[{},{""stack"":[0]}],""group-index"":1,""pc"":126},""message"":""TransactionPool.Remember: transaction 3IB5CQ3PMBXKL4FLCMSUVWOFSH6TGNK6YPMEILFM5OZ3X56SFIDQ: logic eval error: assert failed pc=126. Details: app=3548200231, pc=126, opcodes=app_global_get; \u003e; assert""}
"
IA7OWN2Q57XZX2FKMQTBEMZZC6S2EDJQ6V7P3IAHWMVFUPEVOPBA,3.1144726276397705,2000,success,
AKGTAETHVJGTKTEDWHJ4HRGKHO6CYZYWYNUTP6LWVE7ZO6DTVBBQ,3.3642008304595947,2000,success,
CRYILGRWHBPVHDYUNGBC6FKIXOZUXTXIJJJZIO4AZHE6XOVYI3BA,7.682018518447876,2000,success,
O4UMJBLNZ4YXGFKY6ODM7VEHRORTAXOAA556RL24EGPIAYOYVFXQ,,3000,failed,"{""data"":{""app-index"":3548200231,""eval-states"":[{},{""stack"":[0]}],""group-index"":1,""pc"":126},""message"":""TransactionPool.Remember: transaction RW2JXC4FANUORYWYGXZ4PGPOBJYI2DWVFBCUZKSWQOEM7MFKWLJQ: logic eval error: assert failed pc=126. Details: app=3548200231, pc=126, opcodes=app_global_get; \u003e; assert""}
"
J3XYNDFWBHK5FE4KV3HB7J55RE7EZQWXTA45XWKOF3RFR4UC7KKQ,5.744359254837036,2000,success,
MUDO5TJXNUCOAT5DUCUCOLYCNHG3SVSUMMBABZ2LZIKCK6XCZUGQ,,3000,failed,"<html>
<head><title>429 Too Many Requests</title></head>
<body>
<center><h1>429 Too Many Requests</h1></center>
<hr><center>openresty</center>
</body>
</html>
"
ALQ74HXMRCBWYVICHDHJHTCXUKTYJ66STASVGJKXSU7NF6FWBHLA,4.521010398864746,2000,success,
CTABHWQOM7UIAAA4NIG2H6ONQIRVOTFKKPNTYUJQ7RAM34QFVN2A,,3000,failed,"{""data"":{""app-index"":3548200231,""eval-states"":[{},{""stack"":[0]}],""group-index"":1,""pc"":126},""message"":""TransactionPool.Remember: transaction ROHGPE7KFLVBPIFPYZ7YMUBMU2OBSTHRPBQRJ6PWGVFIRWHPD34A: logic eval error: assert failed pc=126. Details: app=3548200231, pc=126, opcodes=app_global_get; \u003e; assert""}
"
CKDSZG7K5F4R2IUCU2S3AQJQOHGQ5CP2B4L7EJIGEKYXLRNFBZSQ,,3000,failed,"<html>
<head><title>429 Too Many Requests</title></head>
<body>
<center><h1>429 Too Many Requests</h1></center>
<hr><center>openresty</center>
</body>
</html>
"
J57JGKYVMKLAUJS4ILGMAYGPFD2JTUN2GVUX5CZM4XEHQCCJOGNQ,,3000,failed,"{""data"":{""app-index"":3548200231,""eval-states"":[{},{""stack"":[0]}],""group-index"":1,""pc"":126},""message"":""TransactionPool.Remember: transaction GIRCL7STWOX574IPLMD7GRXMORTKLMCGH3AISRQEHDZYV4M6R6BA: logic eval error: assert failed pc=126. Details: app=3548200231, pc=126, opcodes=app_global_get; \u003e; assert""}
"
VMYJ2LV56MXPQIICT64IRDYF6R5FRTJNTDV54LMHT3JCOUM4ADKA,,3000,failed,"<html>
<head><title>429 Too Many Requests</title></head>
<body>
<center><h1>429 Too Many Requests</h1></center>
<hr><center>openresty</center>
</body>
</html>
"
XEVDE2BS7KGXIAMQJFPOYX24PVIDJGNHAUGPPCMCE7ZP6T5FXMUQ,4.224607467651367,2000,success,
BQCXPVZBZNPIGGH7NAF2UIRUCNOEGHIGTODO7YQ6OXGNHR4MBDRQ,6.0781426429748535,2000,success,
UUJ4F2XW6RUCDADSYPIGHNURORHRACRSXBV22ZCFCWRYXNSIHEVA,,3000,failed,"<html>
<head><title>429 Too Many Requests</title></head>
<body>
<center><h1>429 Too Many Requests</h1></center>
<hr><center>openresty</center>
</body>
</html>
"
35TOGFPJO32OACYBPJGW77SG4KVPPXA4WZJ7I7DUCOK6SV7WYI2Q,,3000,failed,"<html>
<head><title>429 Too Many Requests</title></head>
<body>
<center><h1>429 Too Many Requests</h1></center>
<hr><center>openresty</center>
</body>
</html>
"
2WFS3WUUAR6ITBOC75JXZ5GM7SZEJBU3SPW3AQPVXEPZNKKWRBLA,6.769519567489624,2000,success,
ONKEQ7DJIIGG6DWSEKBP67OMHOYDHEP6U6UCEGLVCK77IVIJYDKA,,3000,failed,"<html>
<head><title>429 Too Many Requests</title></head>
<body>
<center><h1>429 Too Many Requests</h1></center>
<hr><center>openresty</center>
</body>
</html>
"
NGB2MP6WJRFAJOBUXU6XNPJUMODNAAN2F3BTADSWC6DDG27WG2FA,,3000,failed,"{""data"":{""app-index"":3548200231,""eval-states"":[{},{""stack"":[0]}],""group-index"":1,""pc"":126},""message"":""TransactionPool.Remember: transaction FISB7EUI4RMFFWCAOIIT3QK5HGBG3CYQ5VNQVMBFL4UYKTFESB7A: logic eval error: assert failed pc=126. Details: app=3548200231, pc=126, opcodes=app_global_get; \u003e; assert""}
"
QNVAIOYNKRIZR4QHO6FIBO2EAG5UMETUFUELXR3MZS3DFCJHHZTQ,,3000,failed,"<html>
<head><title>429 Too Many Requests</title></head>
<body>
<center><h1>429 Too Many Requests</h1></center>
<hr><center>openresty</center>
</body>
</html>
"
7U7XYQUILD3FLDNYZAAVVURRERGDWCMWKNTCVGFDAZVLIJOEMHWA,4.317053318023682,2000,success,
3TX7TQ7OUKZAEWAITQRUJKNDLXWC2WZBWTFBLNUAR5OHKNOTDWWQ,4.286069631576538,2000,success,
6E4PKJANAHSMME5I3YSZACBJAFC2OK2VPK62VFNHBHYDAFXKF4AQ,,3000,failed,"<html>
<head><title>429 Too Many Requests</title></head>
<body>
<center><h1>429 Too Many Requests</h1></center>
<hr><center>openresty</center>
</body>
</html>
"
IKXQTWVLISDYQMNMQML3Z6GHHWX4WXGMZS3Z7YELXUSYVXQM373A,,3000,failed,"<html>
<head><title>429 Too Many Requests</title></head>
<body>
<center><h1>429 Too Many Requests</h1></center>
<hr><center>openresty</center>
</body>
</html>
"
SDHUZCPJISHBJA4T3JF27FQFNEOY53CU53DYYJ6DPHS5EGHMB34Q,7.438601732254028,2000,success,
AW5OC2HUD5UGEUUCKT6VC3WDELEH2UX6VLZ35LKGLVBM5PS6PMKQ,5.278953552246094,2000,success,
AZKGZ3SOOXQ7CEJPU23MJJGEJ2JDTBNG4NDIBNIZ5PTDXAITILBQ,,3000,failed,"<html>
<head><title>429 Too Many Requests</title></head>
<body>
<center><h1>429 Too Many Requests</h1></center>
<hr><center>openresty</center>
</body>
</html>
"
6PZ33DZF37QWLXXPOCIYS3SZL2KEKPPVPMSCKJ2YTD55JLUHY7AA,,3000,failed,"{""data"":{""app-index"":3548200231,""eval-states"":[{},{""stack"":[0]}],""group-index"":1,""pc"":126},""message"":""TransactionPool.Remember: transaction GI76KRXSNPJ6S27UKGPBQUDN67ILDKVB5AW7Q45ZV6CMQMM6HR2A: logic eval error: assert failed pc=126. Details: app=3548200231, pc=126, opcodes=app_global_get; \u003e; assert""}
"
7ZGBL7XATP4E4KCBZAG6JQD2OLF53XAEQQLG76YUEW6REE4KTPPA,4.555753469467163,2000,success,
SBJZRAGJR3GYHDCV2KSD6TZU6ZBX7PCIHJKPXXXDKXQXNYHRHV2A,,3000,failed,"{""data"":{""app-index"":3548200231,""eval-states"":[{},{""stack"":[0]}],""group-index"":1,""pc"":126},""message"":""TransactionPool.Remember: transaction 3W6BSSPSG4EUI6ODHWYOGL27T3REK3S7HG6AJLF2NMCFQS2FLL3A: logic eval error: assert failed pc=126. Details: app=3548200231, pc=126, opcodes=app_global_get; \u003e; assert""}
"
OZ6IR3EPKPGMFLUF5CO4P32DURCJXRDHJTSFJG2XBKH5DUZCG4SQ,,3000,failed,"<html>
<head><title>429 Too Many Requests</title></head>
<body>
<center><h1>429 Too Many Requests</h1></center>
<hr><center>openresty</center>
</body>
</html>
"
HNKUBZYI5BJMBVBA6WURORAJVNNQN5IZ2QX5HNLVXF4T5KYASPOA,,3000,failed,"{""data"":{""app-index"":3548200231,""eval-states"":[{},{""stack"":[0]}],""group-index"":1,""pc"":126},""message"":""TransactionPool.Remember: transaction OYRAEEADPYXD6WHJOFJOAY6N7SETO37QSC6Q363S26CRLYULNRVA: logic eval error: assert failed pc=126. Details: app=3548200231, pc=126, opcodes=app_global_get; \u003e; assert""}
"
HY6GU43HDZNCVE4RST3ZTBAD3IYNI3SBWIGCFKIF5BQESGG6M4AQ,,3000,failed,"{""data"":{""app-index"":3548200231,""eval-states"":[{},{""stack"":[0]}],""group-index"":1,""pc"":126},""message"":""TransactionPool.Remember: transaction HBU5JELVYFIRMY5YRAPYRCRENKF5NEAZL3AWEZPTZ7GMFAME5LDA: logic eval error: assert failed pc=126. Details: app=3548200231, pc=126, opcodes=app_global_get; \u003e; assert""}
"
CAYTZG4OORJVYAQJYQV3JZQRTLAKDLBSYKKZPYKTFNTO4A4PP3TA,,3000,failed,"<html>
<head><title>429 Too Many Requests</title></head>
<body>
<center><h1>429 Too Many Requests</h1></center>
<hr><center>openresty</center>
</body>
</html>
"
4CSIHJBDIJPSVJC6T3HPXGQK7PRIKEORVXTYSP4INIKEOFWMHB6A,6.021674394607544,2000,success,
GOVFEBP3ZUYQTDV37NAXM6Z3PYBT67KCVLSRJC364SQ4TXMKRPZA,5.982240676879883,2000,success,
DKZNN6T4Q22GTZYREFXQFKYHH4EUUZ6NL3IQ66WIEDNDXXMQ2LCA,4.057937145233154,2000,success,
ASUT7IES3QBZQ5T7JKLSMFOSEA6HSTCUEPA4OL5HIM3BN3NGMASA,,3000,failed,"{""data"":{""app-index"":3548200231,""eval-states"":[{},{""stack"":[0]}],""group-index"":1,""pc"":126},""message"":""TransactionPool.Remember: transaction NRFY2ZRVYXEX3WBV5H5O5ITBPDNJIMZVZ3XCYTTNPDON3HI2SX7Q: logic eval error: assert failed pc=126. Details: app=3548200231, pc=126, opcodes=app_global_get; \u003e; assert""}
"
DMM77P7QE4EUA26TU3P6QG6537BS76HKVJQWBMSMKCL4SWZJPVXA,,3000,failed,"{""data"":{""app-index"":3548200231,""eval-states"":[{},{""stack"":[0]}],""group-index"":1,""pc"":126},""message"":""TransactionPool.Remember: transaction QCGMETPIKJ2JKUZW7ZPFNB4VI5O53BKZP3N3X7JFGQKIVEPBJQ6Q: logic eval error: assert failed pc=126. Details: app=3548200231, pc=126, opcodes=app_global_get; \u003e; assert""}
"
2KLC3LUJTDLNBB664NUMH22UHBDVPALQUIZOEJWSYZUNHACC6YQA,,3000,failed,"<html>
<head><title>429 Too Many Requests</title></head>
<body>
<center><h1>429 Too Many Requests</h1></center>
<hr><center>openresty</center>
</body>
</html>
"
WLRTZZTP6RU2O35CTKMFY54GQQ4HX7DS2SV2OJPVZEXVPYFM6A7A,,3000,failed,"<html>
<head><title>429 Too Many Requests</title></head>
<body>
<center><h1>429 Too Many Requests</h1></center>
<hr><center>openresty</center>
</body>
</html>
"
JVT6Y2SL4OWWGDBBRLAGKRQI4Z26NK5R22NJV2BZFEF5GCFBJKRQ,,3000,failed,"<html>
<head><title>429 Too Many Requests</title></head>
<body>
<center><h1>429 Too Many Requests</h1></center>
<hr><center>openresty</center>
</body>
</html>
"
E5NKWDPY3SORFWYLMNMYZIV64YALEZIXQO5D3ISCRTGKEMHYQXMA,,3000,failed,"<html>
<head><title>429 Too Many Requests</title></head>
<body>
<center><h1>429 Too Many Requests</h1></center>
<hr><center>openresty</center>
</body>
</html>
"
SZVBOQRPIU2CNEEHAGA6SPIW6BACSVRPIGXWKF7VEJZI6CUOAWBQ,8.945626735687256,2000,success,
B75L7CQF2QP2GTG2R6L3UM5O2Y6WK7PIZ2G5PCSCXZKEN3I2DCYA,4.522673606872559,2000,success,
ZTYSSSM7AO66YT5L5MU5XADYU2HFNV4HBXW2Y4MW22IX4BK4RVIA,,3000,failed,"<html>
<head><title>429 Too Many Requests</title></head>
<body>
<center><h1>429 Too Many Requests</h1></center>
<hr><center>openresty</center>
</body>
</html>
"
AOL27XR5OAWONXA64ME6ONP46Q73MJOFY4GW77HLUMSQCOJZTYBA,8.93312382698059,2000,success,
USKSL364ZIYZ4MP46DRX4XATUKDB3JG4MXJMDRYLZGR5MDGQPNJQ,5.711086988449097,2000,success,
LXJR6JMLKNHJQPPPU6PICCDJWY3E4IBTFYP5JCUGHNU65CEYQOGQ,4.374953985214233,2000,success,
ONZDQFBLQNGIHPZY6RPJR7PTZCTTFHM2OW5ZHXH3UXWYOVDFEJQQ,,3000,failed,"<html>
<head><title>429 Too Many Requests</title></head>
<body>
<center><h1>429 Too Many Requests</h1></center>
<hr><center>openresty</center>
</body>
</html>
"
V5GK6IR3FDL2RI6VRVG62PCMXGJQPCFKB55E422CNJKFID5MYCKA,,3000,failed,"{""data"":{""app-index"":3548200231,""eval-states"":[{},{""stack"":[0]}],""group-index"":1,""pc"":126},""message"":""TransactionPool.Remember: transaction VVD6VXV2SYUS5C2L5TOGLAUV7D566YLPOVM6V63RUJPMOAN3UDBQ: logic eval error: assert failed pc=126. Details: app=3548200231, pc=126, opcodes=app_global_get; \u003e; assert""}
"
EIXMI67WHPNQIULUU76PFDHERXRJ3EKNDQPWZVQWXDHTGBKHSRVA,,3000,failed,"{""data"":{""app-index"":3548200231,""eval-states"":[{},{""stack"":[0]}],""group-index"":1,""pc"":126},""message"":""TransactionPool.Remember: transaction U7YPKSI7MICSZBVO5EE4EDYKJV4CEWDAJ32I6HBHHWMPFZZI7YIA: logic eval error: assert failed pc=126. Details: app=3548200231, pc=126, opcodes=app_global_get; \u003e; assert""}
"
W3L7P6ONRBZTJDHJ72SXAXUNT2MI6K7Y732GQENBETVGYDTBVHYQ,,3000,failed,"{""data"":{""app-index"":3548200231,""eval-states"":[{},{""stack"":[0]}],""group-index"":1,""pc"":126},""message"":""TransactionPool.Remember: transaction WJDBIST3SRKSVLLM2VRR23NCWPMZ7WM3Z6ZKSRPCNNVZPTXOHKZQ: logic eval error: assert failed pc=126. Details: app=3548200231, pc=126, opcodes=app_global_get; \u003e; assert""}
"
ZGI4HWNEGSGPN5L6XLIBQD2XR4ZLNOSPJHSUKKUXKXO2QJMEAVQA,7.222122669219971,2000,success,
TNBPJRLE5UJSIVAN2T7275FNH4QJESBMRWYAT3OIZXGT5UNYHBEA,,3000,failed,"{""data"":{""app-index"":3548200231,""eval-states"":[{},{""stack"":[0]}],""group-index"":1,""pc"":126},""message"":""TransactionPool.Remember: transaction E6UHJ2FRZXHOY5S7X4QJAEZVFNXK5BFEYIMAOXQ6SMLKQOVK4NIQ: logic eval error: assert failed pc=126. Details: app=3548200231, pc=126, opcodes=app_global_get; \u003e; assert""}
"
Q6CMU2OWGGFQNZ2L4VT5LDENOPU6XQV2CJLC7NHSXBBPDFQMNBAQ,,3000,failed,"<html>
<head><title>429 Too Many Requests</title></head>
<body>
<center><h1>429 Too Many Requests</h1></center>
<hr><center>openresty</center>
</body>
</html>
"
QBLMJKKNQQEPATHAHWOS45P3L66KLLRR2GMFJ3B642EMORV2FPWQ,8.522180318832397,2000,success,
C6US2YWV5SYQLSX6YCNX7WFOFC7W3UEWMOU5P32EVSNPNXM5CISQ,5.086119651794434,2000,success,
XXB2J4V2PN7WBDIPMGGKJSGHYFNNY26EE76XE4GKAAS4RVFJIDFQ,,3000,failed,"<html>
<head><title>429 Too Many Requests</title></head>
<body>
<center><h1>429 Too Many Requests</h1></center>
<hr><center>openresty</center>
</body>
</html>
"
T3V2XRZK5Z2IB4QPWLX546K2KPE4AUOZYY5DONQE2DLIBGT2CBYA,5.815004348754883,2000,success,
L4OWVCNXIA434F3D4URRAXKSMQTAALG6D7RBDIZFYK6HYIESSCFA,6.409530878067017,2000,success,
HIFHEL7LX6L6GLI5BFJXGJN3WWOTWMQGT4EFM7SK2LZORTS7F7ZQ,10.026997566223145,2000,success,
VXFJ5AAHRYP4HWR7GM5J5CT2Z2VYQ2NKWELADBMJO2AVGTVHZD4Q,,3000,failed,"<html>
<head><title>429 Too Many Requests</title></head>
<body>
<center><h1>429 Too Many Requests</h1></center>
<hr><center>openresty</center>
</body>
</html>
"
2DBRZHH3N6XMHBOMQS7E7HJI6KLSQTGXHZSZSISXILMWWVMQR7RA,,3000,failed,"{""data"":{""app-index"":3548200231,""eval-states"":[{},{""stack"":[0]}],""group-index"":1,""pc"":126},""message"":""TransactionPool.Remember: transaction RGSSTCD3SB2FGAHAORXBZV6UBRWWT557KKW44R2JDQ6FTWKG2XVA: logic eval error: assert failed pc=126. Details: app=3548200231, pc=126, opcodes=app_global_get; \u003e; assert""}
"
TBSKQKJCUECHRM63LL5RAXLSUOE73IQZGW7H34HMPXNYNP7PQJBQ,6.104531764984131,2000,success,
VSKME6OMKK5IER4KORCN3P6QXCRST4ZAZNBLSUTSPDPLUYMCJZEA,5.2357611656188965,2000,success,
OQULCHSHJWUX563RKOB6Y3IFBUL6EGHYBFIQMCTNUM7G57YHXTDQ,4.839988946914673,2000,success,
PDJI7736NCIIAKZ7FTBSZKIZ4VCGYYGEN446P3TLHSQ5HQIWS75Q,,3000,failed,"{""data"":{""app-index"":3548200231,""eval-states"":[{},{""stack"":[0]}],""group-index"":1,""pc"":126},""message"":""TransactionPool.Remember: transaction A2Z6Q3ER73JYOZ7H3ZGU4QOFXPVRD4F5CMGDY3RWBCXONEXCLTCA: logic eval error: assert failed pc=126. Details: app=3548200231, pc=126, opcodes=app_global_get; \u003e; assert""}
"
WYZ33HLVFI3GEUTMKKASNJYUDVEECTJ5Z662PFPZOQ7XEP7T7QYA,,3000,failed,"{""data"":{""app-index"":3548200231,""eval-states"":[{},{""stack"":[0]}],""group-index"":1,""pc"":126},""message"":""TransactionPool.Remember: transaction 5KXYYFC74CERU337CUD5RDDRIY4D2DKNY72LWPRDKWUIICDAKVRA: logic eval error: assert failed pc=126. Details: app=3548200231, pc=126, opcodes=app_global_get; \u003e; assert""}
"
OO3GOZZRTJHMKMQPRGL6DMWXJRD7MKKLM5VMMRFZ65C5PQCCQJ6Q,7.070663690567017,2000,success,
ENBPTGE3W62XWRO3SJ52HORRCFFUGM5GZEL2ZWDM4VYRXNM355GQ,,3000,failed,"<html>
<head><title>429 Too Many Requests</title></head>
<body>
<center><h1>429 Too Many Requests</h1></center>
<hr><center>openresty</center>
</body>
</html>
"
4XEGZXFHLURNN3K4EH2P6HBRQWNXNQNGXA4PYRFELHXKHDCPIE3A,,3000,failed,"<html>
<head><title>429 Too Many Requests</title></head>
<body>
<center><h1>429 Too Many Requests</h1></center>
<hr><center>openresty</center>
</body>
</html>
"
HXRKSEZ54QDFOR4O7Z4OOK3QDVV5M3N3IEBR6O3UYRDOML6GYVLA,,3000,failed,"<html>
<head><title>429 Too Many Requests</title></head>
<body>
<center><h1>429 Too Many Requests</h1></center>
<hr><center>openresty</center>
</body>
</html>
"
EXQQC4JWJETY2T43EFIDHRVBXP4A764AWJXD3J4CTHNOYXBQKBRQ,,3000,failed,"<html>
<head><title>429 Too Many Requests</title></head>
<body>
<center><h1>429 Too Many Requests</h1></center>
<hr><center>openresty</center>
</body>
</html>
"
IEWFFF5OJTWXCSSP5G3YFXICORCHDYGGJD5CNGVLBIGTCT4C3EHQ,,3000,failed,"<html>
<head><title>429 Too Many Requests</title></head>
<body>
<center><h1>429 Too Many Requests</h1></center>
<hr><center>openresty</center>
</body>
</html>
"
33UWI6VTLD5KPBUGCF4NTYP7OMR67P2VBHJL4CRTESPYAJGRP2PQ,,3000,failed,"{""data"":{""app-index"":3548200231,""eval-states"":[{},{""stack"":[0]}],""group-index"":1,""pc"":126},""message"":""TransactionPool.Remember: transaction OLX26NA6TTVQQV7LHM4UKJBQYOLXCEF32VK4GTVW6SZU5XAUZCFA: logic eval error: assert failed pc=126. Details: app=3548200231, pc=126, opcodes=app_global_get; \u003e; assert""}
"
ECZ6FOGGR5UCMN2SFHR7V72RAWSV6SJED7254JQBFVEHULVJIGEQ,8.075580835342407,2000,success,
7XRT5CL7ECFMHRAWLRXK4V7RPOVUAES4NBIICZWGNSEB66GD7OCA,,3000,failed,"<html>
<head><title>429 Too Many Requests</title></head>
<body>
<center><h1>429 Too Many Requests</h1></center>
<hr><center>openresty</center>
</body>
</html>
"
PWTMXTDBI4UX33F6YV5KXEMHY44PWJLMHP7L4XKRBVNG37JKL2LA,,3000,failed,"<html>
<head><title>429 Too Many Requests</title></head>
<body>
<center><h1>429 Too Many Requests</h1></center>
<hr><center>openresty</center>
</body>
</html>
"
EKU4WOIPVQXRALYR7F3NUQWZPYXKHQVNLTN3JCM3DXQI24VTEHSQ,,3000,failed,"{""data"":{""app-index"":3548200231,""eval-states"":[{},{""stack"":[0]}],""group-index"":1,""pc"":126},""message"":""TransactionPool.Remember: transaction RWTXW77DWPB7PUJTKNI5PVR72YZMK52PWRJXECHIIKWUYTCTRIJQ: logic eval error: assert failed pc=126. Details: app=3548200231, pc=126, opcodes=app_global_get; \u003e; assert""}
"
JRBRYBM6AKEV2Z7MMACQKANX3SDB6HJ34PRB3PCPOSDDX22VZKAA,10.112812995910645,2000,success,
W52EWC76FHWCUR4IR7I6SZIJRGU73FSHFQCUPVBAMMBL2DMZ53GA,,3000,failed,"{""data"":{""app-index"":3548200231,""eval-states"":[{},{""stack"":[0]}],""group-index"":1,""pc"":126},""message"":""TransactionPool.Remember: transaction U2KIITTRVQ2FWUKFUFAA2ZL57NBGTWQHLLZ7EIIEGMMBK6Y5PW3Q: logic eval error: assert failed pc=126. Details: app=3548200231, pc=126, opcodes=app_global_get; \u003e; assert""}
"
CJXVWIN46WLR7XMWZITVPJ3W32PVAYTOHHO7JNWVANXSXXL3RNVQ,,3000,failed,"{""data"":{""app-index"":3548200231,""eval-states"":[{},{""stack"":[0]}],""group-index"":1,""pc"":126},""message"":""TransactionPool.Remember: transaction 5UCUXJM3CF2HF2NQCZE7XRB7XT4U5LK6YGPC6ZUTPATNQWPZUJEA: logic eval error: assert failed pc=126. Details: app=3548200231, pc=126, opcodes=app_global_get; \u003e; assert""}
"
WNZMIUWYB4NPCWZ33DZG2NLDIGUAZQO7DFRT2F7URTLSBSW5BEYQ,,3000,failed,"{""data"":{""app-index"":3548200231,""eval-states"":[{},{""stack"":[0]}],""group-index"":1,""pc"":126},""message"":""TransactionPool.Remember: transaction LJU3F2Y55NBB4OGUBZQLBXJ3VD6J2YWPUSP5YHMOUZNAI6RYFKDQ: logic eval error: assert failed pc=126. Details: app=3548200231, pc=126, opcodes=app_global_get; \u003e; assert""}
"
365CNDWQZHED3ARIIRRV5KB2CVZAVAHG4O5FCDI7DXYB77EQFT6Q,,3000,failed,"<html>
<head><title>429 Too Many Requests</title></head>
<body>
<center><h1>429 Too Many Requests</h1></center>
<hr><center>openresty</center>
</body>
</html>
"
57IO2A2Y6KWCASUZ6YOD7IPRPJ7ZSZEZTH5HWMQE5C65W7ZBQWCQ,,3000,failed,"{""data"":{""app-index"":3548200231,""eval-states"":[{},{""stack"":[0]}],""group-index"":1,""pc"":126},""message"":""TransactionPool.Remember: transaction VXGAGCLV263UPCI3ZPKIFVDU53NMAOFUF75UJELPXXZARFTMVMXA: logic eval error: assert failed pc=126. Details: app=3548200231, pc=126, opcodes=app_global_get; \u003e; assert""}
"
VRXSAT2UEPLYLNDTT5QJENF7T4WKSAUVNOVVI44NDCB76N6Y55BA,,3000,failed,"<html>
<head><title>429 Too Many Requests</title></head>
<body>
<center><h1>429 Too Many Requests</h1></center>
<hr><center>openresty</center>
</body>
</html>
"
YC3XHOGVIYMR2HRDQARUW2RVE7UO4G7SEY63RX5NAYLKWNFQ5Y7Q,,3000,failed,"<html>
<head><title>429 Too Many Requests</title></head>
<body>
<center><h1>429 Too Many Requests</h1></center>
<hr><center>openresty</center>
</body>
</html>
"
RX3AWF6ONMXMHFAHKIIBATIPIHOLRKPBQU7OTXRMUKBTHRNYTJYA,,3000,failed,"{""data"":{""app-index"":3548200231,""eval-states"":[{},{""stack"":[0]}],""group-index"":1,""pc"":126},""message"":""TransactionPool.Remember: transaction 7NNJHUOE2FJSTOYTSUXJ7AQZMF7P4J4663K3NIH5QNFU36L4RPWQ: logic eval error: assert failed pc=126. Details: app=3548200231, pc=126, opcodes=app_global_get; \u003e; assert""}
"
6MADTAE4JTQFT7VQBBKNNC66GMVZYR4GWU2ZRGZP5R4FQR6YRTYQ,,3000,failed,"<html>
<head><title>429 Too Many Requests</title></head>
<body>
<center><h1>429 Too Many Requests</h1></center>
<hr><center>openresty</center>
</body>
</html>
"
JRA2X6VQWHZHI3QYVW2IFNU77FL54BYFNMKAYSRIYHJWPF6GGDGA,,3000,failed,"{""data"":{""app-index"":3548200231,""eval-states"":[{},{""stack"":[0]}],""group-index"":1,""pc"":126},""message"":""TransactionPool.Remember: transaction G55DQARHC7EWNMH3XYHE3HCIDA4MZVEGVPC3AZRX4PVEAACVYBHA: logic eval error: assert failed pc=126. Details: app=3548200231, pc=126, opcodes=app_global_get; \u003e; assert""}
"
N5DUTD7QGTMFMVNUOL7EXSKRYQONOG4GVWXAQMD3FHZ7RK2CVBDA,,3000,failed,"{""data"":{""app-index"":3548200231,""eval-states"":[{},{""stack"":[0]}],""group-index"":1,""pc"":126},""message"":""TransactionPool.Remember: transaction L3XSSODY3ME2LOTOYTE6AY2CZWH5K4NRDRCXJUIFQWDXEOPOKMKA: logic eval error: assert failed pc=126. Details: app=3548200231, pc=126, opcodes=app_global_get; \u003e; assert""}
"
ORWE6KGEMOHG2WPZUYFJQOKM42F574WEIEJ67N5ROQ7O6JFYOONA,,3000,failed,"{""data"":{""app-index"":3548200231,""eval-states"":[{},{""stack"":[0]}],""group-index"":1,""pc"":126},""message"":""TransactionPool.Remember: transaction EO7SSMCTRWPIT4FQP73VVHHATSKAU67RFS65K3N5LUUQM2DCA4YA: logic eval error: assert failed pc=126. Details: app=3548200231, pc=126, opcodes=app_global_get; \u003e; assert""}
"
XF2COVQ2OOSASNC2DKFKTIJZXISJBVZETCEW46TNUUOGVYHPP5NQ,4.487630367279053,2000,success,
IPZCESKIOYNBRXD6AHKAMWTP7S2SMHKE6HXWXEHTDXA2BUGND7GQ,5.757112503051758,2000,success,
YAXS5H25WBXTR2DXCK5IRMMUXKD32EOT4T7JPBHMMCKIBT2ZQIJQ,5.217227458953857,2000,success,
6JSMBSMRA5WLXYBNX5WBAXADCGWRGPV76D3WCEVIRQJ5455JC4WQ,,3000,failed,"{""data"":{""app-index"":3548200231,""eval-states"":[{},{""stack"":[0]}],""group-index"":1,""pc"":126},""message"":""TransactionPool.Remember: transaction 7F2ESARSKDOO5V24WF24UJQR7IW64YTFX5JA4DORBMNAJT747E2A: logic eval error: assert failed pc=126. Details: app=3548200231, pc=126, opcodes=app_global_get; \u003e; assert""}
"
3X77JXL7G7MGPBQYMQD2KKR6623HAETLY4ODFGW776QFODLGECEA,,3000,failed,"<html>
<head><title>429 Too Many Requests</title></head>
<body>
<center><h1>429 Too Many Requests</h1></center>
<hr><center>openresty</center>
</body>
</html>
"
WCFCR7GHJYSUZMO6GLPDNH5QID34WIKKCMBH7DZHBTPSJZ7CQPSA,,3000,failed,"{""data"":{""app-index"":3548200231,""eval-states"":[{},{""stack"":[0]}],""group-index"":1,""pc"":126},""message"":""TransactionPool.Remember: transaction HP73IAEBG2HTLTHQFXT37BSRRDBHLY27DIWEE45Y5W37LET7MT4Q: logic eval error: assert failed pc=126. Details: app=3548200231, pc=126, opcodes=app_global_get; \u003e; assert""}
"
PQT5YAX3TE6D4ODUC57M6ZHS5XERNG7FVNHVWSXFNG7V2KSTJ4HQ,3.368826150894165,2000,success,
QBDUEAP3YQVCHPUZXLC623CJFAII4DS53NTWXKIEISFQSXIA5AHA,,3000,failed,"{""data"":{""app-index"":3548200231,""eval-states"":[{},{""stack"":[0]}],""group-index"":1,""pc"":126},""message"":""TransactionPool.Remember: transaction Y7AKDF2MFGOS5NIWPM2B7MDARG72XEACTJZC7OLHFYC3Z6IRFVMA: logic eval error: assert failed pc=126. Details: app=3548200231, pc=126, opcodes=app_global_get; \u003e; assert""}
"
2ATE55EYKAZGBOIUXCGKEXXZGNVG7TY3LIUUDW6TMKJNT7QIVOOA,5.188682794570923,2000,success,
HXC5WSHK3J25ATQ63DU2UGNDTAW5BTB3L6D6OOB5TLTQYOREH6SQ,3.421750068664551,2000,success,
2RJ6TCGJQKN5I34MVE5FALRFW6H76GJ5XTFHMDFPZZLOIUSNJ77A,,3000,failed,"<html>
<head><title>429 Too Many Requests</title></head>
<body>
<center><h1>429 Too Many Requests</h1></center>
<hr><center>openresty</center>
</body>
</html>
"
MFZLP5RWVU3VOJB2HV5PJ3DZW7YFK6UEA6WPXAJ4IXKOEXZB7SZQ,2.986818790435791,2000,success,
ZVLJISUTCEVG7HRI25D5NG5KJKDW2QOQO2EHWIQETCG3EJZXXXVQ,9.606159687042236,2000,success,
NJSD6EEHFR2A6PMMHH6TT5NDPJABIB7K5ZORVRG4VPVJ7556SYZA,,3000,failed,"{""data"":{""app-index"":3548200231,""eval-states"":[{},{""stack"":[0]}],""group-index"":1,""pc"":126},""message"":""TransactionPool.Remember: transaction CWXKC6LRB2KD6YIN6HYNIDHUXYTIPU3VRHVFTNT4ZAYBRDACDEHA: logic eval error: assert failed pc=126. Details: app=3548200231, pc=126, opcodes=app_global_get; \u003e; assert""}
"
JSNUSGFLM3GKKK2XWUWYRZ6AFSA26L7ND6LS5MKPJFXXKD5VNLBQ,,3000,failed,"<html>
<head><title>429 Too Many Requests</title></head>
<body>
<center><h1>429 Too Many Requests</h1></center>
<hr><center>openresty</center>
</body>
</html>
"
DDXW4XDNFMCFILCC7TGNOIZTHPYC45MOW4TH47MUGP2ZFSYYVJKQ,,3000,failed,"{""data"":{""app-index"":3548200231,""eval-states"":[{},{""stack"":[0]}],""group-index"":1,""pc"":126},""message"":""TransactionPool.Remember: transaction JLFPMD7EMHPVNKK7WF5XJ3UBS7JDVBFIBDTRKYPC52YHOSEMOIAQ: logic eval error: assert failed pc=126. Details: app=3548200231, pc=126, opcodes=app_global_get; \u003e; assert""}
"
2637HCYQC7KLLYO5256SMHGKUYBJSZSP5WJUUU3JDPMXGQZB7WKA,,3000,failed,"{""data"":{""app-index"":3548200231,""eval-states"":[{},{""stack"":[0]}],""group-index"":1,""pc"":126},""message"":""TransactionPool.Remember: transaction VGW572KCKNGNROZ45RZ677HWMDYJM2SHLWP6KSYSPMGYMBPHXGDQ: logic eval error: assert failed pc=126. Details: app=3548200231, pc=126, opcodes=app_global_get; \u003e; assert""}
"
KC6NKJUWC5JOHIDNGYCSF4QZB7ENJIXIC23NS5OWKDDW7BVFQQXQ,,3000,failed,"<html>
<head><title>429 Too Many Requests</title></head>
<body>
<center><h1>429 Too Many Requests</h1></center>
<hr><center>openresty</center>
</body>
</html>
"
WEAOHIKBD2IUSRRZU7NXRLE5YQF634A4CD5NAE7XZ6JFARQ3GT5A,,3000,failed,"{""data"":{""app-index"":3548200231,""eval-states"":[{},{""stack"":[0]}],""group-index"":1,""pc"":126},""message"":""TransactionPool.Remember: transaction JRA32VWAUXKNI6VCDJR5TGWBKM6XPSDONBIQNAVCZD5KJLTUVECQ: logic eval error: assert failed pc=126. Details: app=3548200231, pc=126, opcodes=app_global_get; \u003e; assert""}
"
RMDV6SOPYH3RBLIPWVSC3UZHKJ4H7FBJM4FV3FKTJ4UHSNV734SA,,3000,failed,"{""data"":{""app-index"":3548200231,""eval-states"":[{},{""stack"":[0]}],""group-index"":1,""pc"":126},""message"":""TransactionPool.Remember: transaction GSN4QZNCPORR2TLTMHAIZBO6R6JVD5L4K6LJ5QEDTRX6OWCFNAZA: logic eval error: assert failed pc=126. Details: app=3548200231, pc=126, opcodes=app_global_get; \u003e; assert""}
"
DWGQ7CD3TRUZ6CPEBUCISM436232V36P2P6QWCF2WSHV2V5N3NIQ,,3000,failed,"<html>
<head><title>429 Too Many Requests</title></head>
<body>
<center><h1>429 Too Many Requests</h1></center>
<hr><center>openresty</center>
</body>
</html>
"
PO2GEAE5PLAD2BDH77EJTXCGSOXTMYHKO7DIAIDYP7DJGKSKLMOQ,,3000,failed,"{""data"":{""app-index"":3548200231,""eval-states"":[{},{""stack"":[0]}],""group-index"":1,""pc"":126},""message"":""TransactionPool.Remember: transaction 6RIUOS2HX5GOPSVXHEWD47WHY4CKWR2SF6C7FUWVUVVNGI6IBZVQ: logic eval error: assert failed pc=126. Details: app=3548200231, pc=126, opcodes=app_global_get; \u003e; assert""}
"
6QNE63SM7U6MD2LEF4MHGGCYLVZIJ7A3SH324I7YBUMRDVMBZ4JA,3.334500312805176,2000,success,
UO2GAMRFJQ3PNYHO2M43ATV6SLZYLFWIXEIBXND2GUHTG4EG6LGQ,,3000,failed,"<html>
<head><title>429 Too Many Requests</title></head>
<body>
<center><h1>429 Too Many Requests</h1></center>
<hr><center>openresty</center>
</body>
</html>
"
VHFRVUPLRKWK4LJSZAVN72ZXVPXIOUHFOQLBDMEMCNT3JCV2QN6Q,,3000,failed,"{""data"":{""app-index"":3548200231,""eval-states"":[{},{""stack"":[0]}],""group-index"":1,""pc"":126},""message"":""TransactionPool.Remember: transaction R2IMHSUNOEFWHDA7YAGB7TF4OPYUKQ3K27FLKPE2S5RROZPANXNA: logic eval error: assert failed pc=126. Details: app=3548200231, pc=126, opcodes=app_global_get; \u003e; assert""}
"
M6PFKHX4XZNNBBCOGH5KY5P4COKNEOTSP7ZFVUXLBKFTR4HFJO6A,,3000,failed,"<html>
<head><title>429 Too Many Requests</title></head>
<body>
<center><h1>429 Too Many Requests</h1></center>
<hr><center>openresty</center>
</body>
</html>
"
FFVJOUR4KDEVXWJLDBBNE32AGVAACX4V2TOETXIX6TD6IIR2XOSA,,3000,failed,"{""data"":{""app-index"":3548200231,""eval-states"":[{},{""stack"":[0]}],""group-index"":1,""pc"":126},""message"":""TransactionPool.Remember: transaction Y6LRTADFYTO5OBXGIDBW6GV5ABOAUX7664W2TEQL3FA5IP2AH2SQ: logic eval error: assert failed pc=126. Details: app=3548200231, pc=126, opcodes=app_global_get; \u003e; assert""}
"
J2YEZDWLDEV2CUDP3E2R4JVC3QXJ4VPU63Q74SAFH46ZNNNYT6LQ,,3000,failed,"<html>
<head><title>429 Too Many Requests</title></head>
<body>
<center><h1>429 Too Many Requests</h1></center>
<hr><center>openresty</center>
</body>
</html>
"
QKVXFWWHQFIBUBITFZQTZAF5XCUZQFHSGSGFNJXGM6CF7CC552QA,,3000,failed,"<html>
<head><title>429 Too Many Requests</title></head>
<body>
<center><h1>429 Too Many Requests</h1></center>
<hr><center>openresty</center>
</body>
</html>
"
B6FU5H4KQFVAE77A57YQVGNIZPUEJXYOR6KKXLAIB7TMRRC67I2A,,3000,failed,"<html>
<head><title>429 Too Many Requests</title></head>
<body>
<center><h1>429 Too Many Requests</h1></center>
<hr><center>openresty</center>
</body>
</html>
"
HOJZHINTGU3EZG5COACTTZDGQOOC2Y5MGHRV7KJ7YNTN56HPGEAA,,3000,failed,"<html>
<head><title>429 Too Many Requests</title></head>
<body>
<center><h1>429 Too Many Requests</h1></center>
<hr><center>openresty</center>
</body>
</html>
"
6LTALI7QN46TI25U7BJU4CTWE5E4HGJLRFZ6N6QOCEALUSUVDPQQ,,3000,failed,"<html>
<head><title>429 Too Many Requests</title></head>
<body>
<center><h1>429 Too Many Requests</h1></center>
<hr><center>openresty</center>
</body>
</html>
"
RK34XWE4BRJO6D3D6JVUEXFLI73ZZMDGIYSG3XI34STSLCA2AOTA,,3000,failed,"{""data"":{""app-index"":3548200231,""eval-states"":[{},{""stack"":[0]}],""group-index"":1,""pc"":126},""message"":""TransactionPool.Remember: transaction WLTQJ3ZQ425IGJ56TN6KM34CERRZJ2KZUK6P6S7UICVTAHRXMSJQ: logic eval error: assert failed pc=126. Details: app=3548200231, pc=126, opcodes=app_global_get; \u003e; assert""}
"
5JCCK5CMQM3YUJSKPOWA5X7AGSGEN6NG5RIR2MAKOYXDEWZS5ANA,,3000,failed,"<html>
<head><title>429 Too Many Requests</title></head>
<body>
<center><h1>429 Too Many Requests</h1></center>
<hr><center>openresty</center>
</body>
</html>
"
5CGCPDIM3BW4IEN4MHEWIUP2FOHBQJH5IQKWYA4OBA3IDJEB7ADA,5.158452987670898,2000,success,
N7NN2O2W37YEZ4H5TCLYHBFZGDGVPORN24NHPNWVQLPA5A7WKE6Q,,3000,failed,"<html>
<head><title>429 Too Many Requests</title></head>
<body>
<center><h1>429 Too Many Requests</h1></center>
<hr><center>openresty</center>
</body>
</html>
"
7ZGJJG6YPQZZSQCQQKAIOXFF7A6QXZTHXO4567M5FGYU26OSPSPQ,,3000,failed,"<html>
<head><title>429 Too Many Requests</title></head>
<body>
<center><h1>429 Too Many Requests</h1></center>
<hr><center>openresty</center>
</body>
</html>
"
KTCV3XNJM2MKTDOZNTGFDKCTRV2J3WMQ7CK3UQVEJHLQTGMI6ZUA,10.549357891082764,2000,success,
KOJTMGQFT2S5YO5R5NEMQ7NYWKTP5EUIYB5NIROJE262P7TEOG4A,5.7786664962768555,2000,success,
G2W4TMLLE4GZNSSRR4E5EEKS2PFVLPVWLNLM6D2XEHEO7QWXEDDA,,3000,failed,"{""data"":{""app-index"":3548200231,""eval-states"":[{},{""stack"":[0]}],""group-index"":1,""pc"":126},""message"":""TransactionPool.Remember: transaction SLUAELXNQQ4BSSYSXZSN32JQRDGIVWKYY3HAI6MX52PWV6RVKEJQ: logic eval error: assert failed pc=126. Details: app=3548200231, pc=126, opcodes=app_global_get; \u003e; assert""}
"
ANRQ5CH4GRFNKN3EICBVZBBOTKXDA7LCUZTO723L2AXIB6MIGLTA,,3000,failed,"{""data"":{""app-index"":3548200231,""eval-states"":[{},{""stack"":[0]}],""group-index"":1,""pc"":126},""message"":""TransactionPool.Remember: transaction O4RTYY5ZVP64LMLZU3QKZGBYPLKPN3UNGNAJH7AKWIRGIXAEO6JQ: logic eval error: assert failed pc=126. Details: app=3548200231, pc=126, opcodes=app_global_get; \u003e; assert""}
"
SLBXNSLLSFZOKXA3ZNZJPSEHPIBFVWUTFOTPYWAMXAZ7SMRUOTQQ,,3000,failed,"<html>
<head><title>429 Too Many Requests</title></head>
<body>
<center><h1>429 Too Many Requests</h1></center>
<hr><center>openresty</center>
</body>
</html>
"
764V7HUZL6O3W57R2V4LO42CYD6R5I7SSBRW5EF23WP4K3MAJ7PA,,3000,failed,"{""data"":{""app-index"":3548200231,""eval-states"":[{},{""stack"":[0]}],""group-index"":1,""pc"":126},""message"":""TransactionPool.Remember: transaction W4LJP4XL2SMQZW7RNCW3JCQYOBLTIRMRCYRWWUEN2LHBRGOVXLXQ: logic eval error: assert failed pc=126. Details: app=3548200231, pc=126, opcodes=app_global_get; \u003e; assert""}
"
QNKYHHYJSSSBBUUASAZ7Y2IKVBJ3RAQLTMSBUYA7PK37334ME6BQ,4.989624738693237,2000,success,
AQTF7AF7WF2T7WIIVNACIEXJYTMONLY5SFVW2YEA6LXSWELV3WDQ,,3000,failed,"<html>
<head><title>429 Too Many Requests</title></head>
<body>
<center><h1>429 Too Many Requests</h1></center>
<hr><center>openresty</center>
</body>
</html>
"
JR5RDTAEXH5WGRTRAYPWYWAKVYCHLPPNIFTM3GSUDLV7RWDO4HLQ,,3000,failed,"{""data"":{""app-index"":3548200231,""eval-states"":[{},{""stack"":[0]}],""group-index"":1,""pc"":126},""message"":""TransactionPool.Remember: transaction RRESOWUJO4FCCREWK4HCDD7GJS7CIRV2FV2O7JRUVNZ4QAFTILVQ: logic eval error: assert failed pc=126. Details: app=3548200231, pc=126, opcodes=app_global_get; \u003e; assert""}
"
C6JNFBAX3Q7PAQ7CR6WJPWOM3533B3G4GPFRVW7RUX7B6WHM7MSA,,3000,failed,"<html>
<head><title>429 Too Many Requests</title></head>
<body>
<center><h1>429 Too Many Requests</h1></center>
<hr><center>openresty</center>
</body>
</html>
"
M6ENNYRLMBWPWL275TAE7QWQ3VDLTUNOW547J52LZWKWH7V6XQ6Q,,3000,failed,"{""data"":{""app-index"":3548200231,""eval-states"":[{},{""stack"":[0]}],""group-index"":1,""pc"":126},""message"":""TransactionPool.Remember: transaction JGA3FQQ6PBQZFDBE7XZ36FVISALNXJXTE3RDWXB4ZNT7QP5HEMTA: logic eval error: assert failed pc=126. Details: app=3548200231, pc=126, opcodes=app_global_get; \u003e; assert""}
"
Y6IT2NZJMDQ4VAOKA4PVBBM62LASVOXPEEMMWXORWWTKVKUOKEVA,,3000,failed,"<html>
<head><title>429 Too Many Requests</title></head>
<body>
<center><h1>429 Too Many Requests</h1></center>
<hr><center>openresty</center>
</body>
</html>
"
E6EDUNPAGYGMN2HKTE4ZNK4YOIZCDJTHLHZSIWZX5IFV2FKR5XZQ,,3000,failed,"<html>
<head><title>429 Too Many Requests</title></head>
<body>
<center><h1>429 Too Many Requests</h1></center>
<hr><center>openresty</center>
</body>
</html>
"
ENH7OBLYCQ3QW5WXRGF663MXTKVPSKD73CWFTF6I2QRWTRJZAOAA,,3000,failed,"<html>
<head><title>429 Too Many Requests</title></head>
<body>
<center><h1>429 Too Many Requests</h1></center>
<hr><center>openresty</center>
</body>
</html>
"
C564KWX5DF6W3BUDGXCZDN6FUUGL7DZTEJAOJPFSC4B4CEJUVMFQ,,3000,failed,"<html>
<head><title>429 Too Many Requests</title></head>
<body>
<center><h1>429 Too Many Requests</h1></center>
<hr><center>openresty</center>
</body>
</html>
"
WVMGBOM7GZLAJSPP3SECKWQJ2YGSLBXF6T56QG4F52W5HJ55LZTA,,3000,failed,"{""data"":{""app-index"":3548200231,""eval-states"":[{},{""stack"":[0]}],""group-index"":1,""pc"":126},""message"":""TransactionPool.Remember: transaction PKBCBMD5JSSQLFBKAJNAZPOWYM3YKV6ZWAZJ3TPROGV72JCYYVYQ: logic eval error: assert failed pc=126. Details: app=3548200231, pc=126, opcodes=app_global_get; \u003e; assert""}
"
FYDH4GJIP6TLH3GURRSXKPSHFUUSTIMZHW5EMYG6ZML35E3QCRVA,,3000,failed,"<html>
<head><title>429 Too Many Requests</title></head>
<body>
<center><h1>429 Too Many Requests</h1></center>
<hr><center>openresty</center>
</body>
</html>
"
RM4QPXXCZX7OG3WOSQAV7IUKQADZK5NKT3G5FTD2Q7W6Z6UVKATQ,,3000,failed,"{""data"":{""app-index"":3548200231,""eval-states"":[{},{""stack"":[0]}],""group-index"":1,""pc"":126},""message"":""TransactionPool.Remember: transaction 3VKBKEEZNVH4BQVEQM2KTDQ2IQXWQKFVRX6WFBGLB33WEW25JITA: logic eval error: assert failed pc=126. Details: app=3548200231, pc=126, opcodes=app_global_get; \u003e; assert""}
"
5XM4J4OR7UL4ZMEXYJE2CFMGOENJK67UDU5UC3AE7R2WN374624A,6.013470411300659,2000,success,
IM55GOALDPGGEYGG4UOW43DXQGMTIZYB3XEOGVMMIMFN5M6A37FA,,3000,failed,"<html>
<head><title>429 Too Many Requests</title></head>
<body>
<center><h1>429 Too Many Requests</h1></center>
<hr><center>openresty</center>
</body>
</html>
"
BQ5YUGSX5UFPJRHJLZLLBFLUIF5D5FCNRRDUPLQWSGTPFJKFVWZQ,6.8125715255737305,2000,success,
UOG4ZB64Y77A7BTGVX5TIDKM5XZB6JSPVGV6YURHTEN5L47FTITA,,3000,failed,"{""data"":{""app-index"":3548200231,""eval-states"":[{},{""stack"":[0]}],""group-index"":1,""pc"":126},""message"":""TransactionPool.Remember: transaction L6JG3OSLW5ZRDMHDV7KQGVNQGZOEO24UJ66AQKEQZBO7D3RSF36A: logic eval error: assert failed pc=126. Details: app=3548200231, pc=126, opcodes=app_global_get; \u003e; assert""}
"
KIWDBQ6AIMUXEXMCVMZQZ3N46VVBXWBFTJAJTWSLMQGULPDC5ZLQ,6.202784776687622,2000,success,
X4IXJYVEY4GLYIXLB5WV5NX2L7NKLEEZAF6UCENBU76LT5VJS4XQ,,3000,failed,"{""data"":{""app-index"":3548200231,""eval-states"":[{},{""stack"":[0]}],""group-index"":1,""pc"":126},""message"":""TransactionPool.Remember: transaction GGHR5LUK3X4QVWAE7F7DJU7KKXJ3XDMZIY7POYOA55ZWB22KUZTA: logic eval error: assert failed pc=126. Details: app=3548200231, pc=126, opcodes=app_global_get; \u003e; assert""}
"
N5RJXQKO4746NPOW3CX6L4SAB7K5QMRM4VHIXNBDIF6AYXDFNBJA,,3000,failed,"{""data"":{""app-index"":3548200231,""eval-states"":[{},{""stack"":[0]}],""group-index"":1,""pc"":126},""message"":""TransactionPool.Remember: transaction HTO7AYMT4565S2WBMPXYJLURHXOLESA5PHSEU4YFOMNBYGDMMSKQ: logic eval error: assert failed pc=126. Details: app=3548200231, pc=126, opcodes=app_global_get; \u003e; assert""}
"
A4EST3Y67YMDJDT3CV5PULYCMZIE7SHYOS2T6RMWYMUGVCVYQJAA,,3000,failed,"{""data"":{""app-index"":3548200231,""eval-states"":[{},{""stack"":[0]}],""group-index"":1,""pc"":126},""message"":""TransactionPool.Remember: transaction T3QIUWOXNU6I7O5QA7INSBZKANS2EFWD2XKY3JVF56ZSPXY4IRPA: logic eval error: assert failed pc=126. Details: app=3548200231, pc=126, opcodes=app_global_get; \u003e; assert""}
"
B3PRKQCNODWS74HRTYMGSB3MHCYXKXNV2I3KU4UJWUJISIE66DJQ,,3000,failed,"{""data"":{""app-index"":3548200231,""eval-states"":[{},{""stack"":[0]}],""group-index"":1,""pc"":126},""message"":""TransactionPool.Remember: transaction WBS767IW25IHOBOZOCGFYAWYNN7ERHCWWNEFV5VGF7ZVGI5265EQ: logic eval error: assert failed pc=126. Details: app=3548200231, pc=126, opcodes=app_global_get; \u003e; assert""}
"
5GYRXITVMKRE4TF3ABGQNETKNFTUMUAKWEISOFHKG34Q7TNZ7UUQ,,3000,failed,"{""data"":{""app-index"":3548200231,""eval-states"":[{},{""stack"":[0]}],""group-index"":1,""pc"":126},""message"":""TransactionPool.Remember: transaction YYOCQKMVCXDLGUTO4HYXUOPV3J5M2HASRJJVA6PUKR7SKLVQNVLA: logic eval error: assert failed pc=126. Details: app=3548200231, pc=126, opcodes=app_global_get; \u003e; assert""}
"
GIRK5HQV3OCV4EP5WN4KDUDPMIRI3VXZLRQVNFGKMDVGPLOAWYUQ,4.979863882064819,2000,success,
MD42M6BTGUTSQLLTPAMCW3YRX7LFYDZKQAPXVVMQFXIPPG62EE5Q,,3000,failed,"{""data"":{""app-index"":3548200231,""eval-states"":[{},{""stack"":[0]}],""group-index"":1,""pc"":126},""message"":""TransactionPool.Remember: transaction I3LV7FR6UL3QAO6S3CV34M4MC4N2DKGOTLGKIZI53MPYSI67FY2A: logic eval error: assert failed pc=126. Details: app=3548200231, pc=126, opcodes=app_global_get; \u003e; assert""}
"
DTULJP4LVYGVWTQUJ73ZCLVVVWGUP5CRDLRNF37JRSERJCV77UBQ,,3000,failed,"<html>
<head><title>429 Too Many Requests</title></head>
<body>
<center><h1>429 Too Many Requests</h1></center>
<hr><center>openresty</center>
</body>
</html>
"
MA4TQLGNKTCRNGNNS2LTSJYB52344CK7H7ETX4VOYBEEGOXOP65Q,,3000,failed,"{""data"":{""app-index"":3548200231,""eval-states"":[{},{""stack"":[0]}],""group-index"":1,""pc"":126},""message"":""TransactionPool.Remember: transaction DQFSS6VWWTZNNHM6OQRQ6VFN3WECI6FFMDW4XOMSAXG6YFIIT2NQ: logic eval error: assert failed pc=126. Details: app=3548200231, pc=126, opcodes=app_global_get; \u003e; assert""}
"
2IZ3RU3T4TFVLGOQS7QHFV26RDMFZZOMY2ALSFM4OOMCVM2XDSCA,,3000,failed,"{""data"":{""app-index"":3548200231,""eval-states"":[{},{""stack"":[0]}],""group-index"":1,""pc"":126},""message"":""TransactionPool.Remember: transaction BFDNRGTSVZS2SIK6OIAUE5ZJFPK74TTDEIDGQTLH6O7AR7XVE7ZQ: logic eval error: assert failed pc=126. Details: app=3548200231, pc=126, opcodes=app_global_get; \u003e; assert""}
"
XTUSDUC2CW4USMNJFTDV6ZTDDTBSV44QOMKTD2QCICF2LHUHXVNA,,3000,failed,"{""data"":{""app-index"":3548200231,""eval-states"":[{},{""stack"":[0]}],""group-index"":1,""pc"":126},""message"":""TransactionPool.Remember: transaction 3S24F5U45FBKYQPUYWD3ASTNPKCEL6DSSDUHNGX4CV5WTUD4CSKA: logic eval error: assert failed pc=126. Details: app=3548200231, pc=126, opcodes=app_global_get; \u003e; assert""}
"
G5DSEZXISZKDV5AIHKHZPQ4UI4WM5DH2Z5QZM6FNPHQJXNHLP2ZQ,5.685149669647217,2000,success,
4GRFXV66UKIPPPIXBPWLX4NGVCEH4WIORFEQJZVXOQ2OIOLZJW4A,,3000,failed,"<html>
<head><title>429 Too Many Requests</title></head>
<body>
<center><h1>429 Too Many Requests</h1></center>
<hr><center>openresty</center>
</body>
</html>
"
PZ6VR4D6LKQPKG666RJTI2XGKC3D4ENXJKKQMKWPD253OOFXPILQ,,3000,failed,"{""data"":{""app-index"":3548200231,""eval-states"":[{},{""stack"":[0]}],""group-index"":1,""pc"":126},""message"":""TransactionPool.Remember: transaction 63Z7ATRJCK5UW7LZYV4I3REEPNYQPW6BKQVRCOB4GGTEWDGJ7MZQ: logic eval error: assert failed pc=126. Details: app=3548200231, pc=126, opcodes=app_global_get; \u003e; assert""}
"
X6SEHL67RXNBZLNUZQRJ4VXQOI3F57SUMASP7V5OCJDSY73NDDTA,,3000,failed,"{""data"":{""app-index"":3548200231,""eval-states"":[{},{""stack"":[0]}],""group-index"":1,""pc"":126},""message"":""TransactionPool.Remember: transaction V6OHV2OYHQ6PPOWLWA4WLV5VSZG74AOUBRVSB33N4IGFRV7NWQSQ: logic eval error: assert failed pc=126. Details: app=3548200231, pc=126, opcodes=app_global_get; \u003e; assert""}
"
CBFF5SGL2SOK5FSXJWDMNVXF5AC6RKGNIK5IOYMGXFFYW6T4X6JA,,3000,failed,"<html>
<head><title>429 Too Many Requests</title></head>
<body>
<center><h1>429 Too Many Requests</h1></center>
<hr><center>openresty</center>
</body>
</html>
"
ITYW3EXGBYOPESYHQ6WK2MMCNVQZT4U6GQ5YQXCJXHPL5WFPTO4A,7.856156587600708,2000,success,
OSDTKUUCOXJSD2NCD3VRVNJRGRCL3MWNWOFIVDLN5EZW3ONSEPCA,,3000,failed,"<html>
<head><title>429 Too Many Requests</title></head>
<body>
<center><h1>429 Too Many Requests</h1></center>
<hr><center>openresty</center>
</body>
</html>
"
VYFBTDJ7GJUSUFCGEY3D37HJ54XPNI4CCBN5GV4B675SKH47VKVA,,3000,failed,"<html>
<head><title>429 Too Many Requests</title></head>
<body>
<center><h1>429 Too Many Requests</h1></center>
<hr><center>openresty</center>
</body>
</html>
"
2ALPAN32I7ZPQAWX4BKSDELUFC42FKDYOECUKFF3STKRVBDRKTPQ,6.030994653701782,2000,success,
HJHMR2QJHZMHCXQY6BHKSHKPYSODJC7ZPANQUZ56KFPEY6SS74NQ,5.396015882492065,2000,success,
IDI4EQVERNB37Q4JXJ7AVJHR2AV3HI67OODLG4RV4TI6G3GM5RBQ,,3000,failed,"{""data"":{""app-index"":3548200231,""eval-states"":[{},{""stack"":[0]}],""group-index"":1,""pc"":126},""message"":""TransactionPool.Remember: transaction PH46LSAPY3VNVFB5YDRS6JG7BFKZ6X3RWPE22IYMISXUKD7H6EHA: logic eval error: assert failed pc=126. Details: app=3548200231, pc=126, opcodes=app_global_get; \u003e; assert""}
"
NQ55Y73NJP3GX5ECV6DHB6MSHFDSDEP44XFY77LXYCPVC2XK32CQ,,3000,failed,"{""data"":{""app-index"":3548200231,""eval-states"":[{},{""stack"":[0]}],""group-index"":1,""pc"":126},""message"":""TransactionPool.Remember: transaction ZGTDMBWBL26D7D7TU2UYGZFJDKNPWK5T7SXE5WWD7RCQTJGFPO4A: logic eval error: assert failed pc=126. Details: app=3548200231, pc=126, opcodes=app_global_get; \u003e; assert""}
"
5CEZQCJMXABCBX4UFTCQU2FVVIZF6C2YTERYAOKFWCCNYGQ3WMMQ,,3000,failed,"<html>
<head><title>429 Too Many Requests</title></head>
<body>
<center><h1>429 Too Many Requests</h1></center>
<hr><center>openresty</center>
</body>
</html>
"
S7UGSTVCAHYU4BR463OB532ABWBRRIR7W7EWBNVJR4AALF25SVPA,,3000,failed,"{""data"":{""app-index"":3548200231,""eval-states"":[{},{""stack"":[0]}],""group-index"":1,""pc"":126},""message"":""TransactionPool.Remember: transaction UBEKCHWESFJYALF46HDM735OYYFBMXBCGMNYRJ3U5TH3L3CHDXYQ: logic eval error: assert failed pc=126. Details: app=3548200231, pc=126, opcodes=app_global_get; \u003e; assert""}
"
GZVVJ4UJ6HU7WWD6HRK7CG5G56QIL7Q32Z732ZHLLGOU7ZA6WBLQ,,3000,failed,"{""data"":{""app-index"":3548200231,""eval-states"":[{},{""stack"":[0]}],""group-index"":1,""pc"":126},""message"":""TransactionPool.Remember: transaction 73EMKD7YL4M4IKYDIILSLB3DWQGYIJGQX73JJE7NIYEKD64E343Q: logic eval error: assert failed pc=126. Details: app=3548200231, pc=126, opcodes=app_global_get; \u003e; assert""}
"
2DPJHE7NSREDAA5W2V7MHQFUO64BABR3RB2BLM2NAP52WVBVUQTA,,3000,failed,"{""data"":{""app-index"":3548200231,""eval-states"":[{},{""stack"":[0]}],""group-index"":1,""pc"":126},""message"":""TransactionPool.Remember: transaction 6TFWQTQV6URLTX2WEPAZ6M2BRZHGH4EPIKF7GEGU5RMWD67II4WQ: logic eval error: assert failed pc=126. Details: app=3548200231, pc=126, opcodes=app_global_get; \u003e; assert""}
"
T66KAOCG6JU5UPEDVEZQCWUOCBJGRWGGCUBGZMUCJIPMHVPA6Z5A,,3000,failed,"<html>
<head><title>429 Too Many Requests</title></head>
<body>
<center><h1>429 Too Many Requests</h1></center>
<hr><center>openresty</center>
</body>
</html>
"
2SEPYDN5ETKWFB3E46RWC62XM3XMIOJFKH6WGE42ZDL5WOP2LL4A,,3000,failed,"{""data"":{""app-index"":3548200231,""eval-states"":[{},{""stack"":[0]}],""group-index"":1,""pc"":126},""message"":""TransactionPool.Remember: transaction BEQM2QG7U6D64RWIIS3GAYUHSKD5F3SE7MLJCV56TS5FPJDRBOXA: logic eval error: assert failed pc=126. Details: app=3548200231, pc=126, opcodes=app_global_get; \u003e; assert""}
"
HDMJIEG5UBCZLPSPSCNCV2JQZ6T7L7UUEF2VEMHUXX3XNVUDGO5Q,,3000,failed,"<html>
<head><title>429 Too Many Requests</title></head>
<body>
<center><h1>429 Too Many Requests</h1></center>
<hr><center>openresty</center>
</body>
</html>
"
UQY2ELJOI4DBSJMPXLWGLO4PDLNNO6DXNP6HDWYTIDNGKWQWSQAQ,,3000,failed,"<html>
<head><title>429 Too Many Requests</title></head>
<body>
<center><h1>429 Too Many Requests</h1></center>
<hr><center>openresty</center>
</body>
</html>
"
4U2VROCUFC6NLIQIRJPHFPFY2JAICBQJI7GYNATJBQYOA6453K4Q,,3000,failed,"<html>
<head><title>429 Too Many Requests</title></head>
<body>
<center><h1>429 Too Many Requests</h1></center>
<hr><center>openresty</center>
</body>
</html>
"
2FS5I57MOEMRCS7TUPFK7ZXMY65FZHO52QXPJXHWAIYXKVIPLLHA,,3000,failed,"{""data"":{""app-index"":3548200231,""eval-states"":[{},{""stack"":[0]}],""group-index"":1,""pc"":126},""message"":""TransactionPool.Remember: transaction 4WBABQDDX74Y4CX3ZXRP5X3TIPYRVHMX7MKMSOK4IPQ74QVL7PIA: logic eval error: assert failed pc=126. Details: app=3548200231, pc=126, opcodes=app_global_get; \u003e; assert""}
"
ZNHXJNHS6ALLA5GJZS3FDBBQQ52LMIEMGVBQ76FLIHZNWXZHIVZQ,5.793829917907715,2000,success,
R3OCMRU5FD4NZGYYBEHOIGWAAVC4XBUZQHWNTIJLUDXHUXGNJVBQ,,3000,failed,"<html>
<head><title>429 Too Many Requests</title></head>
<body>
<center><h1>429 Too Many Requests</h1></center>
<hr><center>openresty</center>
</body>
</html>
"
DSJ73C642FSQW53MT4V4I6FRFCYCFH5IWXABNMMTDAHU3EZA5CCQ,6.978925466537476,2000,success,
Y7MV6ZYUTDNUNJCNCOZB4TVOX3DEOA3RSCAAQIUE6FJE4Z4WLZUA,4.090564250946045,2000,success,
KLQZ4IA2MD4EGSINPSBE5IKNBWFCYBBHMO6LRIKKCUS6HPRNGA4A,,3000,failed,"<html>
<head><title>429 Too Many Requests</title></head>
<body>
<center><h1>429 Too Many Requests</h1></center>
<hr><center>openresty</center>
</body>
</html>
"
KIIGOHVALR7PLIXP6JELLEN2AIOS5R5R4DA2HKTIGW5SN27MIF7Q,,3000,failed,"<html>
<head><title>429 Too Many Requests</title></head>
<body>
<center><h1>429 Too Many Requests</h1></center>
<hr><center>openresty</center>
</body>
</html>
"
H6B5OCYKQZRMYNF53QMEJCW6QOY5T364OTYEVR5MAMN7Y77BLQ3A,,3000,failed,"<html>
<head><title>429 Too Many Requests</title></head>
<body>
<center><h1>429 Too Many Requests</h1></center>
<hr><center>openresty</center>
</body>
</html>
"
3KYZ3FEDXSLQPZSLVKS4JLXHZSMRSNA6JQKBMHSX7XLVEH6GVEPA,,3000,failed,"<html>
<head><title>429 Too Many Requests</title></head>
<body>
<center><h1>429 Too Many Requests</h1></center>
<hr><center>openresty</center>
</body>
</html>
"
UC6GWZXK3RUD6OQW437TT2DYYKZYX4E2FWFMWBWWILYATT7LZYJA,,3000,failed,"<html>
<head><title>429 Too Many Requests</title></head>
<body>
<center><h1>429 Too Many Requests</h1></center>
<hr><center>openresty</center>
</body>
</html>
"
TQK77XZAPUXZXWT24HTD6QUIDBNA7X3M7LBF2XCSLTACYZXIGTOA,4.607730150222778,2000,success,
7VPEBJLN6CAOPFO7FY7Y6OR7EMIOEBEEVL7C5BLT4E5JLVAHIHTA,,3000,failed,"{""data"":{""app-index"":3548200231,""eval-states"":[{},{""stack"":[0]}],""group-index"":1,""pc"":126},""message"":""TransactionPool.Remember: transaction XAGI764LHY7MCXWH3QJQFAOSZUBUGGEXOIO4JAPPYLGG2ZRSL4MQ: logic eval error: assert failed pc=126. Details: app=3548200231, pc=126, opcodes=app_global_get; \u003e; assert""}
"
B3L5WROWBS2EF3KWQ4NFLSMJ52DR7NV2Q7ZPXUVAJXCMMGK6FPVA,,3000,failed,"<html>
<head><title>429 Too Many Requests</title></head>
<body>
<center><h1>429 Too Many Requests</h1></center>
<hr><center>openresty</center>
</body>
</html>
"
NK45MNX6WCE4QEKDZDCCEAUKJQIL4E6EO5O2LKSUPA5DLIQ3PMYA,,3000,failed,"{""data"":{""app-index"":3548200231,""eval-states"":[{},{""stack"":[0]}],""group-index"":1,""pc"":126},""message"":""TransactionPool.Remember: transaction LQ6OONNP4GUIYIR2MEM5E32SGKBJRNEL4EWIMQPUAVGXG7DQEMRQ: logic eval error: assert failed pc=126. Details: app=3548200231, pc=126, opcodes=app_global_get; \u003e; assert""}
"
U4HS3662XOWDUFEV4TLEWXXOWVL7R2ZIUTW2SDDYRJ63ZNGJ4YYQ,,3000,failed,"<html>
<head><title>429 Too Many Requests</title></head>
<body>
<center><h1>429 Too Many Requests</h1></center>
<hr><center>openresty</center>
</body>
</html>
"
RFQT7KPQATQZWLTUWTLVUQBHFLFCGRZ3X3FEUMX5GMYTF25L5QAA,,3000,failed,"<html>
<head><title>429 Too Many Requests</title></head>
<body>
<center><h1>429 Too Many Requests</h1></center>
<hr><center>openresty</center>
</body>
</html>
"
U2JKC34BIRENJYNNJXIHOG2MG37YCQXJQGYRI7SPAVF2PFEXRGWQ,,3000,failed,"<html>
<head><title>429 Too Many Requests</title></head>
<body>
<center><h1>429 Too Many Requests</h1></center>
<hr><center>openresty</center>
</body>
</html>
"
432ODRLNE4MNVLIRM727GKCAE7CUP2ZEBFFQEGD4HLGTSFSSFRTQ,6.462538242340088,2000,success,
CGNF6OHUUY6YO2VXIECS6ANDEHSGRZ4OYTW35OPVF3R3S76YGYCA,,3000,failed,"{""data"":{""app-index"":3548200231,""eval-states"":[{},{""stack"":[0]}],""group-index"":1,""pc"":126},""message"":""TransactionPool.Remember: transaction RUBS7BAUS2PCHHBDABDZHDHVMZW6E7EYRAOKJMCE47EZU77NMMCA: logic eval error: assert failed pc=126. Details: app=3548200231, pc=126, opcodes=app_global_get; \u003e; assert""}
"
ZBAASDSBXRITAP3HD5LTQ65NUERKWED2WDVBFG3G4TS73NMCUZ6Q,11.397770404815674,2000,success,
Q5RNIXSLTQ23F4X4TO6OROJBS6WMF7N3YXSNMNKF6TF65KHHUXCA,4.8241868019104,2000,success,
K64MUCGM5QSG6WGNPXBNTIMB3TUUA7RCEGRVPJZTLRDK4OF5AYQQ,,3000,failed,"<html>
<head><title>429 Too Many Requests</title></head>
<body>
<center><h1>429 Too Many Requests</h1></center>
<hr><center>openresty</center>
</body>
</html>
"
W3YRGYCLVQBNF52SVNPGPANMVFLLC7EYHGWVZ63SNR2HICFK24RQ,7.681572675704956,2000,success,
NBDEMKH5YKK34GIAP72RY5PJRUQMN5RIXCKT2XBNGBY6O2U5AK4A,7.0248494148254395,2000,success,
OMNY7ATRDPU4BGG6YF4FPTQ5VFGJG4XBYKIEJ7NKLOOX4NE2Q3KA,5.480687618255615,2000,success,
W2XCJ72Y4D4UDD546G7B6WIKNLMNU7O73CS73QIYN7HBN5RE75NA,4.543332815170288,2000,success,
76PI7BYBLCPVZVBOHZLPOWW5PUV5CNSRL5QNNRQT3GZMTEXQNWWQ,4.150862455368042,2000,success,
N6LUGJJLQ6K3UNEHRLI7YYPPNOFZURB5NU2K3DZBQ7ZSYTXMZWNQ,,3000,failed,"<html>
<head><title>429 Too Many Requests</title></head>
<body>
<center><h1>429 Too Many Requests</h1></center>
<hr><center>openresty</center>
</body>
</html>
"
CKU5CR43D46XB4KNKHY3ZWSKQOV53SXUX7DXLSPNDYCDHS37U4TA,,3000,failed,"{""data"":{""app-index"":3548200231,""eval-states"":[{},{""stack"":[0]}],""group-index"":1,""pc"":126},""message"":""TransactionPool.Remember: transaction PE3MCLWBIN2DM5EZSYTYVUIQE2H3D54ICJPXW55V4U3HXYYPBLFQ: logic eval error: assert failed pc=126. Details: app=3548200231, pc=126, opcodes=app_global_get; \u003e; assert""}
"
EJJ4FVWZ2QEMYQRA33EADUH2HYHNZ2IS55DVSABPLSYGUVJIQEMQ,5.140909433364868,2000,success,
YMY5BI6ADYNAT54TB62PY2HTNMO6USFWVOJM2UB6DWTQYGGY2FHA,,3000,failed,"{""data"":{""app-index"":3548200231,""eval-states"":[{},{""stack"":[0]}],""group-index"":1,""pc"":126},""message"":""TransactionPool.Remember: transaction 7QR3TE7NSP7A33UFJPDYYK2CW7VUVPHDZW7MGA756I3TN62YVEZA: logic eval error: assert failed pc=126. Details: app=3548200231, pc=126, opcodes=app_global_get; \u003e; assert""}
"
X7GQHSJOBGURZYSVSZSEQBCUBUZF4Y2DFUU3HQ3UX32GB2LY33JA,,3000,failed,"{""data"":{""app-index"":3548200231,""eval-states"":[{},{""stack"":[0]}],""group-index"":1,""pc"":126},""message"":""TransactionPool.Remember: transaction ITFUI4U67UC2DKTTKNJKZ6LBFAC6GTBEYYCLOQLX4A4MS3LM3RQQ: logic eval error: assert failed pc=126. Details: app=3548200231, pc=126, opcodes=app_global_get; \u003e; assert""}
"
ASNTANBGRAOQ4QWGD52KWZKV4UJDLDYMW4WNTQZXLUP3VN2HV43A,,3000,failed,"<html>
<head><title>429 Too Many Requests</title></head>
<body>
<center><h1>429 Too Many Requests</h1></center>
<hr><center>openresty</center>
</body>
</html>
"
NYGN2NW7JM5DY2M2WR6GYWGH5BREE64LFFC6DZWVMJVZQQEM5DCQ,4.452351093292236,2000,success,
DFZTRKJ6EMXP4EA7RRZGL746VLHZZAYKZYNCPHCMFH5VXUGD4QEA,5.253979682922363,2000,success,
US27JMIEER3KRGJZKIBW2IEF3LKBV7QSTTNPBEW3DU6VDXGA7ZPA,,3000,failed,"{""data"":{""app-index"":3548200231,""eval-states"":[{},{""stack"":[0]}],""group-index"":1,""pc"":126},""message"":""TransactionPool.Remember: transaction UJQQSZH7UBLX5WIBYYVUGOI6KGIMKHIIG6XOWSWZQUZUCP7Y3MUA: logic eval error: assert failed pc=126. Details: app=3548200231, pc=126, opcodes=app_global_get; \u003e; assert""}
"
NQXMASOAVV26IDYFNLSUJXDVZXHKRNSQRORKEG4ICBGD6D5NSP7Q,7.034845590591431,2000,success,
QOLI377EA5QJTPE4EHKIZZ5SPQALK2GZNJ3HMBIARW5TIAIBDXNQ,,3000,failed,"{""data"":{""app-index"":3548200231,""eval-states"":[{},{""stack"":[0]}],""group-index"":1,""pc"":126},""message"":""TransactionPool.Remember: transaction XYB3BA3YKGTUUU2A2QISUB7VDRNV6IVA2F3AMRTX7NQTKCDZM2ZQ: logic eval error: assert failed pc=126. Details: app=3548200231, pc=126, opcodes=app_global_get; \u003e; assert""}
"
5M5Z3IUAHSSY7AX7277QX7ERFJXHDP2RRTPCWS2LWZ2DSA4XKWRQ,,3000,failed,"<html>
<head><title>429 Too Many Requests</title></head>
<body>
<center><h1>429 Too Many Requests</h1></center>
<hr><center>openresty</center>
</body>
</html>
"
QXKND2LBPPUENUC6E5BUE7MPHDYSS54AQ6AK4OA5IJ2WIZB23LHA,8.000586032867432,2000,success,
4SRT6D2TKDCITQJVRRADSKGJTUNFCANC64RRU2RTEHJC4ZASGKIA,,3000,failed,"{""data"":{""app-index"":3548200231,""eval-states"":[{},{""stack"":[0]}],""group-index"":1,""pc"":126},""message"":""TransactionPool.Remember: transaction WYQT2OBN5ADLJL7CJYU2LRSFYL7ADRMGVPAZOI6IC6QEDPAOX5CQ: logic eval error: assert failed pc=126. Details: app=3548200231, pc=126, opcodes=app_global_get; \u003e; assert""}
"
ACS44Q22WXUASWOVGDGOEZPODJJOCGW6Q4NW7G6YNDKDSG5U75BQ,5.175264596939087,2000,success,
VIWCJ2SHWNI3MHLBMIMLKDJFDR7GPQKVNBWSA35S43TN4DTLGMTA,,3000,failed,"{""data"":{""app-index"":3548200231,""eval-states"":[{},{""stack"":[0]}],""group-index"":1,""pc"":126},""message"":""TransactionPool.Remember: transaction 2ZP4COQASHJ77GXSUYJH4ETJATXEVMYZS2NUUG56TT7MBOZVMJZQ: logic eval error: assert failed pc=126. Details: app=3548200231, pc=126, opcodes=app_global_get; \u003e; assert""}
"
7IBQRHVXOMCSPLCKHDSAMRF7FFZFPBQ6T45AYQZTJIW55N74NF7A,5.116009950637817,2000,success,
LLK3R4B43S5Y2HCO2RPWZBYOIELQAG5WY7YRZ3IS2JFRNBYI6TJA,4.901620626449585,2000,success,
6FKTF7HETSKTJQIAUD5FJP2R7PT2T7RJGLLLL4AI63RS3IX3AGPA,,3000,failed,"<html>
<head><title>429 Too Many Requests</title></head>
<body>
<center><h1>429 Too Many Requests</h1></center>
<hr><center>openresty</center>
</body>
</html>
"
D5U5OAABAZR6ATNIIMVIYEZIDYL6QVFHGDNTY5ILM3JBY3ZP365Q,,3000,failed,"{""data"":{""app-index"":3548200231,""eval-states"":[{},{""stack"":[0]}],""group-index"":1,""pc"":126},""message"":""TransactionPool.Remember: transaction 2VDNF5NCIGHE4LECJ5QHLGL3AIHOWQ3M5GTMIZVLDBCN3ACE6IFQ: logic eval error: assert failed pc=126. Details: app=3548200231, pc=126, opcodes=app_global_get; \u003e; assert""}
"
MN6QTJJFQWP5A2QFVYZD7VJHFGW2KS5QXR2PG2UN4Q5B4VWZJJEQ,6.316592216491699,2000,success,
4KGY3HYU6T2RYD6QR5U7E5XLJ22Z5JMIAYNCXXTG5YKFBGK3G5EQ,,3000,failed,"{""data"":{""app-index"":3548200231,""eval-states"":[{},{""stack"":[0]}],""group-index"":1,""pc"":126},""message"":""TransactionPool.Remember: transaction NLYASJVKR23YRDTP4XFY7FURWTYDC46SRDG7IB5LGUKUZQMTO3IA: logic eval error: assert failed pc=126. Details: app=3548200231, pc=126, opcodes=app_global_get; \u003e; assert""}
"
RSPT3KTZ5XWJVX7S5Y3IEFE3JSRSID32G6CHN56DZTDDSTJ6CTMQ,8.648237466812134,2000,success,
NW4FO6Z5T3FVBIS3E4MULPAIVZ5NRTMVEYVRXMDVOUMXKIRT3X4A,4.920839548110962,2000,success,
ILKPXZZWO3T7EIKJW7QBIRHIM4MGCCGHKIN3OKONIC3BLXWNTTFQ,7.42387318611145,2000,success,
FMMPY6J65WXCV7X2Y7BB7HUJ24734VMGHPXFC37TSP4F4KYUE6MQ,8.905409812927246,2000,success,
5BJKKHU6ZLA2OMO4NZTNUICNLADLXIFRRTNWF6FEISBHD5L43NEA,,3000,failed,"{""data"":{""app-index"":3548200231,""eval-states"":[{},{""stack"":[0]}],""group-index"":1,""pc"":126},""message"":""TransactionPool.Remember: transaction VSUBGRAARDWQSKDSYZKP2AHKWT5LTNRBE2ILVFZ4VTY2MNEMGJQA: logic eval error: assert failed pc=126. Details: app=3548200231, pc=126, opcodes=app_global_get; \u003e; assert""}
"
7ARWXNQZBLMXMLNJF2O6EKWYEKTKKUJ62DHVTC74CKZONYZO7ISA,,3000,failed,"{""data"":{""app-index"":3548200231,""eval-states"":[{},{""stack"":[0]}],""group-index"":1,""pc"":126},""message"":""TransactionPool.Remember: transaction LR4ELPUSBSQQK3I5OJ6C4X2GKHZRBYNTUCI3NYKSRIJQFLOOK7ZQ: logic eval error: assert failed pc=126. Details: app=3548200231, pc=126, opcodes=app_global_get; \u003e; assert""}
"
KUGBHKGHNORKJA543D63NLX4RIXNL5S3QF45Y36D5MXGBCRHLP3Q,,3000,failed,"{""data"":{""app-index"":3548200231,""eval-states"":[{},{""stack"":[0]}],""group-index"":1,""pc"":126},""message"":""TransactionPool.Remember: transaction XBMNTR2GBJ7X5SJ6QAYN566MXA3CQG5ABX7T2ME7YBJU33DAQP6Q: logic eval error: assert failed pc=126. Details: app=3548200231, pc=126, opcodes=app_global_get; \u003e; assert""}
"
R3Q65LFFKU7PWVUYM77T4WDBVAMYN5YLDYXYU6BLDCSHC3KIVUUQ,9.61316442489624,2000,success,
T4Q7NEEDOKLH2CEHN3QQ42H2ZMBTIHSRHH45IEQJD7BDRUYGQSZA,6.25186824798584,2000,success,
YFTB7UKUAEQI7DGYS3LENSQBFHEX7X7LCHVAEOT2KYGJIUK66QJQ,,3000,failed,"<html>
<head><title>429 Too Many Requests</title></head>
<body>
<center><h1>429 Too Many Requests</h1></center>
<hr><center>openresty</center>
</body>
</html>
"
J4ZLZB7Z4OEPJYXHHJGZIYMZXJLHGAKIDF35K4WAGWX6DEXF553Q,,3000,failed,"{""data"":{""app-index"":3548200231,""eval-states"":[{},{""stack"":[0]}],""group-index"":1,""pc"":126},""message"":""TransactionPool.Remember: transaction OE4DNH5X565H4QZBBU4JXAXRD2ZSAOEVFUWZSX6R3VPLERLXSFXQ: logic eval error: assert failed pc=126. Details: app=3548200231, pc=126, opcodes=app_global_get; \u003e; assert""}
"
Z4BGLVUDZ5AQZJWZLCQJZY2VKDTJWR3OIZ24VHDT6EROUGOLPANQ,5.334036350250244,2000,success,
3SKSP4YBEFDGVAAZWCJBJUXQL4RGLBFXYCBAHUYUIGUJNHVAZFLA,,3000,failed,"{""data"":{""app-index"":3548200231,""eval-states"":[{},{""stack"":[0]}],""group-index"":1,""pc"":126},""message"":""TransactionPool.Remember: transaction YIZI7OTNNYWUBXHCIN4NZXE5FT52HBRM3WJVWOUFSKREHUV3HBGA: logic eval error: assert failed pc=126. Details: app=3548200231, pc=126, opcodes=app_global_get; \u003e; assert""}
"
UIB23N33IQ7AZMYQRY3VIGTR7SSQUJEGHXH2L7ZCID57JH6QP5TA,,3000,failed,"<html>
<head><title>429 Too Many Requests</title></head>
<body>
<center><h1>429 Too Many Requests</h1></center>
<hr><center>openresty</center>
</body>
</html>
"
XLDVKPINDHLNUSBYLSWMIHRDB4KG3RWJWIMYAJTJYBTETWVYNW6A,,3000,failed,"<html>
<head><title>429 Too Many Requests</title></head>
<body>
<center><h1>429 Too Many Requests</h1></center>
<hr><center>openresty</center>
</body>
</html>
"
FMUBSANR2LUDTGZH4HRIANDRH2VVEAP4H62HPOYEIVEUCKRMXCYA,,3000,failed,"{""data"":{""app-index"":3548200231,""eval-states"":[{},{""stack"":[0]}],""group-index"":1,""pc"":126},""message"":""TransactionPool.Remember: transaction GLSKG2M2V23G72IJBGPGJYRANT5OHHVKJOOHI3L5D26SWHGXUXYQ: logic eval error: assert failed pc=126. Details: app=3548200231, pc=126, opcodes=app_global_get; \u003e; assert""}
"
7JWZCIZCZN3NR4PTPL34EEQFI3TS3A4JNKI3OFMRTABBRZGSBZUA,,3000,failed,"<html>
<head><title>429 Too Many Requests</title></head>
<body>
<center><h1>429 Too Many Requests</h1></center>
<hr><center>openresty</center>
</body>
</html>
"
H22WY3JGMZJPD4FMXHXUDUA4VMM2NA3ZSNSZGUHQGHDHBBWFFUIA,,3000,failed,"<html>
<head><title>429 Too Many Requests</title></head>
<body>
<center><h1>429 Too Many Requests</h1></center>
<hr><center>openresty</center>
</body>
</html>
"
IYCDNJOZCCK2D2NGUCGC3BC3BXDFTVTJ3ZJTY23VL4LYFXRDNL2Q,,3000,failed,"<html>
<head><title>429 Too Many Requests</title></head>
<body>
<center><h1>429 Too Many Requests</h1></center>
<hr><center>openresty</center>
</body>
</html>
"
X4GO2X7FWA6ADAPVH4RG4TDOER2MNOFVB66OWV6OZ77PGH75TM2Q,,3000,failed,"<html>
<head><title>429 Too Many Requests</title></head>
<body>
<center><h1>429 Too Many Requests</h1></center>
<hr><center>openresty</center>
</body>
</html>
"
V4MPTHSKOONR2WVBT2A7FP6SD3CAO25TPKNMDCEEEBOIMJJJDQPQ,,3000,failed,"{""data"":{""app-index"":3548200231,""eval-states"":[{},{""stack"":[0]}],""group-index"":1,""pc"":126},""message"":""TransactionPool.Remember: transaction WTT7VHYAYA2IDXGP2V5FYUDYW27UHRUBD6YECE3EI2C4DIGCJRBQ: logic eval error: assert failed pc=126. Details: app=3548200231, pc=126, opcodes=app_global_get; \u003e; assert""}
"
4CZB6ACFJJEINPHS2ZHWYUM6VZE444FYTBGOCH4LIJ3ZTFWALZMQ,,3000,failed,"<html>
<head><title>429 Too Many Requests</title></head>
<body>
<center><h1>429 Too Many Requests</h1></center>
<hr><center>openresty</center>
</body>
</html>
"
RVKP44GIJXGFBB2JAKANIDUPU2VFX3FE4ZW7FSTHUGODRXFCJGFQ,,3000,failed,"<html>
<head><title>429 Too Many Requests</title></head>
<body>
<center><h1>429 Too Many Requests</h1></center>
<hr><center>openresty</center>
</body>
</html>
"
FIEA7UFDF4KLVW7WTWTBYRQTLTYPWRZED7W3R4ZYAESFXMPUGF2Q,,3000,failed,"<html>
<head><title>429 Too Many Requests</title></head>
<body>
<center><h1>429 Too Many Requests</h1></center>
<hr><center>openresty</center>
</body>
</html>
"
RQBFDQ5Y6QLU6OSKFNU7A4Q74VT7JKXBJLVZ2R5DM7UFMTIZ2DVQ,,3000,failed,"<html>
<head><title>429 Too Many Requests</title></head>
<body>
<center><h1>429 Too Many Requests</h1></center>
<hr><center>openresty</center>
</body>
</html>
"
EAS7QS5CR2RDS4FW22IR4LQL6RRKEJUKBJ2NJTEURIF3B6VKKCHA,,3000,failed,"<html>
<head><title>429 Too Many Requests</title></head>
<body>
<center><h1>429 Too Many Requests</h1></center>
<hr><center>openresty</center>
</body>
</html>
"
QBK7ELK4QPP5XFREKISDA6O7A3ZYZRP6Y4D4R6LNJZ4MTU7KHSSQ,,3000,failed,"{""data"":{""app-index"":3548200231,""eval-states"":[{},{""stack"":[0]}],""group-index"":1,""pc"":126},""message"":""TransactionPool.Remember: transaction 2WYUYHXQHP32MALCRL4LOJ32UX4O7ITB5J3KVKXLAK3Y4OCWFQQQ: logic eval error: assert failed pc=126. Details: app=3548200231, pc=126, opcodes=app_global_get; \u003e; assert""}
"
JC2T7227JY5IFFBCRVOZRPV2UW5A6Q4KDQR3ES3DZQM5O5DHIBKA,5.427264928817749,2000,success,
F7MEAUDRIB63WTJPUMBAJYBO62BJFTTWCGGNOUAJCZCBOZLI6BBQ,,3000,failed,"<html>
<head><title>429 Too Many Requests</title></head>
<body>
<center><h1>429 Too Many Requests</h1></center>
<hr><center>openresty</center>
</body>
</html>
"
AU3WCTR7675MNJDIKDZSO3RGWJZE66JJBGH3RH3V5X27DWPPGNWQ,,3000,failed,"{""data"":{""app-index"":3548200231,""eval-states"":[{},{""stack"":[0]}],""group-index"":1,""pc"":126},""message"":""TransactionPool.Remember: transaction EL3YUVRUL72G7HDMEFWBDQWMM7TA7GZITQRX4RTA53GYMAGJZE2Q: logic eval error: assert failed pc=126. Details: app=3548200231, pc=126, opcodes=app_global_get; \u003e; assert""}
"
76TTIJNAV6COYLNDOG5R7IQB5LU2RHEF2ZYQDO2J5XS4Y7ULM6NA,,3000,failed,"{""data"":{""app-index"":3548200231,""eval-states"":[{},{""stack"":[0]}],""group-index"":1,""pc"":126},""message"":""TransactionPool.Remember: transaction LEMC2DL7474Y5QETLVEIXC42K2KYR2IHT6SYTN7XZA27TN35AC3A: logic eval error: assert failed pc=126. Details: app=3548200231, pc=126, opcodes=app_global_get; \u003e; assert""}
"
35OBLGIVDDODSKL5BVNPNKEFFWYYJIIMEENSLWSZ245HN4VDQ4AA,,3000,failed,"{""data"":{""app-index"":3548200231,""eval-states"":[{},{""stack"":[0]}],""group-index"":1,""pc"":126},""message"":""TransactionPool.Remember: transaction B3D2LUABYZQDQBIWFLSLUBYSUM5K3UN6EPREHT6OEBLQ3L3H4WIQ: logic eval error: assert failed pc=126. Details: app=3548200231, pc=126, opcodes=app_global_get; \u003e; assert""}
"
GVEBEHEE7QOO4JJ34PEZUXXCMLO2VWXSEIIVJ66XTR6JBXZZIWLQ,,3000,failed,"{""data"":{""app-index"":3548200231,""eval-states"":[{},{""stack"":[0]}],""group-index"":1,""pc"":126},""message"":""TransactionPool.Remember: transaction RMXJFEE7ADQK3WTGMNE647ASMG2LCPXMXMXLVWR7OMPFOMT6BIVQ: logic eval error: assert failed pc=126. Details: app=3548200231, pc=126, opcodes=app_global_get; \u003e; assert""}
"
EJEYVCND3HAKHFNMHYDX3YDKDUWCQDHKO4LZFBLPH56VZ4R6YVAA,,3000,failed,"<html>
<head><title>429 Too Many Requests</title></head>
<body>
<center><h1>429 Too Many Requests</h1></center>
<hr><center>openresty</center>
</body>
</html>
"
I44C4EXPGJZDKFEUN3GOQZRPBP5WPUP2VY5RXX34CTW4HSHFBKKA,,3000,failed,"<html>
<head><title>429 Too Many Requests</title></head>
<body>
<center><h1>429 Too Many Requests</h1></center>
<hr><center>openresty</center>
</body>
</html>
"
L5N5ECYEI4RVE4HNHFPPWMUCH3VIY6Z5Q77UZ4HY7WEN3NTKWOOA,,3000,failed,"{""data"":{""app-index"":3548200231,""eval-states"":[{},{""stack"":[0]}],""group-index"":1,""pc"":126},""message"":""TransactionPool.Remember: transaction 6GCE7GNAGSWH5UYIADZWX6VX3RML527RZ22GQXDZ4FPXW6FKSVWA: logic eval error: assert failed pc=126. Details: app=3548200231, pc=126, opcodes=app_global_get; \u003e; assert""}
"
KIFF7ETNXNHLEUJDN5AVZS277D4ECZYCR2W766F7CGWXDW7LS7DQ,,3000,failed,"<html>
<head><title>429 Too Many Requests</title></head>
<body>
<center><h1>429 Too Many Requests</h1></center>
<hr><center>openresty</center>
</body>
</html>
"
UIDIPZRMZH44A4JK2AAS7OALDBZUIFZADIATXZTIC5Y7F7E2K6MA,,3000,failed,"{""data"":{""app-index"":3548200231,""eval-states"":[{},{""stack"":[0]}],""group-index"":1,""pc"":126},""message"":""TransactionPool.Remember: transaction RMNEP5PSUOT75C7QVAECWICM7RN2AETIWKA6CRR4M74NQYHTQGRA: logic eval error: assert failed pc=126. Details: app=3548200231, pc=126, opcodes=app_global_get; \u003e; assert""}
"
4EKYSWOKGFGBL25GAPHXPBEFOOOP6YPK3ERAQ7EJU4IFOCWPFDOQ,,3000,failed,"<html>
<head><title>429 Too Many Requests</title></head>
<body>
<center><h1>429 Too Many Requests</h1></center>
<hr><center>openresty</center>
</body>
</html>
"
CRHRHT67SASDYG3SEINNNOLDWT55AZ3MFV27K7HTDBV3NA6YEUBA,,3000,failed,"<html>
<head><title>429 Too Many Requests</title></head>
<body>
<center><h1>429 Too Many Requests</h1></center>
<hr><center>openresty</center>
</body>
</html>
"
Q3X5AEWZCXPZG7BO5ZBODURP2UG7AUWT4AAWYPIXRAZCAL665WPA,,3000,failed,"{""data"":{""app-index"":3548200231,""eval-states"":[{},{""stack"":[0]}],""group-index"":1,""pc"":126},""message"":""TransactionPool.Remember: transaction 4KI4Z6XI5WFAFQOHTMKZF3XW2GCU757B4TNMADQX5M7BDAH6IHSQ: logic eval error: assert failed pc=126. Details: app=3548200231, pc=126, opcodes=app_global_get; \u003e; assert""}
"
GWCAQKDAFMOU3NKS4CX4OI6EXQBMXHYX42UEIYJREIBIYHZPYMUA,,3000,failed,"<html>
<head><title>429 Too Many Requests</title></head>
<body>
<center><h1>429 Too Many Requests</h1></center>
<hr><center>openresty</center>
</body>
</html>
"
XWZ2GBOD5WUH3L3HHWR52LH4OJOQJMR5COWL24FMNGEL4EJSGIKA,,3000,failed,"<html>
<head><title>429 Too Many Requests</title></head>
<body>
<center><h1>429 Too Many Requests</h1></center>
<hr><center>openresty</center>
</body>
</html>
"
H3XIEVEWPTLCFA3AL5ETAVJXLCYT5AY5FRVI73Y2FAC5ABQUQGKA,,3000,failed,"{""data"":{""app-index"":3548200231,""eval-states"":[{},{""stack"":[0]}],""group-index"":1,""pc"":126},""message"":""TransactionPool.Remember: transaction 4UCOQZT53Z4HCURYBZQOCDLN2CJNY2HVRKICM2MOSPZQNLFHRNDA: logic eval error: assert failed pc=126. Details: app=3548200231, pc=126, opcodes=app_global_get; \u003e; assert""}
"
QU6IDQRVGQ4BS72AIBX3EQE6KOS3AACFWN43TYLNGMVBX2K52NGQ,,3000,failed,"<html>
<head><title>429 Too Many Requests</title></head>
<body>
<center><h1>429 Too Many Requests</h1></center>
<hr><center>openresty</center>
</body>
</html>
"
HAJVLUOZLNMYROTQZJNWA75HWYOASNYHFBFEHVVHWNMUBB42S4IQ,,3000,failed,"<html>
<head><title>429 Too Many Requests</title></head>
<body>
<center><h1>429 Too Many Requests</h1></center>
<hr><center>openresty</center>
</body>
</html>
"
MQLAR2L7KNUDSY3BNYZTNS2GUAI22YFGODTMGTM5YPBKIEG2ECLA,,3000,failed,"<html>
<head><title>429 Too Many Requests</title></head>
<body>
<center><h1>429 Too Many Requests</h1></center>
<hr><center>openresty</center>
</body>
</html>
"
5HCGS5F2SYQ4LVFICUYK467NA7IPEH3DDNV7C4HK4ZP6J3VPIQOA,,3000,failed,"{""data"":{""app-index"":3548200231,""eval-states"":[{},{""stack"":[0]}],""group-index"":1,""pc"":126},""message"":""TransactionPool.Remember: transaction URIGCACGY4Y6HQIA3FCBJZBBH6KJZTUTHPVTI46MTZBWCHPEQNEA: logic eval error: assert failed pc=126. Details: app=3548200231, pc=126, opcodes=app_global_get; \u003e; assert""}
"
SI57PIGI5ONMKPBPGYGSYIMYPKBPSTC5QEKFBHGO6AIPUTE6SCRQ,8.140600204467773,2000,success,
LKLW2BLVRTLQYJVBTNS67RKUY72CRSOIFRSDQUPTOIXPWFARIKHQ,12.867821455001831,2000,success,
GP3B5HCW3AHUSGPNRNJNYOBYBR7B4R2ZKDTTCOGOLH2PNJZYDGSQ,6.538456916809082,2000,success,
3NPE7YUDDJBWME5IKSHJ4UO7GBYYIB652Z3OPQFTRKQEGW2WLDGA,,3000,failed,"{""data"":{""app-index"":3548200231,""eval-states"":[{},{""stack"":[0]}],""group-index"":1,""pc"":126},""message"":""TransactionPool.Remember: transaction 4FW77N3UY77AY6D3XA47UHZ3XRRUZQTFGIJKS677KEHEEC2VGHNQ: logic eval error: assert failed pc=126. Details: app=3548200231, pc=126, opcodes=app_global_get; \u003e; assert""}
"
WONV77CAKWH7L6GLZG2WGD4K5DBAROJYBTRSSUBDTKXMMNKV7KEQ,4.9830663204193115,2000,success,
RVMFAF2V5N3EX2HZETT5737YEMJPU4VQKQVTC3IWZE47QTZOSGNQ,,3000,failed,"{""data"":{""app-index"":3548200231,""eval-states"":[{},{""stack"":[0]}],""group-index"":1,""pc"":126},""message"":""TransactionPool.Remember: transaction 7KTMNW4P7A47DUZOUK3PSXVOCBJYOWUG4I6WPJ3SH57OW5NRVQSQ: logic eval error: assert failed pc=126. Details: app=3548200231, pc=126, opcodes=app_global_get; \u003e; assert""}
"
CBCFOB6D765ODE3WLSWFMIB7IDWJGP7N7PC7257VP5F7EYXFUWJQ,,3000,failed,"{""data"":{""app-index"":3548200231,""eval-states"":[{},{""stack"":[0]}],""group-index"":1,""pc"":126},""message"":""TransactionPool.Remember: transaction HAIFV7NL7GC4ADNHCJKSEVVUB67QFXP7PWWONWL4WMSSSQHTMOEQ: logic eval error: assert failed pc=126. Details: app=3548200231, pc=126, opcodes=app_global_get; \u003e; assert""}
"
XYKDSGS3TBAOJULBTGN4BXDMBTN67HNHC6W6W5B46SXLQS7KVZSA,5.226374864578247,2000,success,
LCL5E3ZHXI5GAUD5XJBOXXVO46LQBH4VVVKWKZDMJJPW2ZPLBVGQ,,3000,failed,"<html>
<head><title>429 Too Many Requests</title></head>
<body>
<center><h1>429 Too Many Requests</h1></center>
<hr><center>openresty</center>
</body>
</html>
"
F6RL5FH7FCHJD4LDMTSN627VRU7OCNF7SSJQD4OJTCYPXGDAGJNA,,3000,failed,"{""data"":{""app-index"":3548200231,""eval-states"":[{},{""stack"":[0]}],""group-index"":1,""pc"":126},""message"":""TransactionPool.Remember: transaction B5TY2VGVEE52SVXDVVG57NSAFDUVFM546Y65B54UDF7MVB6WKGPA: logic eval error: assert failed pc=126. Details: app=3548200231, pc=126, opcodes=app_global_get; \u003e; assert""}
"
JMDXJ5QV77VFFVM2XBHYLYK4OAUPGFFEGSSYDRXDM46UGB22VP2A,,3000,failed,"{""data"":{""app-index"":3548200231,""eval-states"":[{},{""stack"":[0]}],""group-index"":1,""pc"":126},""message"":""TransactionPool.Remember: transaction OURZNROHT5UKYNPDGNHBHTN267BPVJMBE5E5GSUMNA4RKNVFFDZQ: logic eval error: assert failed pc=126. Details: app=3548200231, pc=126, opcodes=app_global_get; \u003e; assert""}
"
WHTCZV7XKNLPVZ7ISJG5BMH6XRCMWRU43C2CRDSIWTVTXIYQYYQA,,3000,failed,"<html>
<head><title>429 Too Many Requests</title></head>
<body>
<center><h1>429 Too Many Requests</h1></center>
<hr><center>openresty</center>
</body>
</html>
"
22VX435ZJGZFLZZ4A7E25EVHNI6IYLEXCUVVVI4VLTRPFFNV5S6Q,,3000,failed,"<html>
<head><title>429 Too Many Requests</title></head>
<body>
<center><h1>429 Too Many Requests</h1></center>
<hr><center>openresty</center>
</body>
</html>
"
X5AH3HVVBYX7OVUJL6DM43G7WRSC6TZDIJB243JG7TJA3L5U3ZMA,6.4782328605651855,2000,success,
N6OUFTYX46GIOSINN72N7LGAUF7LWH6WOSA43IMV656MJZXSAG7A,,3000,failed,"<html>
<head><title>429 Too Many Requests</title></head>
<body>
<center><h1>429 Too Many Requests</h1></center>
<hr><center>openresty</center>
</body>
</html>
"
4LLHCTX6XMWOFLKGRZNEQP3LYLQJU2PDAHVABHURTNIKB2RVLMYA,,3000,failed,"{""data"":{""app-index"":3548200231,""eval-states"":[{},{""stack"":[0]}],""group-index"":1,""pc"":126},""message"":""TransactionPool.Remember: transaction 6YIHNLVH7C53HGGO7GV4MS657XTIZJPCH32LCGJD35BDGV7IKSLA: logic eval error: assert failed pc=126. Details: app=3548200231, pc=126, opcodes=app_global_get; \u003e; assert""}
"
DPWKJKO3CUAZDKOWR75U3KX4NXOWDGMBBMCHNJNFXPLAAPGOOFRA,18.523096323013306,2000,success,
K26Z2GZ7JPOST4FFOZ6XP73T4H4ET4547EE4YMU2G2QX3666RSAA,,3000,failed,"{""data"":{""app-index"":3548200231,""eval-states"":[{},{""stack"":[0]}],""group-index"":1,""pc"":126},""message"":""TransactionPool.Remember: transaction 42UM7VDEACMQRGDIVOB4WTXLPV6LYKO5F3IX3M34ENODUZNLCZCA: logic eval error: assert failed pc=126. Details: app=3548200231, pc=126, opcodes=app_global_get; \u003e; assert""}
"
7RXTTXXKRQWHMJQCDSMJLRCM643XLCK26USSXV4SQ22EYEN4Z5OA,,3000,failed,"<html>
<head><title>429 Too Many Requests</title></head>
<body>
<center><h1>429 Too Many Requests</h1></center>
<hr><center>openresty</center>
</body>
</html>
"
L74GVAJOCP5R3UP5YGLGRBEGODYIAC3DIEGDHGDUOIQ3UFNN3KRQ,,3000,failed,"<html>
<head><title>429 Too Many Requests</title></head>
<body>
<center><h1>429 Too Many Requests</h1></center>
<hr><center>openresty</center>
</body>
</html>
"
62XASHZ5F2OIKZNM5ZC7QVDKLAGBPQCG5IAVC45BBH2DGE25ZESQ,4.266798257827759,2000,success,
3IWQHWZ3GLVU255UGCDCCKT4OVEBYBNFGEXYDYEOSNLERTS6ZCBA,,3000,failed,"<html>
<head><title>429 Too Many Requests</title></head>
<body>
<center><h1>429 Too Many Requests</h1></center>
<hr><center>openresty</center>
</body>
</html>
"
UZV4L3EUQPGFHVZPPY3454W57RXOVBT3RN4O7FO2JO6EIRYBYIBQ,4.806680202484131,2000,success,
CGH74NECZOA2ZBM6MSMESE253AMBUCY5P3DXDMF2WJQ7OV3PY5ZQ,8.866833686828613,2000,success,
BRBMJNB6XABGWSBRD6XGKZU5GFHXJEBIKLY5AVWBDB4AX52JMOPA,6.259966850280762,2000,success,
JDQ75WV3O7K5A7STL7VJRTJVX73SPGLXXO4GQABUZNFHDRWPYR5Q,,3000,failed,"{""data"":{""app-index"":3548200231,""eval-states"":[{},{""stack"":[0]}],""group-index"":1,""pc"":126},""message"":""TransactionPool.Remember: transaction LUMEH4FG3C5FR36W6ICJ5TX2BPED6V7BAMVZFHWXG6HY5Q5BFMYQ: logic eval error: assert failed pc=126. Details: app=3548200231, pc=126, opcodes=app_global_get; \u003e; assert""}
"
SLGDZVZ6ORAQ2TUUBQ645Z4XWQDRJCGJ2DIR5R7S4EE2T2MR2OXA,,3000,failed,"<html>
<head><title>429 Too Many Requests</title></head>
<body>
<center><h1>429 Too Many Requests</h1></center>
<hr><center>openresty</center>
</body>
</html>
"
DHXI552FEP3FXJGUJQULHEWWPJYFFVSILCNKMK5WGXRQN7GZFS2A,4.863790273666382,2000,success,
3QSGLK3AKWQS6CAZY2O65NHDSONMGBADANXTPO3DA7TWQ37RXDPA,,3000,failed,"<html>
<head><title>429 Too Many Requests</title></head>
<body>
<center><h1>429 Too Many Requests</h1></center>
<hr><center>openresty</center>
</body>
</html>
"
Q3SHJJ7XH64SLYLPGQL32AP4OMKLTODJ37NKBIQNUDUOAFKQXH3Q,,3000,failed,"{""data"":{""app-index"":3548200231,""eval-states"":[{},{""stack"":[0]}],""group-index"":1,""pc"":126},""message"":""TransactionPool.Remember: transaction ZRNU6M7VBYNKDIKYHMN663HA6IQLBF3DAXTLCZKC5KN42AHCOZPQ: logic eval error: assert failed pc=126. Details: app=3548200231, pc=126, opcodes=app_global_get; \u003e; assert""}
"
RDJELWECHQ7BRWL2O36N5KIQM6O65YL7FH7GG3N7SQKNNOBIGGTQ,,3000,failed,"transaction 6B4UQ3Y4UXBUCZNENSK3PBQBIFDBRCVKFI4IFZSG4PFRV5ACD2UQ: logic eval error: assert failed pc=126. Details: app=3548200231, pc=126, opcodes=app_global_get; >; assert"
QWJWRMVNGEU37V6FDNV4H32N6FOMPQA2XU2YDQWCBA4CFKE7G75Q,,3000,failed,"<html>
<head><title>429 Too Many Requests</title></head>
<body>
<center><h1>429 Too Many Requests</h1></center>
<hr><center>openresty</center>
</body>
</html>
"
VKFTFUDBPX5QSRCPUS4M5SIJKM7ZL5RE43SWJOMPOMJA777BHZWQ,,3000,failed,"{""data"":{""app-index"":3548200231,""eval-states"":[{},{""stack"":[0]}],""group-index"":1,""pc"":126},""message"":""TransactionPool.Remember: transaction ZAQGAQWQUCOV2NEAOKATEP7LBA2IFBJ4BSFHPPL3VZJBLCFN33LQ: logic eval error: assert failed pc=126. Details: app=3548200231, pc=126, opcodes=app_global_get; \u003e; assert""}
"
7HZEINER6RYT4ZVTYJUAXRXELXAKIA6XVROLT3DDI5YTL7LLQJ2A,,3000,failed,"<html>
<head><title>429 Too Many Requests</title></head>
<body>
<center><h1>429 Too Many Requests</h1></center>
<hr><center>openresty</center>
</body>
</html>
"
TNRIQVOO5BUGZDHLJPKI324UCTNEMXVD4FJJOZJLMK2S4ZA4S3SQ,6.193249702453613,2000,success,
ZO4UHZY7SMG2IPPSCS65U44H2BBRHS5XH2P5ZF5FM2UASLHE7CBA,,3000,failed,"<html>
<head><title>429 Too Many Requests</title></head>
<body>
<center><h1>429 Too Many Requests</h1></center>
<hr><center>openresty</center>
</body>
</html>
"
VA4ST5S7HELLW7TBOXSC2RHYL2YNANRDBMJ5Y6VEXZMFWDDNKJ3A,6.1380393505096436,2000,success,
VHTTZKS74VBHIS4BMCKK6KK54KO6APMGL6GITDI2Z3QC5IDFCWGA,6.351059436798096,2000,success,
YWDJZW5FU5ZBX6J7AQITW7EFUDQBF5MCEOR53XABCYBYHKYM6GRQ,5.984416961669922,2000,success,
EBRLWZ4WOPMBUJHMU4TQR3NMBXGT77ZQLMDKVUGHSFHOFJWCH6XQ,,3000,failed,"<html>
<head><title>429 Too Many Requests</title></head>
<body>
<center><h1>429 Too Many Requests</h1></center>
<hr><center>openresty</center>
</body>
</html>
"
G4TQOUNAUTSLE4BIRUKZKN44NTLGBAHIX3KWA4OUWCAKKMEIDBQA,,3000,failed,"{""data"":{""app-index"":3548200231,""eval-states"":[{},{""stack"":[0]}],""group-index"":1,""pc"":126},""message"":""TransactionPool.Remember: transaction FO547HNF6JCBHUW6R76QZRQJWNMRQVF45FOWVXB6LKKBE2IYBHLQ: logic eval error: assert failed pc=126. Details: app=3548200231, pc=126, opcodes=app_global_get; \u003e; assert""}
"
O35YSPIWU26O5NDGGTSPNN6LRNII4A2VE42QEQHUGIZVYHPNCTGQ,,3000,failed,"{""data"":{""app-index"":3548200231,""eval-states"":[{},{""stack"":[0]}],""group-index"":1,""pc"":126},""message"":""TransactionPool.Remember: transaction 3IIIOMYPDG37TSVWCQE7MBBR4OOKTVCAR23A2RVPMLFRFSLNXLTA: logic eval error: assert failed pc=126. Details: app=3548200231, pc=126, opcodes=app_global_get; \u003e; assert""}
"
XYW2IP74JM7Y3AXXLBXTZOVGJHIHCOOPVMFXB7AAGL7AI4BOEGQA,4.497007608413696,2000,success,
QZQLDPTUIFE7M55YUMA76ACSAKINDKB7NCW4NLILMKAGPUVE4ESA,,3000,failed,"<html>
<head><title>429 Too Many Requests</title></head>
<body>
<center><h1>429 Too Many Requests</h1></center>
<hr><center>openresty</center>
</body>
</html>
"
SSBNAXRYHOOZA6N2BOLIINIPMSM7YD3CMVRFZFSKIHBHWUCWDR5A,,3000,failed,"<html>
<head><title>429 Too Many Requests</title></head>
<body>
<center><h1>429 Too Many Requests</h1></center>
<hr><center>openresty</center>
</body>
</html>
"
F3SQHV6BLSC5EYT3M2TWOPLSCJE53IJHBI473KUPOBYHWCPT6VZA,,3000,failed,"<html>
<head><title>429 Too Many Requests</title></head>
<body>
<center><h1>429 Too Many Requests</h1></center>
<hr><center>openresty</center>
</body>
</html>
"
P3YHPFGF3LW33ETDDGNWJ27PPHJOUIO5Z46L5DSALBEB57AOWPLA,,3000,failed,"<html>
<head><title>429 Too Many Requests</title></head>
<body>
<center><h1>429 Too Many Requests</h1></center>
<hr><center>openresty</center>
</body>
</html>
"
QH66WBWLPQYWBG7NNZIFT67XGE7DWFARYZCJIZG3BWABN4FJ4M6A,,3000,failed,"{""data"":{""app-index"":3548200231,""eval-states"":[{},{""stack"":[0]}],""group-index"":1,""pc"":126},""message"":""TransactionPool.Remember: transaction FNKVXCQK3SL76SIASOVJ7XAOUKB3DMQRJMAQ6GIYREHGTFB4L2RQ: logic eval error: assert failed pc=126. Details: app=3548200231, pc=126, opcodes=app_global_get; \u003e; assert""}
"
E6WLP3J5RT5WZIAYXND7P72VGDCCPKBSJOL7JX2YASJZEL4FMTMQ,4.3934409618377686,2000,success,
Y4WU57LNY6OXWPPXZ43Y5C4KUW7O224IRY5USSCROQPWI4YD65UA,7.114721775054932,2000,success,
LTPEFIWAAF65C4GZT3DMB6GJDNFVVDOBFKZRBBHW7DMD7ICCJ3ZA,,3000,failed,"<html>
<head><title>429 Too Many Requests</title></head>
<body>
<center><h1>429 Too Many Requests</h1></center>
<hr><center>openresty</center>
</body>
</html>
"
CTDWAS263DU5KQDK445KANWXPRCKC23XMO5LWN4BNH6R5B42WL7Q,,3000,failed,"<html>
<head><title>429 Too Many Requests</title></head>
<body>
<center><h1>429 Too Many Requests</h1></center>
<hr><center>openresty</center>
</body>
</html>
"
MWRJM3DYF5GL6BK2QXSJCW3HFUJHUHPILJUOJNH3DGYJ4N74W6OQ,5.256195068359375,2000,success,
OXJLH5ZTFBCMIXOJRPB6AU6UILSJ65T2MRYTIPJKQXRAPPRPIJ4A,5.415266990661621,2000,success,
A457WUCA3AQUANDORKTVPIRCP3MZTCEO3MIJF3WRZSU45TKZSAGA,,3000,failed,"<html>
<head><title>429 Too Many Requests</title></head>
<body>
<center><h1>429 Too Many Requests</h1></center>
<hr><center>openresty</center>
</body>
</html>
"
ZPAYMX4VD5OBHXN6TMMKHK6OJPOHV5U5MCQN3QOL2H627Q3RSQNA,,3000,failed,"<html>
<head><title>429 Too Many Requests</title></head>
<body>
<center><h1>429 Too Many Requests</h1></center>
<hr><center>openresty</center>
</body>
</html>
"
E4BBIL3TFZV34ZEQEPM3ORNJ65GZPZ2DOSVDCNGVGIZ5J4674S6Q,6.226516485214233,2000,success,
OGCRJJUREAIR2ZI5YFS36JTD4TVHKYZPHCBE3QNKA6V7ZHZM7LBQ,,3000,failed,"<html>
<head><title>429 Too Many Requests</title></head>
<body>
<center><h1>429 Too Many Requests</h1></center>
<hr><center>openresty</center>
</body>
</html>
"
4P7ODZOWCAWM6335OBXYQRGOLHHO6UC63B34EM54NBRRLD3F4CKA,11.198835134506226,2000,success,
SR4KHWVOZFRPY2XHLQXTFGH6FDBCYEFGYOVJGS3NFI2A2QFYGPWA,,3000,failed,"{""data"":{""app-index"":3548200231,""eval-states"":[{},{""stack"":[0]}],""group-index"":1,""pc"":126},""message"":""TransactionPool.Remember: transaction PFSQSFNBVGB3BI6OEZ5JNNWLMJN2J5NHJT5U2ZWO6JI56DSRDW5A: logic eval error: assert failed pc=126. Details: app=3548200231, pc=126, opcodes=app_global_get; \u003e; assert""}
"
463QEXC3VCJS2JY7SR234FBIYTNW7PNOTVBNHKWELS6FTVZWRAIA,,3000,failed,"{""data"":{""app-index"":3548200231,""eval-states"":[{},{""stack"":[0]}],""group-index"":1,""pc"":126},""message"":""TransactionPool.Remember: transaction 3VBG4GI3FPCHIVDGAATRQ3BP5DB4JRJELQNIIVBOE6WUOR27MEZA: logic eval error: assert failed pc=126. Details: app=3548200231, pc=126, opcodes=app_global_get; \u003e; assert""}
"
MXB3HAUEYJIK5T726WWE4TVBV5CFQD5O6B5RFOZA46LU4CGN5HRA,4.7615087032318115,2000,success,
IVDSTXELJSSXX5ZFG3ARNZEMFEP6EOKEPRZZGKIO2HJJ2SOD5VGQ,9.70526385307312,2000,success,
LFWOFSMIRTDHDY5BBIHSVW3NQDRTLVEFPR5GEOTCDBRI32JZQ6TQ,,3000,failed,"{""data"":{""app-index"":3548200231,""eval-states"":[{},{""stack"":[0]}],""group-index"":1,""pc"":126},""message"":""TransactionPool.Remember: transaction L4KKQJO6PLFQFHOFZT4QBVSB46NGOLUK3BT7AVLEVSEF2FXJNRSA: logic eval error: assert failed pc=126. Details: app=3548200231, pc=126, opcodes=app_global_get; \u003e; assert""}
"
STDFQV77LNLBLFUJXRVY2RJ4FVPHYXPIGAI3WQ6RK7OSXFUB2JKA,,3000,failed,"{""data"":{""app-index"":3548200231,""eval-states"":[{},{""stack"":[0]}],""group-index"":1,""pc"":126},""message"":""TransactionPool.Remember: transaction 6HAREM27H3IIEKWKHCBJLMH55MAEXYUQLPFZGYEE4GQDCEFZ4ECQ: logic eval error: assert failed pc=126. Details: app=3548200231, pc=126, opcodes=app_global_get; \u003e; assert""}
"
NKR34ZNYK7DIPJTO2VXXUQAGZYIDQMQIGI7ION4AWYUEHHKFDRHQ,,3000,failed,"{""data"":{""app-index"":3548200231,""eval-states"":[{},{""stack"":[0]}],""group-index"":1,""pc"":126},""message"":""TransactionPool.Remember: transaction QM2ZNHKPMVYCVJSWMF6CHDJVCNZQF74WPOR5CNLTECQ43LPXPF3A: logic eval error: assert failed pc=126. Details: app=3548200231, pc=126, opcodes=app_global_get; \u003e; assert""}
"
FU7UKGHN2JQ2K4MRWEIBBDNAC5LK3MTX3SOEPQFXV5IWSR5FIJEA,,3000,failed,"{""data"":{""app-index"":3548200231,""eval-states"":[{},{""stack"":[0]}],""group-index"":1,""pc"":126},""message"":""TransactionPool.Remember: transaction Z5BWQPOL3SJZ2TRA24N33DHC2AWWMRUMBJ5ZZ6IIYYK66HWNLREA: logic eval error: assert failed pc=126. Details: app=3548200231, pc=126, opcodes=app_global_get; \u003e; assert""}
"
TLVSPJU2T6SAJR3SJMGYJOY6LQUKXEZFWTPKQPYRUTHLLSI6C4CQ,6.457601547241211,2000,success,
5NYERL33RXRFJRIF5DNNCRDJVIAVNWQR43ODU3SJUCKRECHG56AQ,7.308695077896118,2000,success,
TO2ERDGSTFXEQNCA7WGZOULLKNG76XERBNEDEITZUKW7SA4454EQ,12.733249187469482,2000,success,
HS3XVMWSJGXJXLKHIWI2YLXKA5MKRXESNAT2JEK5W2KPQG2A25JQ,9.437995195388794,2000,success,
B4I6IOFBJPRA4ERQUIBMLWQYBJH3QSA5HBR43U27F4OH4XCNBLGQ,11.636588335037231,2000,success,
VDSNORM4YP6U5PD7NIW2FTQBRBUUUQWJV6K27EQQP2Q5PV2QB4VA,5.4443910121917725,2000,success,
EQ5LUKRB6LFFWADP55XY4VLFHC6NSQHUOEU3OW3O4S5OWCMDVFEQ,4.981867551803589,2000,success,
WK7QIW7HL7SZZI7COGUH2EDVNG6P2I3ASQ7YZZD6QF2CN2A6NVFA,7.488927841186523,2000,success,
UETJHRXKD7B5NBR6PVQ2JLNHZR6U7SMVX5VKFAU6EBGGVEEEMOHQ,5.3655102252960205,2000,success,
JZXXXO2LKSOU3KNA7G43OKIIFJQO723CVHBBMSIZN74JCRNFCHVQ,,3000,failed,"{""data"":{""app-index"":3548200231,""eval-states"":[{},{""stack"":[0]}],""group-index"":1,""pc"":126},""message"":""TransactionPool.Remember: transaction 72J6EXA3ABUDAQZXRZXO47FZAEUBZNHZRJSDEZCKHTUVDAEHSDSQ: logic eval error: assert failed pc=126. Details: app=3548200231, pc=126, opcodes=app_global_get; \u003e; assert""}
"
6HTBHVOOIUJBDIYOPDT6KRA7VCBPXXSFJEIKDL5NF7GUZVWS5YGA,,3000,failed,"<html>
<head><title>429 Too Many Requests</title></head>
<body>
<center><h1>429 Too Many Requests</h1></center>
<hr><center>openresty</center>
</body>
</html>
"
J5BRIQ6Y3LSUYAYALXU3SW4CQZDT3HPMV3UPMFINDG52MLXBXY4A,,3000,failed,"{""data"":{""app-index"":3548200231,""eval-states"":[{},{""stack"":[0]}],""group-index"":1,""pc"":126},""message"":""TransactionPool.Remember: transaction IISPUHNCZA5PXU6WUONXEAHBGSWKXWWKFXVJLW36RVE6VEAEZUOA: logic eval error: assert failed pc=126. Details: app=3548200231, pc=126, opcodes=app_global_get; \u003e; assert""}
"
R5ZANJ73AJWRN2DALVYGG3IB25AQDNFH3EPC2HS365VVHEBKTXCA,,3000,failed,"<html>
<head><title>429 Too Many Requests</title></head>
<body>
<center><h1>429 Too Many Requests</h1></center>
<hr><center>openresty</center>
</body>
</html>
"
2BFVDFBY653AFWEYSLR6X4R6VROVZG7BBA633AQZW5XO6GRQYT7A,,3000,failed,"{""data"":{""app-index"":3548200231,""eval-states"":[{},{""stack"":[0]}],""group-index"":1,""pc"":126},""message"":""TransactionPool.Remember: transaction QE3O6C6IPQD3RYXEUBZRJP4OW32RB4THM6AALID445T6CHR2IBVA: logic eval error: assert failed pc=126. Details: app=3548200231, pc=126, opcodes=app_global_get; \u003e; assert""}
"
SGAOIAGKZO2ECVOZWGI7QPE4TVHKIL6TJFP6MNJUDT5FABLTNTPA,,3000,failed,"{""data"":{""app-index"":3548200231,""eval-states"":[{},{""stack"":[0]}],""group-index"":1,""pc"":126},""message"":""TransactionPool.Remember: transaction 7QTN7Q6FRFUJ67SUVX74OGA7GHJUPG2DRY4Q42SG7WWOYNBUCFEA: logic eval error: assert failed pc=126. Details: app=3548200231, pc=126, opcodes=app_global_get; \u003e; assert""}
"
6AWNJF647NIO2HVSAP5GJGEN4ZDTRSOCPUAFFB4OLTSSHETNVJXA,9.845353364944458,2000,success,
CELCLBES5IGNWQRK2RW3Y2LFR6OP7YIVLWMEFF6PHCFJVLICA7WA,,3000,failed,"{""data"":{""app-index"":3548200231,""eval-states"":[{},{""stack"":[0]}],""group-index"":1,""pc"":126},""message"":""TransactionPool.Remember: transaction 2EENCM72GSBBP3V3R2PZA7PD7TN5BKOHXSB4Z3CULIWF7LYEI4MA: logic eval error: assert failed pc=126. Details: app=3548200231, pc=126, opcodes=app_global_get; \u003e; assert""}
"
KGII7KS5OJUVKDKNX6H3LDJXVYUWVXSTEIMK4Q3FSM4RJFI2BBWA,,3000,failed,"{""data"":{""app-index"":3548200231,""eval-states"":[{},{""stack"":[0]}],""group-index"":1,""pc"":126},""message"":""TransactionPool.Remember: transaction VH6Q5TXG3OUSDSEN4GFK7DIPDSOS34I4V5J7BL7LEPL6VZLVZDTQ: logic eval error: assert failed pc=126. Details: app=3548200231, pc=126, opcodes=app_global_get; \u003e; assert""}
"
M2XKNE4FF3BE2X25MB4GVVOY5SN72BKSQXIXX4OX5HFDWA4XVG6A,,3000,failed,"<html>
<head><title>429 Too Many Requests</title></head>
<body>
<center><h1>429 Too Many Requests</h1></center>
<hr><center>openresty</center>
</body>
</html>
"
DHWX2AY3JPNLCSVDG6L2GJJNHHGW2FKBJBCMECVRLRVDCIHGJNQA,,3000,failed,"<html>
<head><title>429 Too Many Requests</title></head>
<body>
<center><h1>429 Too Many Requests</h1></center>
<hr><center>openresty</center>
</body>
</html>
"
2KF5AU44T5XCC62ITQE46356TUQYOC2GUHEB53QMETGLPSBAUKJQ,,3000,failed,"{""data"":{""app-index"":3548200231,""eval-states"":[{},{""stack"":[0]}],""group-index"":1,""pc"":126},""message"":""TransactionPool.Remember: transaction LH2RWBZ4AEJ3IFBKID6SSNDYGL6F5YR2TQFLVWTMWDOVDVSB7LSQ: logic eval error: assert failed pc=126. Details: app=3548200231, pc=126, opcodes=app_global_get; \u003e; assert""}
"
2XAJC3GOZZMTA4XXBFAZFHPQ6ADUKMNC7MJJ5AQ3FJBR5ACH5GSA,,3000,failed,"<html>
<head><title>429 Too Many Requests</title></head>
<body>
<center><h1>429 Too Many Requests</h1></center>
<hr><center>openresty</center>
</body>
</html>
"
LM4GKXJHCGIYN34OR763TZGWUSAO7FMIJIYAIXXU6EVZET443ANA,,3000,failed,"{""data"":{""app-index"":3548200231,""eval-states"":[{},{""stack"":[0]}],""group-index"":1,""pc"":126},""message"":""TransactionPool.Remember: transaction UPFO2KKYHKGKURV74FVSM5R2SQIQIR5QMYO3DBPSUSPALUTE2E3Q: logic eval error: assert failed pc=126. Details: app=3548200231, pc=126, opcodes=app_global_get; \u003e; assert""}
"
6J3ZK4YOWAQ4HDXODZHJ26ZI7ZSUQW5G4SKHC6Q2GMZ4NHJMK6UA,,3000,failed,"<html>
<head><title>429 Too Many Requests</title></head>
<body>
<center><h1>429 Too Many Requests</h1></center>
<hr><center>openresty</center>
</body>
</html>
"
BWQ7DF562UPASGGASOGWJRGRM75F2M7FYBQHTQCZ3AZHSOIS5AQQ,,3000,failed,"{""data"":{""app-index"":3548200231,""eval-states"":[{},{""stack"":[0]}],""group-index"":1,""pc"":126},""message"":""TransactionPool.Remember: transaction EMH2JB6QMQJMESBEOJZIVR3FM6IZKAUSTYJ77ERGJYVZBKOZRJQA: logic eval error: assert failed pc=126. Details: app=3548200231, pc=126, opcodes=app_global_get; \u003e; assert""}
"
XKY46NDLFJMGMG4TG6WMX2463TTZC5C5FTKNRG5WLC2N2P6PJ6DQ,,3000,failed,"<html>
<head><title>429 Too Many Requests</title></head>
<body>
<center><h1>429 Too Many Requests</h1></center>
<hr><center>openresty</center>
</body>
</html>
"
UFQFO26DLAJPQE2MGHD26PXMCMCD2A56COQOX62ZBMLYSGYVQ6ZQ,6.496122121810913,2000,success,
J2HJCAEQBMTM35I255EESMJDYA7V5UHW4F2EVAFEJLQCXXA7YGCQ,,3000,failed,"<html>
<head><title>429 Too Many Requests</title></head>
<body>
<center><h1>429 Too Many Requests</h1></center>
<hr><center>openresty</center>
</body>
</html>
"
2CY3QOIW4GLG427SFX6THNV5DTV6GJN7M5BNUSLGZF3464ZYEEFA,,3000,failed,"{""data"":{""app-index"":3548200231,""eval-states"":[{},{""stack"":[0]}],""group-index"":1,""pc"":126},""message"":""TransactionPool.Remember: transaction XVUUBIL7ME22ALUBO5UZ5SCA64PO5NEA4P6PL7KXRWHIP5XKYFBA: logic eval error: assert failed pc=126. Details: app=3548200231, pc=126, opcodes=app_global_get; \u003e; assert""}
"
TZM7F7Z5ETMV55FW3MIWYJNMRVLIGZU5LKBCDELAH5OUJC5CQTFA,,3000,failed,"<html>
<head><title>429 Too Many Requests</title></head>
<body>
<center><h1>429 Too Many Requests</h1></center>
<hr><center>openresty</center>
</body>
</html>
"
MA4NX4SFR2GPAGGAHDCXVLPHMG6QX7FB4V2L7TM4EKICVGPWQSIA,,3000,failed,"<html>
<head><title>429 Too Many Requests</title></head>
<body>
<center><h1>429 Too Many Requests</h1></center>
<hr><center>openresty</center>
</body>
</html>
"
F5OUHSULNPTFAEIP3MFPXIFLQJS67WHC5LKIYN5734EPQ5OPMNOA,,3000,failed,"<html>
<head><title>429 Too Many Requests</title></head>
<body>
<center><h1>429 Too Many Requests</h1></center>
<hr><center>openresty</center>
</body>
</html>
"
LK5ATQG73637W7AGJIWBPAGNX2BLGCPYC3EVOREYJF4WRES7LC2A,,3000,failed,"{""data"":{""app-index"":3548200231,""eval-states"":[{},{""stack"":[0]}],""group-index"":1,""pc"":126},""message"":""TransactionPool.Remember: transaction G5MA5N5KZAXSGIQWIXY7BZJNDSF7OR3IKBUW4UVUSASZMFJHTA3Q: logic eval error: assert failed pc=126. Details: app=3548200231, pc=126, opcodes=app_global_get; \u003e; assert""}
"
W4WQDCAHEK6BNAV4TJMM5EZSC7R2OVH2LX4CKO2FSCRF6NSHAFUQ,,3000,failed,"<html>
<head><title>429 Too Many Requests</title></head>
<body>
<center><h1>429 Too Many Requests</h1></center>
<hr><center>openresty</center>
</body>
</html>
"
A5N3SR6YAT7GZRNTWPFLB6NR2TUIHGYDFGOSRMQIVE6YVJ2HWTQQ,4.474856615066528,2000,success,
VW3KBJU7HT663R7IVUPQWEBXUVF5VUYQLXFLPMYR64O62Y7A64DQ,,3000,failed,"<html>
<head><title>429 Too Many Requests</title></head>
<body>
<center><h1>429 Too Many Requests</h1></center>
<hr><center>openresty</center>
</body>
</html>
"
4HJHJFZPN5QPWEWDSDYD7HH7PSEWZMSFHUJNWO5WMVDS6FFKHDXA,,3000,failed,"<html>
<head><title>429 Too Many Requests</title></head>
<body>
<center><h1>429 Too Many Requests</h1></center>
<hr><center>openresty</center>
</body>
</html>
"
BW35FAG3LQJEGB4VEJGDQ37MKGUV6YDLILK2HT4NDE4TUW4IJIKA,,3000,failed,"<html>
<head><title>429 Too Many Requests</title></head>
<body>
<center><h1>429 Too Many Requests</h1></center>
<hr><center>openresty</center>
</body>
</html>
"
VINIMOJIFS2UVKHYJIY7BEXZWOTLY6QYW4MIZHJZQQFRCSRTJS2A,7.066453695297241,2000,success,
G5NLR35PPHU5TFKF2JUOCVNIBDXAJ3WNO64LJYBAG4OXYKPPXC2Q,5.250317096710205,2000,success,
D2DXV6XVSZ5DGDAIRCMGIWSST5BCFUCZ6NJL24FWJHANFKEBHOJA,5.870177745819092,2000,success,
5AYJPOXQM3XA547AWXWDUTHFRDWHCVODDPH6L5QIWD6M7KJCPR2A,,3000,failed,"{""data"":{""app-index"":3548200231,""eval-states"":[{},{""stack"":[0]}],""group-index"":1,""pc"":126},""message"":""TransactionPool.Remember: transaction KFASLGCR2MKDAZ7PVSG6Z7LQ7QXFY7TBGAMMBUHN43GVWUZOHBIQ: logic eval error: assert failed pc=126. Details: app=3548200231, pc=126, opcodes=app_global_get; \u003e; assert""}
"
P3L3XUQENFH2WURVQ76ZVHCY6E3KI2B54AMYGFFOOKMOOPMA5CPQ,,3000,failed,"{""data"":{""app-index"":3548200231,""eval-states"":[{},{""stack"":[0]}],""group-index"":1,""pc"":126},""message"":""TransactionPool.Remember: transaction VIQ3DAT7DUU5FM2HHYOMPFBLEFR5NYOGG23IVMPP6USIBSIUIY4A: logic eval error: assert failed pc=126. Details: app=3548200231, pc=126, opcodes=app_global_get; \u003e; assert""}
"
3BNZDZ3JALHRLS7KW2U4ZSBJFKUKWPJJZZ34TELZ7SP6GU7XOPKA,,3000,failed,"<html>
<head><title>429 Too Many Requests</title></head>
<body>
<center><h1>429 Too Many Requests</h1></center>
<hr><center>openresty</center>
</body>
</html>
"
HL4WF7CQ5MMGDOJ4FEB43VTM4PUV7FT3BJ4WQUHZJJ2H2Y6MIB2Q,,3000,failed,"<html>
<head><title>429 Too Many Requests</title></head>
<body>
<center><h1>429 Too Many Requests</h1></center>
<hr><center>openresty</center>
</body>
</html>
"
QG6HC6JTOHOON6FFBVXYFZURXJ3CL6E534M6FBQIGDJU63T55ILA,,3000,failed,"<html>
<head><title>429 Too Many Requests</title></head>
<body>
<center><h1>429 Too Many Requests</h1></center>
<hr><center>openresty</center>
</body>
</html>
"
26ZZF3NP3P67ETRAOIPJHL3TR4JUI5D7Y7G52DTVELCRMXMWX6NA,,3000,failed,"{""data"":{""app-index"":3548200231,""eval-states"":[{},{""stack"":[0]}],""group-index"":1,""pc"":126},""message"":""TransactionPool.Remember: transaction AJFNA2BGQDC35WYXTVDBKCA4MNBPSLRZXUV5H6TAAMQFPNDA4YSA: logic eval error: assert failed pc=126. Details: app=3548200231, pc=126, opcodes=app_global_get; \u003e; assert""}
"
5Y3L5RAUGIW6BVLYWIQG6SEK6XVT7UDDD3L2Q5BL5TW5XUJPBFDQ,4.599045515060425,2000,success,
SC24PGXNOVU36CFENUF36SLJT22GMR3STID3ITZPZ6V7NCIF3SLQ,7.768300533294678,2000,success,
2E57WFUECMQUEIWXGUS2FCXVMZQ63SZ767Q22XCRQ6JD3TJBTP3A,,3000,failed,"{""data"":{""app-index"":3548200231,""eval-states"":[{},{""stack"":[0]}],""group-index"":1,""pc"":126},""message"":""TransactionPool.Remember: transaction TFZA5X6UAFGKWHXCBQ4RA2GSIWQJYLM7RY3NAHXX2MVBGBZJS5FQ: logic eval error: assert failed pc=126. Details: app=3548200231, pc=126, opcodes=app_global_get; \u003e; assert""}
"
35DRVFLZZD34ICC6YCY7MNAXUT7FNDERIJAZHSV63LEGIDFDTEPQ,,3000,failed,"<html>
<head><title>429 Too Many Requests</title></head>
<body>
<center><h1>429 Too Many Requests</h1></center>
<hr><center>openresty</center>
</body>
</html>
"
E4MXZVQB5JMRZ42ISAJ6OBR6QJWQKUKJCHRPLTFX74L5EBUF3CRA,,3000,failed,"{""data"":{""app-index"":3548200231,""eval-states"":[{},{""stack"":[0]}],""group-index"":1,""pc"":126},""message"":""TransactionPool.Remember: transaction MFCZBMJOZ3RKTFJF2LKLPM3ZD4R53UZBCQTR5FJHVRT3BT5FQSSQ: logic eval error: assert failed pc=126. Details: app=3548200231, pc=126, opcodes=app_global_get; \u003e; assert""}
"
R44FNYVFCR54WZCYKRCA4IGS5NZFBQ7M3OPZWYJXEOAGGRNLKBKQ,6.250747442245483,2000,success,
DEMGPS5EGVWDQZGPQLG6BP5J4WUVL3RKNADOUHRDWJYBFT6RNYTQ,,3000,failed,"<html>
<head><title>429 Too Many Requests</title></head>
<body>
<center><h1>429 Too Many Requests</h1></center>
<hr><center>openresty</center>
</body>
</html>
"
NVKDV5PLOT4F544D5TODD26NKBGYPZVMAPQJT7J5IDUJ65FY5XZQ,,3000,failed,"<html>
<head><title>429 Too Many Requests</title></head>
<body>
<center><h1>429 Too Many Requests</h1></center>
<hr><center>openresty</center>
</body>
</html>
"
SCEXTLKCGUO6FXNOHW4CUAMK7ZZCBSBZRKCBUN2NWU53S7Y7Z3JA,10.060450077056885,2000,success,
33QLSGOBHDJ4D544MLQS23TYOPV4WQKBBEJ6FUITIEOYOWTTAOAQ,5.41405463218689,2000,success,
4TJ3DZUH6ZAPMONZMBZ7PNQGYC7LJFC22EKZSTIUEYUMA7KSNXZA,,3000,failed,"{""data"":{""app-index"":3548200231,""eval-states"":[{},{""stack"":[0]}],""group-index"":1,""pc"":126},""message"":""TransactionPool.Remember: transaction WWQ6RVWYMEQ3O6VORPTSE7XC5WXXBKRNFU275JKUPDWIK5KUR6ZQ: logic eval error: assert failed pc=126. Details: app=3548200231, pc=126, opcodes=app_global_get; \u003e; assert""}
"
FWBIRUSKFMQEK5MWPLU6RXQ2MY47YS65N4S3ZN2BOMGBKC2FFT4Q,,3000,failed,"{""data"":{""app-index"":3548200231,""eval-states"":[{},{""stack"":[0]}],""group-index"":1,""pc"":126},""message"":""TransactionPool.Remember: transaction 5RAPO2CJPFYBYYE5NZAJQAJ377IALMDSSTE4MOXDAK37MJQ3HCBA: logic eval error: assert failed pc=126. Details: app=3548200231, pc=126, opcodes=app_global_get; \u003e; assert""}
"
UI2Q6G4U3EPPLG4SYQ4XRHJ6ZIHTR2CQYU3ZZTKM6BVFINII35GA,4.069391489028931,2000,success,
LFI25SDVH64FQ4H3XQ44G3VMBLHTL44EG2W43TGTUW4WIGTUV3BQ,,3000,failed,"<html>
<head><title>429 Too Many Requests</title></head>
<body>
<center><h1>429 Too Many Requests</h1></center>
<hr><center>openresty</center>
</body>
</html>
"
D2GWBRNBILCCKSKGDKS7PF5SSAX7LJSAODLMP4JXRXIDJ45U5XYA,4.092659950256348,2000,success,
PEM7JOKMV4QAMFE55RD6CAVR27K2L2TU5X7HSE6ZTOY2PDY5YVDA,,3000,failed,"{""data"":{""app-index"":3548200231,""eval-states"":[{},{""stack"":[0]}],""group-index"":1,""pc"":126},""message"":""TransactionPool.Remember: transaction GPUVYZIUGLGJ5ZZWJY7JIBUAADBGYKDKCRFI7JCIE3CJV3MSG3YQ: logic eval error: assert failed pc=126. Details: app=3548200231, pc=126, opcodes=app_global_get; \u003e; assert""}
"
TJLUK7TV56OCREEYUJKWRDZZBH5SDZ57ZGWGF3DACGXCK3OKZ72A,,3000,failed,"<html>
<head><title>429 Too Many Requests</title></head>
<body>
<center><h1>429 Too Many Requests</h1></center>
<hr><center>openresty</center>
</body>
</html>
"
AK6MQMTPFD67VLBBESKLUOXNXYFNF6GK7U234OZVHLC5P2ZAVMEQ,,3000,failed,"<html>
<head><title>429 Too Many Requests</title></head>
<body>
<center><h1>429 Too Many Requests</h1></center>
<hr><center>openresty</center>
</body>
</html>
"
7QA545TO5KXPEGATRGFWJE7J2RAMBRE6F3SL6NZCPJES57TGFINQ,,3000,failed,"{""data"":{""app-index"":3548200231,""eval-states"":[{},{""stack"":[0]}],""group-index"":1,""pc"":126},""message"":""TransactionPool.Remember: transaction 6OJJNXR2KY7LYFSWWDEWGDDERFKFWCVJ3SRPJ4YXJ7CVDDNMR7TQ: logic eval error: assert failed pc=126. Details: app=3548200231, pc=126, opcodes=app_global_get; \u003e; assert""}
"
OMXZLMSMBIGZETMTAG7XQZ5P3ROGVTNNQLZIWDC5IA5JYU3TPBIQ,,3000,failed,"<html>
<head><title>429 Too Many Requests</title></head>
<body>
<center><h1>429 Too Many Requests</h1></center>
<hr><center>openresty</center>
</body>
</html>
"
DJ2D23USLLWTMERZB6KCZP5Q2WGN3VAXGW6NDYUASYOUMFAIDOZQ,,3000,failed,"{""data"":{""app-index"":3548200231,""eval-states"":[{},{""stack"":[0]}],""group-index"":1,""pc"":126},""message"":""TransactionPool.Remember: transaction ZHBCVZEQN6YJILPTHPJR5YJONCHQOE3CWT3IEACCODVVHGZYUMMQ: logic eval error: assert failed pc=126. Details: app=3548200231, pc=126, opcodes=app_global_get; \u003e; assert""}
"
BVSNCJHA44T42GH4V674OZHIROK3DCLFDPFXUTJNF6ZLEZ3H5DUA,,3000,failed,"<html>
<head><title>429 Too Many Requests</title></head>
<body>
<center><h1>429 Too Many Requests</h1></center>
<hr><center>openresty</center>
</body>
</html>
"
7VDWGZE7424P6ISSZIPNFFGLS3PBEIVEVMZXSRYN76FJ7LLZ4MOA,5.576595783233643,2000,success,
B5Y3VV7YY4ZGQNLSN73D2GZQH335TFKFKXXJTCGQWYIXQA62GE3Q,,3000,failed,"<html>
<head><title>429 Too Many Requests</title></head>
<body>
<center><h1>429 Too Many Requests</h1></center>
<hr><center>openresty</center>
</body>
</html>
"
5UXFI3CVJEFBAPBVHKHALF3AK4PKCQPACMBNUZESEZURMSAXCOTA,,3000,failed,"{""data"":{""app-index"":3548200231,""eval-states"":[{},{""stack"":[0]}],""group-index"":1,""pc"":126},""message"":""TransactionPool.Remember: transaction B6FX4RYN5AKTXEUW2YSXBRTJFLSGNH55EKX6EMIBD2CILSJGIX5Q: logic eval error: assert failed pc=126. Details: app=3548200231, pc=126, opcodes=app_global_get; \u003e; assert""}
"
OWNW3PDJWMLLLNTB7X3TDHATPRMLTSUYQDJV7L64AHOCPHE2WWNA,,3000,failed,"<html>
<head><title>429 Too Many Requests</title></head>
<body>
<center><h1>429 Too Many Requests</h1></center>
<hr><center>openresty</center>
</body>
</html>
"
IRRTFGF5SLBCFGQ7ADUK3YGCOEHWMHZLVRASHS7VLHEGBXODD2GQ,7.401780605316162,2000,success,
LYYEWE3Q6XSX7W4JABZRVHV7KU3XZ6G2U2EEMT56YJASJ2D2B3YA,4.14393162727356,2000,success,
CKFJKY2NRCENNO3MQ2JT5X5FSM2CYT5DV7FDFSTZUJE5H72FRNYA,,3000,failed,"{""data"":{""app-index"":3548200231,""eval-states"":[{},{""stack"":[0]}],""group-index"":1,""pc"":126},""message"":""TransactionPool.Remember: transaction 6IW3NU6GW4BQ4X3DGNKQ4PE5DE7AYJTBP6NQLNY464ORRHKBSLWQ: logic eval error: assert failed pc=126. Details: app=3548200231, pc=126, opcodes=app_global_get; \u003e; assert""}
"
ZJV6K7MZIJ4PNH4BWLOJWKN7CMKJLTHIY3KA6B5B5XHD7GQEXTQQ,,3000,failed,"<html>
<head><title>429 Too Many Requests</title></head>
<body>
<center><h1>429 Too Many Requests</h1></center>
<hr><center>openresty</center>
</body>
</html>
"
TEMZLKQV2C2LJUVAQIAC7335FPCQKNEAR4IROMEJ2BPR6SUGQO7Q,,3000,failed,"{""data"":{""app-index"":3548200231,""eval-states"":[{},{""stack"":[0]}],""group-index"":1,""pc"":126},""message"":""TransactionPool.Remember: transaction R4BOYVI6I3NHBDXY4NQZAU7IRK5GQIFLUZTUNCJXLUW2WHEYJDAQ: logic eval error: assert failed pc=126. Details: app=3548200231, pc=126, opcodes=app_global_get; \u003e; assert""}
"
Q4CIQG2CYVBAVC7MKTOGOAH6M5VERU2DGAKDAMVB6EFTB5LQGURA,,3000,failed,"<html>
<head><title>429 Too Many Requests</title></head>
<body>
<center><h1>429 Too Many Requests</h1></center>
<hr><center>openresty</center>
</body>
</html>
"
CZQP652A52KTLFXRSH47CQ6TSFG6RWWWEDWE3PDWHXZD7B2A4OUA,,3000,failed,"<html>
<head><title>429 Too Many Requests</title></head>
<body>
<center><h1>429 Too Many Requests</h1></center>
<hr><center>openresty</center>
</body>
</html>
"
SL4IGHR2UWDHGKCJJBG7NX43R5MMCLXFUTIMJ6GN6IOPYEBBYN6A,6.436579942703247,2000,success,
XIV3Y5C6AEW6PM5ZCXPYNZGLDYQNNNU3FYT4HNFUOFJAIOYPIXYA,,3000,failed,"<html>
<head><title>429 Too Many Requests</title></head>
<body>
<center><h1>429 Too Many Requests</h1></center>
<hr><center>openresty</center>
</body>
</html>
"
QR53HBOMTAWT443JZL7DUCWKZBNSJQDNT5MJ3C2ZDRUG6PKU4V7A,,3000,failed,"{""data"":{""app-index"":3548200231,""eval-states"":[{},{""stack"":[0]}],""group-index"":1,""pc"":126},""message"":""TransactionPool.Remember: transaction 3NFQVMWX2C4VPWWXF6RKTXEQ3GF6GNOSOG7HKOBYT4WIJU7B5SDA: logic eval error: assert failed pc=126. Details: app=3548200231, pc=126, opcodes=app_global_get; \u003e; assert""}
"
QD45FLYLYXIUTEC5MC47VWSUC5MM7SCA2AIHXA6MCW7FYCO7DNTQ,,3000,failed,"{""data"":{""app-index"":3548200231,""eval-states"":[{},{""stack"":[0]}],""group-index"":1,""pc"":126},""message"":""TransactionPool.Remember: transaction FTUIHEOTWF5XA7O2NYDJQYO7HUBYYAN2MF46E47JT33L5FNZTTEA: logic eval error: assert failed pc=126. Details: app=3548200231, pc=126, opcodes=app_global_get; \u003e; assert""}
"
ZJ5PE3J5YO4EA4IMKYIXKCRKZRMPYSVUV3M2DENN36PL3RX6KR5Q,,3000,failed,"{""data"":{""app-index"":3548200231,""eval-states"":[{},{""stack"":[0]}],""group-index"":1,""pc"":126},""message"":""TransactionPool.Remember: transaction XVQVJHL4KRXJD4JG6KKPJKDNP77KSAB2BP2BSGU3OHOTT2V2HLBQ: logic eval error: assert failed pc=126. Details: app=3548200231, pc=126, opcodes=app_global_get; \u003e; assert""}
"
AWVY4PMBQ26NFI4QWKMLQTNEZJ3Y7YRQADD5LETNGDBSCAJAXDSQ,,3000,failed,"<html>
<head><title>429 Too Many Requests</title></head>
<body>
<center><h1>429 Too Many Requests</h1></center>
<hr><center>openresty</center>
</body>
</html>
"
2WINIMG32FTXWTRZLA2NC3KSV2PQ4ESJRLOA2SRENKRCSVOY5REA,,3000,failed,"<html>
<head><title>429 Too Many Requests</title></head>
<body>
<center><h1>429 Too Many Requests</h1></center>
<hr><center>openresty</center>
</body>
</html>
"
PH3BXLO6VXKVSCNBYGOZWVQDTMPJIIV3NVQ3JEA4QJ2F4SKDN7DA,,3000,failed,"<html>
<head><title>429 Too Many Requests</title></head>
<body>
<center><h1>429 Too Many Requests</h1></center>
<hr><center>openresty</center>
</body>
</html>
"
MXAP5XMN65X2JFETEEEEOOCIZ3KMKG2MFM2XPBDXH6PMAV47BSTA,6.215235710144043,2000,success,
POGBHVDQY6FDADJWB5EKN3V4SXNH7CRZMWCQK2SVQSSHNX3F7FJQ,6.466574430465698,2000,success,
UKI2ARZA35M4W3NAX2IKGR23KJPSWZIK3YBYIPPZ7ZVJJ2MO56TQ,5.513129472732544,2000,success,
JZNJ4E7CN54MYWHIQ42YLH7NU7FDD3WSLW7HJLXZVUQM4ATUU6PQ,,3000,failed,"<html>
<head><title>429 Too Many Requests</title></head>
<body>
<center><h1>429 Too Many Requests</h1></center>
<hr><center>openresty</center>
</body>
</html>
"
F3KFGVRM5NUUOYQBQ6RPOW4TDO7OKNRCYTUSUBDSW3BCLFFGXUXA,,3000,failed,"{""data"":{""app-index"":3548200231,""eval-states"":[{},{""stack"":[0]}],""group-index"":1,""pc"":126},""message"":""TransactionPool.Remember: transaction UWQY5BQ3BQJATXH7QMQD3WU6WHRIIHCNXGLWEM2AYKFTQRA4PKEA: logic eval error: assert failed pc=126. Details: app=3548200231, pc=126, opcodes=app_global_get; \u003e; assert""}
"
3XAKM6DYMNQ52DSZCG3AC7JUT3UDOCHV6LXWGRPHQWQTIDSQ32UA,,3000,failed,"<html>
<head><title>429 Too Many Requests</title></head>
<body>
<center><h1>429 Too Many Requests</h1></center>
<hr><center>openresty</center>
</body>
</html>
"
PCXJLUR5BTM6IZOYKGHCT64RO5U6BOAU2XAMCZWHCOCZTSY7BEDA,,3000,failed,"<html>
<head><title>429 Too Many Requests</title></head>
<body>
<center><h1>429 Too Many Requests</h1></center>
<hr><center>openresty</center>
</body>
</html>
"
3VZFP5WH3AH67NYJGYSVJE3ETVQIDNKLOFLLI7S7NFBW3KFWRVNQ,4.80937385559082,2000,success,
SDIKQDYP5DJIOOJWUHPPWVBIKVKNZK2HQY6I6PLN3EEYIUNDO7XQ,,3000,failed,"<html>
<head><title>429 Too Many Requests</title></head>
<body>
<center><h1>429 Too Many Requests</h1></center>
<hr><center>openresty</center>
</body>
</html>
"
XKDL3ZIOIIFGKPM57KB6K2MLQQHWFCB4SR6XJKGQ5RV656WS2VXA,,3000,failed,"<html>
<head><title>429 Too Many Requests</title></head>
<body>
<center><h1>429 Too Many Requests</h1></center>
<hr><center>openresty</center>
</body>
</html>
"
OD5PITZVWPZ3N5JH75ENHM2Q6WLRRCFK6K6OIL7EKH5ZSXNT547Q,5.466579914093018,2000,success,
BMYZD67BPKTQM7JADV5A2HIUWSNKRVBQCV3YX46XAYKLX7A6MIHA,18.961975574493408,2000,success,
BHDOLZTJPCMMUT7QS5RB3NUECETPU5LTY4HBZ5K34GYL3OYEDMCQ,,3000,failed,"<html>
<head><title>429 Too Many Requests</title></head>
<body>
<center><h1>429 Too Many Requests</h1></center>
<hr><center>openresty</center>
</body>
</html>
"
HLKSALW5FQMURXJSYMSPUS4VYGS5HKBZ2W6NHUVGDIFT5C6M7U6A,,3000,failed,"{""data"":{""app-index"":3548200231,""eval-states"":[{},{""stack"":[0]}],""group-index"":1,""pc"":126},""message"":""TransactionPool.Remember: transaction LCXVR77ALTQFWPMS66WBRU2TM6BEF6PCX7XHRKVQR7C2ZVCOQRBA: logic eval error: assert failed pc=126. Details: app=3548200231, pc=126, opcodes=app_global_get; \u003e; assert""}
"
2QKP5NAAHFDEIIQRBOHLQ6WVI332X6S3QBHG6D4ODK2M6RY47AVQ,6.107544660568237,2000,success,
CC7U4VBAPRTCZ2I3IH6DPKUPUPXQBA6JKNKOBF54MRFB7QP5S74Q,,3000,failed,"<html>
<head><title>429 Too Many Requests</title></head>
<body>
<center><h1>429 Too Many Requests</h1></center>
<hr><center>openresty</center>
</body>
</html>
"
SKUTING7UUHZGSLRB3CHDWUZQTHCA7ZHOFPCQFQ7VAIXUMY3RMAA,7.3333094120025635,2000,success,
ADB3PWZWRQ2GE76EZWY6DEGW66LB4GRDDML4RR7B4O6BR3AVEMDA,,3000,failed,"<html>
<head><title>429 Too Many Requests</title></head>
<body>
<center><h1>429 Too Many Requests</h1></center>
<hr><center>openresty</center>
</body>
</html>
"
CUBQDA2U2PDGD7VNVU32QFHR2AXFZ3I3JGCU2NJ72GG2HT7U2WEA,7.19812798500061,2000,success,
QSVHHVUXZVC3C6F2KU37I6DZWL63GIYZYROZR4DEE544RPUTDOWA,,3000,failed,"{""data"":{""app-index"":3548200231,""eval-states"":[{},{""stack"":[0]}],""group-index"":1,""pc"":126},""message"":""TransactionPool.Remember: transaction 5M3PBD6WNWLKEZPSECEVDAC57MG4N2HP2IMGZHCLSZVVZGMQPS3A: logic eval error: assert failed pc=126. Details: app=3548200231, pc=126, opcodes=app_global_get; \u003e; assert""}
"
4VKDOCHWP4WJ6YBVKNZUIMKQEAAD256EWIGSZZDZ7E57GHXXUKUA,,3000,failed,"{""data"":{""app-index"":3548200231,""eval-states"":[{},{""stack"":[0]}],""group-index"":1,""pc"":126},""message"":""TransactionPool.Remember: transaction 6DIFLZKX4SIASE2AGV77HCYKGML3PRPLGTLANFK6UKQ7SXZR4QZA: logic eval error: assert failed pc=126. Details: app=3548200231, pc=126, opcodes=app_global_get; \u003e; assert""}
"
AAPQSAGZZPU4LX6D6Y73YFAJN6HXOTO3RVROAJFKW5WWXQMVP3GA,12.984840631484985,2000,success,
NUSMVDEDAMUR3LQ4BXSZL4PTCA7GGLPQPL4XRM2TOW7B73XDNMXA,,3000,failed,"{""data"":{""app-index"":3548200231,""eval-states"":[{},{""stack"":[0]}],""group-index"":1,""pc"":126},""message"":""TransactionPool.Remember: transaction VISATPJRH4EZZ7RXKBA7JN7DMPUOKTLX3CEMGP3IRIO6XBCADR3A: logic eval error: assert failed pc=126. Details: app=3548200231, pc=126, opcodes=app_global_get; \u003e; assert""}
"
6MYGHJ4KSHIX7DBW6MWHS7ISGJ67XPCIOHOWB2QBFEKVA2WYFP7A,5.16806960105896,2000,success,
H4SDBMNG2DSNIBRQ33CXQ4LQKMB2JJUHKN447TECAQDZOO62AQWA,,3000,failed,"{""data"":{""app-index"":3548200231,""eval-states"":[{},{""stack"":[0]}],""group-index"":1,""pc"":126},""message"":""TransactionPool.Remember: transaction YSNAYFQXM7BVEHPCKAYTJFQYKOJHAWS4JKFCX7RLAZEG4BH74RFA: logic eval error: assert failed pc=126. Details: app=3548200231, pc=126, opcodes=app_global_get; \u003e; assert""}
"
Y4U6F72IHMMOX5FGTWRYS3IJ5NC47SOJYADBUJOEFQ7L2DRFVY3Q,,3000,failed,"{""data"":{""app-index"":3548200231,""eval-states"":[{},{""stack"":[0]}],""group-index"":1,""pc"":126},""message"":""TransactionPool.Remember: transaction 6GHOMK5WYUS2KIC7ILX55FEJSE5ZPCHOXQHEIYBDMQIVQMQGC6BA: logic eval error: assert failed pc=126. Details: app=3548200231, pc=126, opcodes=app_global_get; \u003e; assert""}
"
TVY5VX6FF442UE7PINELMH5CN7SDM4XSXDB6M4SNREAXXNOMGMZQ,,3000,failed,"{""data"":{""app-index"":3548200231,""eval-states"":[{},{""stack"":[0]}],""group-index"":1,""pc"":126},""message"":""TransactionPool.Remember: transaction GZBMWPDMRYW6ZOV3AJZY7LAXAIWRZT7HADZGO56PDGNKWDNSGXZA: logic eval error: assert failed pc=126. Details: app=3548200231, pc=126, opcodes=app_global_get; \u003e; assert""}
"
EGRD3JFIRJPRYYVTYT6GFAKPX6UJVAOWEI7PHQGFT7NATJN3YXKA,,3000,failed,"{""data"":{""app-index"":3548200231,""eval-states"":[{},{""stack"":[0]}],""group-index"":1,""pc"":126},""message"":""TransactionPool.Remember: transaction 2INYWTZKGU6K2FAFJFV7IADOPP6TM2BLZ7UVBU7LTWPSYS3HL7WQ: logic eval error: assert failed pc=126. Details: app=3548200231, pc=126, opcodes=app_global_get; \u003e; assert""}
"
U5QM5MFNKDWPULPUNQOT372RRFVKEKNSZBVMYVBP6YZUJSFW6Y6Q,,3000,failed,"<html>
<head><title>429 Too Many Requests</title></head>
<body>
<center><h1>429 Too Many Requests</h1></center>
<hr><center>openresty</center>
</body>
</html>
"
YK4KJAHQDBRAI2Y4YAVMWEX363CRQMRNVJ6QSH6X3UZHCAV353TA,,3000,failed,"<html>
<head><title>429 Too Many Requests</title></head>
<body>
<center><h1>429 Too Many Requests</h1></center>
<hr><center>openresty</center>
</body>
</html>
"
K25Q2YUJGXNMULAMWRQLG746PMRQD6QVV5MSFW7B2KITVG2USHGQ,,3000,failed,"<html>
<head><title>429 Too Many Requests</title></head>
<body>
<center><h1>429 Too Many Requests</h1></center>
<hr><center>openresty</center>
</body>
</html>
"
7W6YI6G6YXNPQSDVAK7H6JTQ7O2JHFX77CVCZ5IW5H4FN2EJNKMQ,,3000,failed,"{""data"":{""app-index"":3548200231,""eval-states"":[{},{""stack"":[0]}],""group-index"":1,""pc"":126},""message"":""TransactionPool.Remember: transaction ES4P5I65PVD5OS46LRUGNR7OSGPRJ6EMRZILXS7FXFI7IYBM7QVQ: logic eval error: assert failed pc=126. Details: app=3548200231, pc=126, opcodes=app_global_get; \u003e; assert""}
"
IR776T26Z4MYF4J7RTNJHXHQS5A5LRNMI3X6PQLKFWVVKKRKTV3A,,3000,failed,"{""data"":{""app-index"":3548200231,""eval-states"":[{},{""stack"":[0]}],""group-index"":1,""pc"":126},""message"":""TransactionPool.Remember: transaction IHBAWAE7WQED7YG5DHWR7W2ALCXFOXH4IWOPPJC7OMVKW2KLUZYA: logic eval error: assert failed pc=126. Details: app=3548200231, pc=126, opcodes=app_global_get; \u003e; assert""}
"
LCCUWUUNTN3T2NVJ7J3FISWRSH5NGD6HBUYZCHJCOGQP4CZOGH6Q,,3000,failed,"{""data"":{""app-index"":3548200231,""eval-states"":[{},{""stack"":[0]}],""group-index"":1,""pc"":126},""message"":""TransactionPool.Remember: transaction P5OJ6FDWXLTI5JT7QIW5MZFJIJAZQXWWBQVBIGE2AY24YQC3MJYQ: logic eval error: assert failed pc=126. Details: app=3548200231, pc=126, opcodes=app_global_get; \u003e; assert""}
"
JEAHOJW2UNQPZ7TI4XN5H4YS7JUGGP4AKXW6BLRIHY2CFYK6JKHQ,,3000,failed,"{""data"":{""app-index"":3548200231,""eval-states"":[{},{""stack"":[0]}],""group-index"":1,""pc"":126},""message"":""TransactionPool.Remember: transaction 2OAYYCZXR7ZBELGD6OWIO2T2UZNVJAXPE74G7Y7RE67Y5LL7HAYA: logic eval error: assert failed pc=126. Details: app=3548200231, pc=126, opcodes=app_global_get; \u003e; assert""}
"
QE5NSPPWXR5P27IDQDJ7AL26TBAYK4XOSOA7XKXE2ORTX7NK4IIA,,3000,failed,"<html>
<head><title>429 Too Many Requests</title></head>
<body>
<center><h1>429 Too Many Requests</h1></center>
<hr><center>openresty</center>
</body>
</html>
"
MU5UZH4QM6MCDGCR4RNPGM5VSOD53IAYGY2BHI42MIQUHV7RNH6A,,3000,failed,"<html>
<head><title>429 Too Many Requests</title></head>
<body>
<center><h1>429 Too Many Requests</h1></center>
<hr><center>openresty</center>
</body>
</html>
"
Q6FVGMINNYNVHXNOWDGMFFCMSM4ADQODHKSCZAQIU3F5E4VCDUHQ,,3000,failed,"{""data"":{""app-index"":3548200231,""eval-states"":[{},{""stack"":[0]}],""group-index"":1,""pc"":126},""message"":""TransactionPool.Remember: transaction U37SS2SNCLUNROCTVLBQW4AEUOEDGIW2BJNBSBNFSQ2HTI47QZGQ: logic eval error: assert failed pc=126. Details: app=3548200231, pc=126, opcodes=app_global_get; \u003e; assert""}
"
TYAKMBB4JGFN54PNCKBICEOX76NRBCV6MVLHZQFPONVD355BSE6A,,3000,failed,"<html>
<head><title>429 Too Many Requests</title></head>
<body>
<center><h1>429 Too Many Requests</h1></center>
<hr><center>openresty</center>
</body>
</html>
"
3KCUJ353YPICPCRJZR5CXHHH7KY4WXYKQ5M5R47SK56TWAAFLLWQ,,3000,failed,"<html>
<head><title>429 Too Many Requests</title></head>
<body>
<center><h1>429 Too Many Requests</h1></center>
<hr><center>openresty</center>
</body>
</html>
"
74ZRGV2QFBIY4VJUDFNWBIZOU7EZSTIXDFEZ4K3KJEQV3QMDISSQ,7.444563388824463,2000,success,
6EKWG44VE32KMITPGQJI3GDS2NOZZQDKOQAVRRSSGOLB2O2JNZCQ,,3000,failed,"<html>
<head><title>429 Too Many Requests</title></head>
<body>
<center><h1>429 Too Many Requests</h1></center>
<hr><center>openresty</center>
</body>
</html>
"
5DNQSGXIRUDHV35XD7KAGPMV5J7ABBID4TP5P4XZBCNXTTXERZPA,,3000,failed,"{""data"":{""app-index"":3548200231,""eval-states"":[{},{""stack"":[0]}],""group-index"":1,""pc"":126},""message"":""TransactionPool.Remember: transaction PLUCJJTGI2OHQWGLYDIB57U2DLDTMY4L3QLPIRVCPKMTFEQB4U4A: logic eval error: assert failed pc=126. Details: app=3548200231, pc=126, opcodes=app_global_get; \u003e; assert""}
"
IV34S4CBET6BRLSO3GXZYH45XBBPIF5WFU3I4JETTALJQ55WXC6Q,5.733600854873657,2000,success,
NNW7YXXSUVGX6AW7TBVMEQWUGJDNFCT62UPUB5EXS35N2QAHTXUA,4.418503522872925,2000,success,
ZN4I4KVOAZ6G2BSXAZBEZDVGZPKLKSCPLYBOUL6LABFUM7WETU6Q,,3000,failed,"<html>
<head><title>429 Too Many Requests</title></head>
<body>
<center><h1>429 Too Many Requests</h1></center>
<hr><center>openresty</center>
</body>
</html>
"
KVNLE7OIXZ7UNBLK5IQQPXVRM3XD6MTBYR3HLR4E6HZUN42E7VSQ,,3000,failed,"{""data"":{""app-index"":3548200231,""eval-states"":[{},{""stack"":[0]}],""group-index"":1,""pc"":126},""message"":""TransactionPool.Remember: transaction YGYVPSW3BJME7B2V4FNNNFHJCDN4J36M2M6NXKWNHUFQOHCR2B7Q: logic eval error: assert failed pc=126. Details: app=3548200231, pc=126, opcodes=app_global_get; \u003e; assert""}
"
LJP7R2GWNQFQP6UE3B6UMRY7AEHW3SB524RNPLEVDCBFSOU6UUJQ,,3000,failed,"<html>
<head><title>429 Too Many Requests</title></head>
<body>
<center><h1>429 Too Many Requests</h1></center>
<hr><center>openresty</center>
</body>
</html>
"
QTPQRZOWRHUVJZWQNHJCOILOYUUDK4DQDMBIB7OIV3G3BO4FZHCQ,,3000,failed,"{""data"":{""app-index"":3548200231,""eval-states"":[{},{""stack"":[0]}],""group-index"":1,""pc"":126},""message"":""TransactionPool.Remember: transaction ULHMTE54ORMM3FBOQ6GNFPBG662XJKK3YJLYLTNN5JW24FMEEMOQ: logic eval error: assert failed pc=126. Details: app=3548200231, pc=126, opcodes=app_global_get; \u003e; assert""}
"
EB4APJGLBEGNCLBXARCHTXSXK57STL7VKDVIE5KYDJ72JNEC544A,,3000,failed,"{""data"":{""app-index"":3548200231,""eval-states"":[{},{""stack"":[0]}],""group-index"":1,""pc"":126},""message"":""TransactionPool.Remember: transaction AM64NAIW3W2CAAKWHS5PIDVJLH6KLWKJ4R7GD5ZLRXDADWQOD2QQ: logic eval error: assert failed pc=126. Details: app=3548200231, pc=126, opcodes=app_global_get; \u003e; assert""}
"
6W4EEXIEBDO6S6PA36F74Y25YOKH6OUCIKPNULVDAZX3DHHSOJNQ,,3000,failed,"<html>
<head><title>429 Too Many Requests</title></head>
<body>
<center><h1>429 Too Many Requests</h1></center>
<hr><center>openresty</center>
</body>
</html>
"
6WNDVPO4ZIJ6FA2JMW6BLGZCWKAZHJUMRI7KPXWGFAYA4EWKWGMQ,,3000,failed,"<html>
<head><title>429 Too Many Requests</title></head>
<body>
<center><h1>429 Too Many Requests</h1></center>
<hr><center>openresty</center>
</body>
</html>
"
6YZXTI5AT7FXMVADUTRFZ4S6YDMQBOPQJDUZ7SKAMACPKMSFMPSA,,3000,failed,"<html>
<head><title>429 Too Many Requests</title></head>
<body>
<center><h1>429 Too Many Requests</h1></center>
<hr><center>openresty</center>
</body>
</html>
"
YG4SHEYTFTWSMN5OO325H3YQVRJKNAOG7URIJTLHYKPB3QC24AMQ,,3000,failed,"<html>
<head><title>429 Too Many Requests</title></head>
<body>
<center><h1>429 Too Many Requests</h1></center>
<hr><center>openresty</center>
</body>
</html>
"
LSK7EBNJHWGF6QUY6VB6NKY5UPJXKRVLUTWXAEK7BP4LENEKHKMQ,,3000,failed,"<html>
<head><title>429 Too Many Requests</title></head>
<body>
<center><h1>429 Too Many Requests</h1></center>
<hr><center>openresty</center>
</body>
</html>
"
MRCLBUCLFTNCUMOY6KTEUK2ZNKK3XIPCT4V63YQTU3BTXPNPMR2A,,3000,failed,"<html>
<head><title>429 Too Many Requests</title></head>
<body>
<center><h1>429 Too Many Requests</h1></center>
<hr><center>openresty</center>
</body>
</html>
"
ZQD6F7OV34U6HS5R77QQRQQASEY5WSQFTOVHX6AK2AL422B6WT5Q,8.518755912780762,2000,success,
JKDLBB6FUJBG26D2A6VNG7MNL5YTJYXUMCHWB6FAIN23FU52IOGA,5.423813819885254,2000,success,
FL6OWSWMPBNHGXVNDWY76JXJ2QPES7W3Q2GA73FII6AEMYQTPL2Q,3.676365375518799,2000,success,
3JXPSFQ6QENTLHKLNFRXD4DOFP4PXE7HR2I6KWKNEJ42RS2DM2KQ,,3000,failed,"<html>
<head><title>429 Too Many Requests</title></head>
<body>
<center><h1>429 Too Many Requests</h1></center>
<hr><center>openresty</center>
</body>
</html>
"
HVRNOKBOK2VF7EVY3V2EOIUUN4KSSS2V6NJGC6MERBDGWLAJX7HA,7.419336318969727,2000,success,
ELBXCN4VNOLMKD4G6K32CQHR44NLBFC7LHGJAW7OSTPVXM52LQJA,,3000,failed,"<html>
<head><title>429 Too Many Requests</title></head>
<body>
<center><h1>429 Too Many Requests</h1></center>
<hr><center>openresty</center>
</body>
</html>
"
XAO5C3KORZCUYYHXGIYNMMGFHXAKXXN3O6UGDKRNBCZFWPWADTWQ,5.696047067642212,2000,success,
GHDGWO4DFD3QRBEUUYBLTLZ5CSHRQ3D5SBBPVTPCIB7Q4C2WKI3A,,3000,failed,"<html>
<head><title>429 Too Many Requests</title></head>
<body>
<center><h1>429 Too Many Requests</h1></center>
<hr><center>openresty</center>
</body>
</html>
"
SHB2VOIXC2AISWKTZCGQBJXG442KLV6MTMJUWEOEMFG6Y73UBO5Q,5.35538911819458,2000,success,
FR3QS6PZN2ZQ3ZDVEMQRFTACHH7ANPUXMIPY2BUUODR2IG6OW4SA,,3000,failed,"{""data"":{""app-index"":3548200231,""eval-states"":[{},{""stack"":[0]}],""group-index"":1,""pc"":126},""message"":""TransactionPool.Remember: transaction B776C733J6QQTJXSRAM3DOMWUMJ5QTV4FJ7CVZY7TDPJOXHEJLBA: logic eval error: assert failed pc=126. Details: app=3548200231, pc=126, opcodes=app_global_get; \u003e; assert""}
"
UKYT5TJSOYAUG2UJEHWQ3XKQG6OTEAT2UDLSOT2NSUMTTET5Q7XQ,,3000,failed,"<html>
<head><title>429 Too Many Requests</title></head>
<body>
<center><h1>429 Too Many Requests</h1></center>
<hr><center>openresty</center>
</body>
</html>
"
CMYC5225V4P4XAZXXYKW6ELJD7B3YJHOGEVTKIEQXLPQDELRFMWQ,5.378369331359863,2000,success,
QDJZXHC3PRCAWMYPNP7T3DS5GKI7VER6YT6STC7ILPXTOVYZBBEQ,5.218767166137695,2000,success,
YBS6VMZYTCJ7YUKFSR4G4E37JV6LFFIHHOWTVW4EHDYFZ7DXIZ3A,5.517809629440308,2000,success,
MF5UF5X6XX5HLAITMCTVLFETP523WQSMKMQNKXW22JLSARDX4Y4Q,10.428760766983032,2000,success,
GUMVYNJRNVK5SZ2ZP4H74P6XT7GFDPH2WO23T4AUTZFDBUPGMI2Q,,3000,failed,"{""data"":{""app-index"":3548200231,""eval-states"":[{},{""stack"":[0]}],""group-index"":1,""pc"":126},""message"":""TransactionPool.Remember: transaction XGP5ND2R5ABKNKVFN55MZVWMBW66ECOLSZO45APL6BTN2SR43XEA: logic eval error: assert failed pc=126. Details: app=3548200231, pc=126, opcodes=app_global_get; \u003e; assert""}
"
TBPJTOWGLE36VCN5NNKA4GLHSLPEXIM5DOZ6FVKNNYHXGIPWSWOQ,,3000,failed,"<html>
<head><title>429 Too Many Requests</title></head>
<body>
<center><h1>429 Too Many Requests</h1></center>
<hr><center>openresty</center>
</body>
</html>
"
ZZ34WNMICYVJSGA5QXGVHGVGX2XJ5RVLN2GQEVFOJKLPNUPMVQJQ,,3000,failed,"<html>
<head><title>429 Too Many Requests</title></head>
<body>
<center><h1>429 Too Many Requests</h1></center>
<hr><center>openresty</center>
</body>
</html>
"
XSDVSR63TUE247URFJFJXX5TJSYSY5SIEYPOYLNQTHCFQEZBJZEA,,3000,failed,"{""data"":{""app-index"":3548200231,""eval-states"":[{},{""stack"":[0]}],""group-index"":1,""pc"":126},""message"":""TransactionPool.Remember: transaction DT7FCORVMQJL7YVTOTAY3B22HZWIRM2UZC3WLHBG4DILZ26W4IAQ: logic eval error: assert failed pc=126. Details: app=3548200231, pc=126, opcodes=app_global_get; \u003e; assert""}
"
FFPBB2HCPBWKB5J5RFQI24B3IEQMH2JDO26NBPQ3T7AJG6BB2FFA,8.845726013183594,2000,success,
HG4P4PC6HBVW5SJWOHUZVBM6HR6XILFP3UE6P5LXW3PIW47MNT6Q,,3000,failed,"{""data"":{""app-index"":3548200231,""eval-states"":[{},{""stack"":[0]}],""group-index"":1,""pc"":126},""message"":""TransactionPool.Remember: transaction EBPXRPMHVYYGRXPTYJB5KFYIOHMI222M2CWCNVQ6P5D2Z3UVGIKA: logic eval error: assert failed pc=126. Details: app=3548200231, pc=126, opcodes=app_global_get; \u003e; assert""}
"
Q6ENF5PDZAVBIPWKCYBKGLMCVLFHWZGYDVAIBWNZKNXU4NZW7J3Q,,3000,failed,"<html>
<head><title>429 Too Many Requests</title></head>
<body>
<center><h1>429 Too Many Requests</h1></center>
<hr><center>openresty</center>
</body>
</html>
"
5CPWUHWDSS76STOI2KLRRBCDK7YKJT7GA3DJ7ALN2OYMTKLPOKGA,,3000,failed,"{""data"":{""app-index"":3548200231,""eval-states"":[{},{""stack"":[0]}],""group-index"":1,""pc"":126},""message"":""TransactionPool.Remember: transaction 76LACOYLOCT4FNJNV4URR7N5AXGRVSKF5W42NGEZY4C336HPBHNQ: logic eval error: assert failed pc=126. Details: app=3548200231, pc=126, opcodes=app_global_get; \u003e; assert""}
"
JPRKBMSIW4YS7LF2KKTYTMEGARGNMJHE47HVORLO7ZH3WU4LWWDQ,6.2988080978393555,2000,success,
XT7FYBI5N2FSJODSXKYSMAB4KT3IPQKCNH2TUNZ65HG52FTYMIAA,,3000,failed,"<html>
<head><title>429 Too Many Requests</title></head>
<body>
<center><h1>429 Too Many Requests</h1></center>
<hr><center>openresty</center>
</body>
</html>
"
HP3XHO5X5REAX5KTIO2XHIXGQPNB6A7LLTHBGH2NNXSR3XQM4NTQ,,3000,failed,"<html>
<head><title>429 Too Many Requests</title></head>
<body>
<center><h1>429 Too Many Requests</h1></center>
<hr><center>openresty</center>
</body>
</html>
"
RKLGFW7KNXDPLWI4Y3USGSOJD37YQLCB6YUCWNQ6LWAUNTK2S4UA,7.395442962646484,2000,success,
OHSXAJII2J2VFDR2NDT5P2DCJE4GQK2UCSWV4Z5BBIY3DHIDZEQQ,4.395916938781738,2000,success,
NBT5VSR7IPU2HTAGQAWOPB4JCICFR25AG7LPVN2ONGARKEJT7OSA,4.140728235244751,2000,success,
ML2XTHGCR4AXGDTHUAV37BOOO2OZDMY6JHRT3HLVRWZYRIFEFXDA,,3000,failed,"<html>
<head><title>429 Too Many Requests</title></head>
<body>
<center><h1>429 Too Many Requests</h1></center>
<hr><center>openresty</center>
</body>
</html>
"
L6U5Z7S2WZZNUDON4AUZY4UKJ4W55F2HLPKFMN3ETDDVBDMQD7PA,7.424009561538696,2000,success,
EBIYU4YULH2S2KCN6L7LPQNM6VVR5DWZFLSQZJR3TBBXI6LDFSSQ,,3000,failed,"{""data"":{""app-index"":3548200231,""eval-states"":[{},{""stack"":[0]}],""group-index"":1,""pc"":126},""message"":""TransactionPool.Remember: transaction VMAAENFOVKKC7WWUT4WSXKXSKHUZNX3RLD7WB2LNBM3A2JMWMHWQ: logic eval error: assert failed pc=126. Details: app=3548200231, pc=126, opcodes=app_global_get; \u003e; assert""}
"
V2INQTYKGCWJQNVOFWBGSBOX6J4VGWTFDYDOMIESA4OCVBXERQRQ,,3000,failed,"<html>
<head><title>429 Too Many Requests</title></head>
<body>
<center><h1>429 Too Many Requests</h1></center>
<hr><center>openresty</center>
</body>
</html>
"
LJPMSTW7KYBEVJMMBLWZEGDBAGAI4WKPHTVZ3PY2DW54JWIJKCQQ,,3000,failed,"<html>
<head><title>429 Too Many Requests</title></head>
<body>
<center><h1>429 Too Many Requests</h1></center>
<hr><center>openresty</center>
</body>
</html>
"
WBTDWWOJPZ2ORC6JJS666EZ466COI6XR5DTGT4U7L4ZTGHSBJMJA,4.354581594467163,2000,success,
6YG3NXERWGRVGADP7IV6WPVNP7LM3VOT4KBLFWH4S74UVDTSDKAQ,,3000,failed,"{""data"":{""app-index"":3548200231,""eval-states"":[{},{""stack"":[0]}],""group-index"":1,""pc"":126},""message"":""TransactionPool.Remember: transaction TO7DKDEP35CK2FHVYUR2VQLCTSIU6AELFIQFIYUF72NDFPB27NPA: logic eval error: assert failed pc=126. Details: app=3548200231, pc=126, opcodes=app_global_get; \u003e; assert""}
"
6YFA6DD3DA2KNO3YTUIFJYE2XRZWD6BJMNAZMXHRHIBN5LLEJNUA,,3000,failed,"<html>
<head><title>429 Too Many Requests</title></head>
<body>
<center><h1>429 Too Many Requests</h1></center>
<hr><center>openresty</center>
</body>
</html>
"
SNBXDHKM4MLQAT3FBQEKJM4NGL73XWFYLR2TXGDERF63YFPBD2ZQ,,3000,failed,"{""data"":{""app-index"":3548200231,""eval-states"":[{},{""stack"":[0]}],""group-index"":1,""pc"":126},""message"":""TransactionPool.Remember: transaction OGZVEXVNRRF4EJGPLCQAXDQWOGVOTDKGDDOHAEWXSJATFZJSLG7Q: logic eval error: assert failed pc=126. Details: app=3548200231, pc=126, opcodes=app_global_get; \u003e; assert""}
"
XK6DSO3TYAKZPGP37KNCNVGROZNWWSP3BEHQHR5KBYGPIGUPF4ZA,6.214636564254761,2000,success,
VPSTT4RJZ2RWFKLJZXH2JR53RSSLVFT2PIEVECWN2KYHKH4C2LWQ,,3000,failed,"{""data"":{""app-index"":3548200231,""eval-states"":[{},{""stack"":[0]}],""group-index"":1,""pc"":126},""message"":""TransactionPool.Remember: transaction 6HAM3GQTQEGI6ETNXP2ZMZTBZ6EIWFEB3PDJ6YONNAK6H73FBZCQ: logic eval error: assert failed pc=126. Details: app=3548200231, pc=126, opcodes=app_global_get; \u003e; assert""}
"
EKIE4AR2PSE3JYEBAZDCUATHL32SEIVMCA2J6MC6FSJ6C2J2NL5A,,3000,failed,"{""data"":{""app-index"":3548200231,""eval-states"":[{},{""stack"":[0]}],""group-index"":1,""pc"":126},""message"":""TransactionPool.Remember: transaction R6PG2TLXKSJWOYDXMYBGX2C6RMRN7VOQXPGRLW4JCHPYPDMKVLEQ: logic eval error: assert failed pc=126. Details: app=3548200231, pc=126, opcodes=app_global_get; \u003e; assert""}
"
ZD4NNOLYLORU454APAF76QXO2NCGHTXDWNIN4WGKNEILSU7LJKGA,,3000,failed,"<html>
<head><title>429 Too Many Requests</title></head>
<body>
<center><h1>429 Too Many Requests</h1></center>
<hr><center>openresty</center>
</body>
</html>
"
7CFONQ36SPZLBCF4Z4ND3IXZVPSDFC4RIVSEW47RKCSOHZUQ2HOA,5.251863718032837,2000,success,
7GDC5K4U2G7GQBQV7ZDXMIIJUO2M6DWBPCC4WOQ5CTMS537XBFOQ,,3000,failed,"{""data"":{""app-index"":3548200231,""eval-states"":[{},{""stack"":[0]}],""group-index"":1,""pc"":126},""message"":""TransactionPool.Remember: transaction FCA3J5YKRDXOHIBOSBRSVZLCBNB27QCJO345QBKDCSQAKJUGBNLQ: logic eval error: assert failed pc=126. Details: app=3548200231, pc=126, opcodes=app_global_get; \u003e; assert""}
"
SFI4PBH72XBB7TTCPPHYNCNICDLEHE5RVD33YEYUPBSNSU5VJFWA,,3000,failed,"{""data"":{""app-index"":3548200231,""eval-states"":[{},{""stack"":[0]}],""group-index"":1,""pc"":126},""message"":""TransactionPool.Remember: transaction H6UAEKV6EJHH2FYRFAJOOZZMO6GOKDCNXOZTBWAQF54BRN7VVE2Q: logic eval error: assert failed pc=126. Details: app=3548200231, pc=126, opcodes=app_global_get; \u003e; assert""}
"
GOMNUKBJ35E3XZBYRHBWGEZZAJY26Y7ZU5J5IXAXM5KAIBXBP4AA,,3000,failed,"<html>
<head><title>429 Too Many Requests</title></head>
<body>
<center><h1>429 Too Many Requests</h1></center>
<hr><center>openresty</center>
</body>
</html>
"
QDNVP6NEDVJ6P6IXMB4YPHD2EN76BPSMW3XKXMVJ2ZUYPAOKXTYA,,3000,failed,"<html>
<head><title>429 Too Many Requests</title></head>
<body>
<center><h1>429 Too Many Requests</h1></center>
<hr><center>openresty</center>
</body>
</html>
"
7OA3RVOTM2DO3RFZLM6ZZDL5QI63PA37RORTN5G7NVURYDYC5FHA,5.282999515533447,2000,success,
YANHGE7NN3YF345LQUJYV74WKFGUFJQEEEJUAO2VT4XPCZK6WGTA,,3000,failed,"<html>
<head><title>429 Too Many Requests</title></head>
<body>
<center><h1>429 Too Many Requests</h1></center>
<hr><center>openresty</center>
</body>
</html>
"
KATG2VELGC6TPHWH62UIOM2S4WMILEQ6QYECNMKLCCPSTCUZMAWA,,3000,failed,"<html>
<head><title>429 Too Many Requests</title></head>
<body>
<center><h1>429 Too Many Requests</h1></center>
<hr><center>openresty</center>
</body>
</html>
"
XHDFI66JP4MQSHHQZPB3CFOYJXNFR2X6NW6OQAAN6SAHBGJDHY2Q,,3000,failed,"{""data"":{""app-index"":3548200231,""eval-states"":[{},{""stack"":[0]}],""group-index"":1,""pc"":126},""message"":""TransactionPool.Remember: transaction FGJXXFXTT526HZ2Q2YZXFU3F3RVNSZ3NKHIWDH2RC3AXGFF2RG5Q: logic eval error: assert failed pc=126. Details: app=3548200231, pc=126, opcodes=app_global_get; \u003e; assert""}
"
42I7YCDSXHATDSW4EAMGK3QEJJBJSS2TRRUQSJQRN5RBUC2KCAJQ,,3000,failed,"{""data"":{""app-index"":3548200231,""eval-states"":[{},{""stack"":[0]}],""group-index"":1,""pc"":126},""message"":""TransactionPool.Remember: transaction 6MTCWFZ5G7SI5OUVXLKHR4ZALLFTFOKB4U6BVWFVA4V7YAJZUXOQ: logic eval error: assert failed pc=126. Details: app=3548200231, pc=126, opcodes=app_global_get; \u003e; assert""}
"
H42WZESXR7WYW7YCACO5CISS3PK3FEUOY7SA3RB6NBFWZYHMLR3A,,3000,failed,"<html>
<head><title>429 Too Many Requests</title></head>
<body>
<center><h1>429 Too Many Requests</h1></center>
<hr><center>openresty</center>
</body>
</html>
"
XBZHBVWXFQOT2ZE3WEM3X5TSNI3X4BXUZPPH2NA5JEWW2LM2YULQ,4.627125263214111,2000,success,
37BVMGUGVXGVHS7J6NPQUIZPG6BVYCCX6PSNA5XOSALVXKDDYNIA,,3000,failed,"<html>
<head><title>429 Too Many Requests</title></head>
<body>
<center><h1>429 Too Many Requests</h1></center>
<hr><center>openresty</center>
</body>
</html>
"
CEW2NFPGVMY37ALF6GHYRR2KSIHW7T7N7CIPJXPPTQOT6S4GM2WQ,6.492085218429565,2000,success,
7FF5LUYAPAXN3JSYEB5G53RINFNBVVRSL3ROVYWPQK3I5Z3VDTLQ,5.218385457992554,2000,success,
SEC5OFKRACDFR2VGV4QLAP4PDHKMODJTDCSVBRHXX75ZD6BIMZ6A,,3000,failed,"<html>
<head><title>429 Too Many Requests</title></head>
<body>
<center><h1>429 Too Many Requests</h1></center>
<hr><center>openresty</center>
</body>
</html>
"
DKMDGLZLCZRDONA6T56RB4KAJUKA3A2HGGWEEJH3J35VPJSSOGJQ,4.773143768310547,2000,success,
RCRLNZCN5A7SNUI6AQVWFPXGVM5XD3NNY23INQKDZYJQRK4PCTFA,,3000,failed,"{""data"":{""app-index"":3548200231,""eval-states"":[{},{""stack"":[0]}],""group-index"":1,""pc"":126},""message"":""TransactionPool.Remember: transaction SZ73X5AYF7Z4M73VWYMQI2HFYADR3CSIZSSYDTOGFUIYCQLWVQMQ: logic eval error: assert failed pc=126. Details: app=3548200231, pc=126, opcodes=app_global_get; \u003e; assert""}
"
YFCICI6GWZUCWRSKZCMZZT4HP7BEWQFDQFAAUENIVEP66U4A7JIQ,8.447493076324463,2000,success,
EX47UEKDZH6RT7ZYLDZMNYIXDG57UOS7B2ZDBOYVCLLK5TLXPA3Q,,3000,failed,"<html>
<head><title>429 Too Many Requests</title></head>
<body>
<center><h1>429 Too Many Requests</h1></center>
<hr><center>openresty</center>
</body>
</html>
"
BASYUFUCNWDMWCC6JQ6SDXT2ONIPOABBJBRGWQV3R6GLFEZQEWZA,,3000,failed,"<html>
<head><title>429 Too Many Requests</title></head>
<body>
<center><h1>429 Too Many Requests</h1></center>
<hr><center>openresty</center>
</body>
</html>
"
ZZEBWVTPPCFGEAOHNPJRHWBBDZGM5EBJDT6X555WMFWJKRESNBCQ,,3000,failed,"<html>
<head><title>429 Too Many Requests</title></head>
<body>
<center><h1>429 Too Many Requests</h1></center>
<hr><center>openresty</center>
</body>
</html>
"
M4LLKI3XV6OEFMTO5H5TBEA6UXZEVERVCQYTWBLMDAEHC5PDOZAA,,3000,failed,"{""data"":{""app-index"":3548200231,""eval-states"":[{},{""stack"":[0]}],""group-index"":1,""pc"":126},""message"":""TransactionPool.Remember: transaction NXK3OXDHH7GEMZRRYVSVAJMZ3OTYK7COETJAK6ZUTHCY5ZSHYE5Q: logic eval error: assert failed pc=126. Details: app=3548200231, pc=126, opcodes=app_global_get; \u003e; assert""}
"
OZ3YBFVPTZEWIGO2T5XCDFELNPM4HWQMVOXIKIXBRQYIISISZLVA,,3000,failed,"<html>
<head><title>429 Too Many Requests</title></head>
<body>
<center><h1>429 Too Many Requests</h1></center>
<hr><center>openresty</center>
</body>
</html>
"
HIMJJDWMGE7RFVSYQLNRN7CNB7DAJURLZSFC7XJGOIJ7JJR7QSOQ,7.294321775436401,2000,success,
KMMDFEIXCRILR54SNGJCJQOBHJMTKMOOB6CQCG7XB4O3SWTTV3HQ,,3000,failed,"{""data"":{""app-index"":3548200231,""eval-states"":[{},{""stack"":[0]}],""group-index"":1,""pc"":126},""message"":""TransactionPool.Remember: transaction WQCMRXEYSUDJWPBOS4ELZTVZB62MHPXPBB422TZJMUVNX2RNFC5A: logic eval error: assert failed pc=126. Details: app=3548200231, pc=126, opcodes=app_global_get; \u003e; assert""}
"
MVV6FRZNSALEPJ6CVYE4YLDUDG6ZRUWJMGWUVHHIERZBVM3IC2LA,,3000,failed,"<html>
<head><title>429 Too Many Requests</title></head>
<body>
<center><h1>429 Too Many Requests</h1></center>
<hr><center>openresty</center>
</body>
</html>
"
XRKJQOTR2D57I55K25FGHFLX4EHTHNFIPGQKMVF3A5PUSFZ5VYKA,,3000,failed,"<html>
<head><title>429 Too Many Requests</title></head>
<body>
<center><h1>429 Too Many Requests</h1></center>
<hr><center>openresty</center>
</body>
</html>
"
WAYQSIKASY5OYY3I5RLWHKXHPHAOEBTOIAUHA4PU7WMOBOODBXOQ,,3000,failed,"{""data"":{""app-index"":3548200231,""eval-states"":[{},{""stack"":[0]}],""group-index"":1,""pc"":126},""message"":""TransactionPool.Remember: transaction FR4LP4SSU46ZFYFC5JNQMCGJHXQRUTCEIVDMOXC5KBKH4LBO3SNQ: logic eval error: assert failed pc=126. Details: app=3548200231, pc=126, opcodes=app_global_get; \u003e; assert""}
"
JYHGYJSOGUJFHTUDETUGZ6Q36U6RF5X36SYW52JBDCYYNFTLFYMA,,3000,failed,"{""data"":{""app-index"":3548200231,""eval-states"":[{},{""stack"":[0]}],""group-index"":1,""pc"":126},""message"":""TransactionPool.Remember: transaction IS4BMKEVPEREDDNO3MWHVX6JFOZ26K67DBRTHZBHZW25GVY2FUJQ: logic eval error: assert failed pc=126. Details: app=3548200231, pc=126, opcodes=app_global_get; \u003e; assert""}
"
TKOO42B2OLAYX4TLBAOOKHDTG5QKD3WKSWHVLGIZ52HXG7KER3CA,,3000,failed,"{""data"":{""app-index"":3548200231,""eval-states"":[{},{""stack"":[0]}],""group-index"":1,""pc"":126},""message"":""TransactionPool.Remember: transaction WBSOMBVXL5PSALW5QYPZIKOBZX5VWXKFMBCRJFLERHBYTX5LGUWA: logic eval error: assert failed pc=126. Details: app=3548200231, pc=126, opcodes=app_global_get; \u003e; assert""}
"
KJL277KZJAUQZRGR4VQAPZNQLDV6ZP7OFJPXW3E4HSUGWBZCA4TQ,15.803921222686768,2000,success,
NQIFBDMZCTAFBSWZK2AURJUBOSSHMQKFV2ZH3IXL6U2AIR53NHZQ,,3000,failed,"<html>
<head><title>429 Too Many Requests</title></head>
<body>
<center><h1>429 Too Many Requests</h1></center>
<hr><center>openresty</center>
</body>
</html>
"
7RUJI2IKGMG7I6FTEHZLQBNYVEM4MNM4EZZEVD6STSXZTTYUEFQA,,3000,failed,"{""data"":{""app-index"":3548200231,""eval-states"":[{},{""stack"":[0]}],""group-index"":1,""pc"":126},""message"":""TransactionPool.Remember: transaction CKMXKF4WIBTDZKN6O3F7LNOI4LTEYC43Y22DY3RZFMRF6UFROKKQ: logic eval error: assert failed pc=126. Details: app=3548200231, pc=126, opcodes=app_global_get; \u003e; assert""}
"
YGWP7WWGBNY3JW5EG4HZTGXPXY2GP63QMTHN3IDSNCTRGPQZLP3Q,,3000,failed,"{""data"":{""app-index"":3548200231,""eval-states"":[{},{""stack"":[0]}],""group-index"":1,""pc"":126},""message"":""TransactionPool.Remember: transaction PNU5JJCRDARLGTFXUNAUQ3OPGYDBVDRDOLOKR76ACVDIJNYZ6J6A: logic eval error: assert failed pc=126. Details: app=3548200231, pc=126, opcodes=app_global_get; \u003e; assert""}
"
SCKFJ67PPW3V7W4CMTBVERAXU5VGGSY7SPWG26WX5SYHMRUGPVJQ,7.471683502197266,2000,success,
DBUFNC3BPRKZQMD4EHKZKBN7BIAKYHHQUVMVBHUN5LE4O2RMEJ5Q,,3000,failed,"<html>
<head><title>429 Too Many Requests</title></head>
<body>
<center><h1>429 Too Many Requests</h1></center>
<hr><center>openresty</center>
</body>
</html>
"
6QP4J256IZ4KE5USLLS6S2JDJT36USM4IICQE4SZIDQQ5NZ5EVZQ,,3000,failed,"{""data"":{""app-index"":3548200231,""eval-states"":[{},{""stack"":[0]}],""group-index"":1,""pc"":126},""message"":""TransactionPool.Remember: transaction ECMCDDGTOJK37AL7H5SN6AZS3HKGMFYQLERMO5AXQYUQZSLVWAGA: logic eval error: assert failed pc=126. Details: app=3548200231, pc=126, opcodes=app_global_get; \u003e; assert""}
"
3LELWP7RTS5DRSD2K6LC3QTRZ4XXIGAOSQSYXDNZ5JINW3NWQGIQ,,3000,failed,"{""data"":{""app-index"":3548200231,""eval-states"":[{},{""stack"":[0]}],""group-index"":1,""pc"":126},""message"":""TransactionPool.Remember: transaction OHL76HUTWZJ56UCBVAMYDIAJ4ET3FS5IABSWBQP6CHFZPRCG3SLA: logic eval error: assert failed pc=126. Details: app=3548200231, pc=126, opcodes=app_global_get; \u003e; assert""}
"
UVS7RD4AIFGKZC5AU7KVF4HC5KRMPOLYEJSAZW7CWI3ZPDKMSOMA,,3000,failed,"{""data"":{""app-index"":3548200231,""eval-states"":[{},{""stack"":[0]}],""group-index"":1,""pc"":126},""message"":""TransactionPool.Remember: transaction XTNJRGTLC6XSQL6EEIFIZSJQ2J5RISK2RHQFFUEBGZ77EWN6NFBQ: logic eval error: assert failed pc=126. Details: app=3548200231, pc=126, opcodes=app_global_get; \u003e; assert""}
"
KNBXT6WY24WGFBCIUMVJBDZKN4ZJS6KVCP5BHPFO5XRLLB3Z2MTA,,3000,failed,"<html>
<head><title>429 Too Many Requests</title></head>
<body>
<center><h1>429 Too Many Requests</h1></center>
<hr><center>openresty</center>
</body>
</html>
"
DJX4R7OPWBIXBSQRJZUNVLOJ7QOYAL3Z4XO7D5UMVOKN3WO4YZFQ,,3000,failed,"{""data"":{""app-index"":3548200231,""eval-states"":[{},{""stack"":[0]}],""group-index"":1,""pc"":126},""message"":""TransactionPool.Remember: transaction C6P66PV3YXJZ7IY6VW7VO6YQWP4J33BOF4CKLXKFKDNIE6XZIXAA: logic eval error: assert failed pc=126. Details: app=3548200231, pc=126, opcodes=app_global_get; \u003e; assert""}
"
OGAXISDO2S2LNMAUKX46KEL534Y6XZNZE6ELNJTC7TT2CL66TSTA,,3000,failed,"<html>
<head><title>429 Too Many Requests</title></head>
<body>
<center><h1>429 Too Many Requests</h1></center>
<hr><center>openresty</center>
</body>
</html>
"
UTH5Z52V2FC6RBYRW6KAAJMUPFMO6AF2JDPBWOCHCM64DKF4NYVQ,7.298657655715942,2000,success,
GQZFKDW4VOH2HRVBUHAFUQMOKBNX5QZBKUJ6MI6EBJEKWKLDHSSQ,,3000,failed,"{""data"":{""app-index"":3548200231,""eval-states"":[{},{""stack"":[0]}],""group-index"":1,""pc"":126},""message"":""TransactionPool.Remember: transaction 4OGHRTOAXRZK6S4XPUMIOCVYJKPEQ533K4FCX56ZEKCM7VSLH6SA: logic eval error: assert failed pc=126. Details: app=3548200231, pc=126, opcodes=app_global_get; \u003e; assert""}
"
QEHCWBP5KHFXDOK3L42L2ASQS345JVMEBUJFK7KXGCHU72UIT2ZA,,3000,failed,"<html>
<head><title>429 Too Many Requests</title></head>
<body>
<center><h1>429 Too Many Requests</h1></center>
<hr><center>openresty</center>
</body>
</html>
"
YVXPAQOH5SLPELUJIIMFMDUFMQ2HLUHLBR25V6DHZB7FF7H2FJUQ,,3000,failed,"<html>
<head><title>429 Too Many Requests</title></head>
<body>
<center><h1>429 Too Many Requests</h1></center>
<hr><center>openresty</center>
</body>
</html>
"
PDYXPE3ZE3KROAK2UOTRAJGW366MQD35FVXC3AHDWKCAURLDH4CA,4.557074546813965,2000,success,
W3JQCMGCSYFUOO7XPUN4HJ3LHAKM3TS3T5UUXESYIF4N4CYKCYFA,7.241506338119507,2000,success,
42LUDOGHH6IGRBDRW5FMRY3PCFIRTWYGZLS6VQ47TYWKD42KQY5A,10.298434734344482,2000,success,
Q6DT4VGLJTNNFPGRTNMPATG3ECCVHHMQYJBOLJ6M7RVNS26UQWTQ,3.4441776275634766,2000,success,
XC4YAUA5CTKAHNJQHULUB4LKDPDO7TRGPV5PRWWK22BCJXVFUJMQ,,3000,failed,"<html>
<head><title>429 Too Many Requests</title></head>
<body>
<center><h1>429 Too Many Requests</h1></center>
<hr><center>openresty</center>
</body>
</html>
"
3UHHWUU26LZAQNNQKMYZODOEQB2YH4ZIOZOJNSK4E5S5BJ3Y66YQ,3.2109670639038086,2000,success,
BZW2PT3ODDN6Z2QWPIZ5KKTE6IBKP6WJUAGEJAHS3QNAZ3BMD7JA,5.436542987823486,2000,success,
Q5UPTHXMHWMZRM7MJ5ROP47GK433NUZGIQNN6ETC3HNDAHYQKKDA,7.11860466003418,2000,success,
YCK2BRHVW5SLDG47EMHLUEKOPSARPJVFYBB5URGSRM7SMZTVDYLQ,,3000,failed,"{""data"":{""app-index"":3548200231,""eval-states"":[{},{""stack"":[0]}],""group-index"":1,""pc"":126},""message"":""TransactionPool.Remember: transaction XA6XKJUO7IOL63VHTYXFGX5MLJZRHMMATAAHXYN5KOKLJFA2OI3Q: logic eval error: assert failed pc=126. Details: app=3548200231, pc=126, opcodes=app_global_get; \u003e; assert""}
"
F7LFPZE7E425CRQCBBHFA4VKSWGHNIQLMTFQ2VCLMSNVQC24T6FQ,8.229533195495605,2000,success,
4K7YTOA7VR74NAPM6XO5HBAAG772PLFCOQAGQVDO2S7JFA4VTHWA,,3000,failed,"<html>
<head><title>429 Too Many Requests</title></head>
<body>
<center><h1>429 Too Many Requests</h1></center>
<hr><center>openresty</center>
</body>
</html>
"
U2DEWDCYEVFKHQKDGG4AKXYVP5T52XS54AM75YWUMWDVZZIKSIZQ,,3000,failed,"{""data"":{""app-index"":3548200231,""eval-states"":[{},{""stack"":[0]}],""group-index"":1,""pc"":126},""message"":""TransactionPool.Remember: transaction Q2OJY56ILLSMFMDQG7R64QE2HBR6M4ZMSTML6G36AFYIP5TBOQPA: logic eval error: assert failed pc=126. Details: app=3548200231, pc=126, opcodes=app_global_get; \u003e; assert""}
"
MEABLAFK2LIRI4IZZ7X4L6QHOBLELSXJK5ISGY4UET4TISPMFIXQ,5.917026042938232,2000,success,
LDRWQIXO76LD7XMMVENI67IICY7P4GKGRITRBFUVWEZVYJGCVQZQ,,3000,failed,"<html>
<head><title>429 Too Many Requests</title></head>
<body>
<center><h1>429 Too Many Requests</h1></center>
<hr><center>openresty</center>
</body>
</html>
"
LGAWX5DBJNADIIZ6HXDR5BG44BH3IX6FEULKV4RPQQZDMAWPZ6AA,,3000,failed,"{""data"":{""app-index"":3548200231,""eval-states"":[{},{""stack"":[0]}],""group-index"":1,""pc"":126},""message"":""TransactionPool.Remember: transaction HIRL4YJMXCRYLOGV3EG2MJOC7UPKUI4DWCIYD476LRWE3ISQXJLA: logic eval error: assert failed pc=126. Details: app=3548200231, pc=126, opcodes=app_global_get; \u003e; assert""}
"
BVS4XPJ5OTFLO5XCLTUAAD64DHDFZXOD5NGLLGOFODRFCLX4KGYQ,4.210742950439453,2000,success,
7UYKR7VSJOHTZ2CVFFCJLCZWT6QOKTWRB6CZORRTKHRCCLSF3HDA,,3000,failed,"<html>
<head><title>429 Too Many Requests</title></head>
<body>
<center><h1>429 Too Many Requests</h1></center>
<hr><center>openresty</center>
</body>
</html>
"
63OJWMX5GZCNOGK5JG7GAGYW4IDJEJWLM2LF4C3JEMH4OETOUOWQ,,3000,failed,"<html>
<head><title>429 Too Many Requests</title></head>
<body>
<center><h1>429 Too Many Requests</h1></center>
<hr><center>openresty</center>
</body>
</html>
"
C7IC24WCYZ3GZ3KERBECAX5I4KJAG53GRWRM3G2YIYNLVS5JKJMQ,,3000,failed,"<html>
<head><title>429 Too Many Requests</title></head>
<body>
<center><h1>429 Too Many Requests</h1></center>
<hr><center>openresty</center>
</body>
</html>
"
BBT6DB2RANBLIUFY26GADD6JT5OBQZEW3UGIRWJU2OSMBT5VOKCA,,3000,failed,"<html>
<head><title>429 Too Many Requests</title></head>
<body>
<center><h1>429 Too Many Requests</h1></center>
<hr><center>openresty</center>
</body>
</html>
"
7TSF2AO3XLKYYKK5VBLD5SLVRE2WJDBPTXDGMNEZOUT463LZPCNQ,,3000,failed,"<html>
<head><title>429 Too Many Requests</title></head>
<body>
<center><h1>429 Too Many Requests</h1></center>
<hr><center>openresty</center>
</body>
</html>
"
MYQ2YJMYLXEJIPHU4F4C7HWLPIW33TXAJ5UVFATLVJ6LNPTN3TUQ,,3000,failed,"<html>
<head><title>429 Too Many Requests</title></head>
<body>
<center><h1>429 Too Many Requests</h1></center>
<hr><center>openresty</center>
</body>
</html>
"
LJ4O45GCTXXQG4IDAPIN56Y3RGQZGPG3EOIW3455JIQFVOMZZPYA,,3000,failed,"<html>
<head><title>429 Too Many Requests</title></head>
<body>
<center><h1>429 Too Many Requests</h1></center>
<hr><center>openresty</center>
</body>
</html>
"
KIJFKMPLQTFOIR2I2XJWNJSZRROSIGPT7PDPWMV4Z6CZ4GOIQZWA,,3000,failed,"<html>
<head><title>429 Too Many Requests</title></head>
<body>
<center><h1>429 Too Many Requests</h1></center>
<hr><center>openresty</center>
</body>
</html>
"
OE5NB76R4JWAHENUYH622DCIGURXF67RBEGS4CHAQFOOR6F7JX7Q,5.294545412063599,2000,success,
KO6R4MI2DZ4LGHQBU4O5YB66VBI4RHJUQESC6KURUOS46474DSIQ,,3000,failed,"<html>
<head><title>429 Too Many Requests</title></head>
<body>
<center><h1>429 Too Many Requests</h1></center>
<hr><center>openresty</center>
</body>
</html>
"
FEXFIYM3N2KQ5JMIOVQIV26HOVXQM3W3TTKK6JNM4AS5XZEVNMOA,,3000,failed,"<html>
<head><title>429 Too Many Requests</title></head>
<body>
<center><h1>429 Too Many Requests</h1></center>
<hr><center>openresty</center>
</body>
</html>
"
D4TXFYSQRQHJQ5GEMW4G7S7AKIRQHL6NTJTPDIR6Q4YHBVH3R7FA,,3000,failed,"<html>
<head><title>429 Too Many Requests</title></head>
<body>
<center><h1>429 Too Many Requests</h1></center>
<hr><center>openresty</center>
</body>
</html>
"
Q4AQNMTTTATQVPCOLZTGVPKBI2BAOCSJPYZR62ZCEQE7CCWRTDKA,6.420118808746338,2000,success,
NGSMVCGV2B22MNIYOBQHC7IRLHENW3BMIYZ52IMRKFWPV7C2CBWA,,3000,failed,"{""data"":{""app-index"":3548200231,""eval-states"":[{},{""stack"":[0]}],""group-index"":1,""pc"":126},""message"":""TransactionPool.Remember: transaction H4H6DRDWHPLRKAB74KGAK52G5ZLGUG36J6DATQ3SXYPFZHFVXQQQ: logic eval error: assert failed pc=126. Details: app=3548200231, pc=126, opcodes=app_global_get; \u003e; assert""}
"
S64JTQJBZZ537MB24LV3COVJHZQZ7JLUBNGCCDB4E4TBNVKEZCQA,5.458166599273682,2000,success,
2KBMFT7RBLYJEBGTQQ326SKLZNUV37VD4MA4ZXJTIKKVSNISAIPA,6.070692300796509,2000,success,
XAJV3L7ETGRLBWDTTYYIQ4VMJW6QQWBIXUCLRN7EC6TLALM6ZEKA,,3000,failed,"<html>
<head><title>429 Too Many Requests</title></head>
<body>
<center><h1>429 Too Many Requests</h1></center>
<hr><center>openresty</center>
</body>
</html>
"
CETUDHSRYO4HMNLFWFOSVDZ2FCGQZ2REX5GRAUB7MEBUT3ULAZOQ,,3000,failed,"<html>
<head><title>429 Too Many Requests</title></head>
<body>
<center><h1>429 Too Many Requests</h1></center>
<hr><center>openresty</center>
</body>
</html>
"
GNGKOD2YETY7MPYAAT5DNWN7ZBXSKGOZKFJWHU3BHWANSGCUVQVQ,,3000,failed,"<html>
<head><title>429 Too Many Requests</title></head>
<body>
<center><h1>429 Too Many Requests</h1></center>
<hr><center>openresty</center>
</body>
</html>
"
DNQQO4UVFO6VHQV6FVD3AQNRLLYOOOSPHRWVGZBO4XHJJNFJWHSA,,3000,failed,"<html>
<head><title>429 Too Many Requests</title></head>
<body>
<center><h1>429 Too Many Requests</h1></center>
<hr><center>openresty</center>
</body>
</html>
"
5RVLZTI6NKWWHJVRNPY5PHIEG4ZM6EYWSND4RD756TKJUD3BTSBQ,6.316583633422852,2000,success,
GDINH4IXPDC7ILJMWRSKLH4357DVN525G2NN2BYULXSHCVRAEIKA,5.503848552703857,2000,success,
7K5M37IUONYFICX57UOSKNHAHDQTKYZUNWI2HFMNRFSNMQ3TP46Q,8.867539405822754,2000,success,
2RIBOMLEY6JU36GY73EAOADEDOEELP64TDGNOBLYYED6EVNHDVEA,,3000,failed,"<html>
<head><title>429 Too Many Requests</title></head>
<body>
<center><h1>429 Too Many Requests</h1></center>
<hr><center>openresty</center>
</body>
</html>
"
5U57L5JBJGWHFAEO2P62XDS3DUEN42ALSQYTMUUB6XOSZYKUCD7A,6.33896279335022,2000,success,
325XHMRWS3E65C5G4WUI5ZU6QGZ3LGQQHQUV6CGCYRMGZXWPJ3FA,,3000,failed,"{""data"":{""app-index"":3548200231,""eval-states"":[{},{""stack"":[0]}],""group-index"":1,""pc"":126},""message"":""TransactionPool.Remember: transaction DJCCEPW3LFM5GVGOGWKJMRU3L6KBZ7YETWGCBLVXZQL36NGYKB2A: logic eval error: assert failed pc=126. Details: app=3548200231, pc=126, opcodes=app_global_get; \u003e; assert""}
"
6XVPIKK5XFNVJUIUIH5GFNUKMLESVIB5F5VDHZRKYZRHHQPWQ52Q,,3000,failed,"{""data"":{""app-index"":3548200231,""eval-states"":[{},{""stack"":[0]}],""group-index"":1,""pc"":126},""message"":""TransactionPool.Remember: transaction RPX7OVK6OM3X4BKMSBJIPO7YELZCAMSZ54LZOYWYHBP5BHAOAFYA: logic eval error: assert failed pc=126. Details: app=3548200231, pc=126, opcodes=app_global_get; \u003e; assert""}
"
RX6TRU67IS6RZLQ33HDRVGIH3YXCYI5INRLVIKLD6KK64IQUOK5A,,3000,failed,"{""data"":{""app-index"":3548200231,""eval-states"":[{},{""stack"":[0]}],""group-index"":1,""pc"":126},""message"":""TransactionPool.Remember: transaction N2M4UBSHC6UJYP7TBBSJJE3YZU6NWG3DPOA53JKHWGBMXEHWVK2Q: logic eval error: assert failed pc=126. Details: app=3548200231, pc=126, opcodes=app_global_get; \u003e; assert""}
"
M53KG2SXQ4BTYE2K34JBWJA6QT3MYG7S3CLVTPRXVXWBNPTBRWDA,,3000,failed,"{""data"":{""app-index"":3548200231,""eval-states"":[{},{""stack"":[0]}],""group-index"":1,""pc"":126},""message"":""TransactionPool.Remember: transaction JMOX7FJ2ADLNRBY66LOVJROQLQLD34W3IAZ43DTZ6OD4YIFIIY7A: logic eval error: assert failed pc=126. Details: app=3548200231, pc=126, opcodes=app_global_get; \u003e; assert""}
"
YAMPZMZ6EJMDJTIPJ5GXEK6MDLDX6SPZFRPVXBPSACZDDWAI7P7Q,,3000,failed,"<html>
<head><title>429 Too Many Requests</title></head>
<body>
<center><h1>429 Too Many Requests</h1></center>
<hr><center>openresty</center>
</body>
</html>
"
5SK65IPU2AFYQVN47DH3TK2G3KCZ3Y4EOOMQAJXHLTSWN7Q3F2VQ,5.244754314422607,2000,success,
4ORTUREPPL2LW4PMCFT4GEH6FJZBLOQ574XKMZG5LWMJKCPER4NQ,,3000,failed,"{""data"":{""app-index"":3548200231,""eval-states"":[{},{""stack"":[0]}],""group-index"":1,""pc"":126},""message"":""TransactionPool.Remember: transaction 57RPKE5PUNOLWSHXADXODTFCQL2D42W65EJECPHJ6GMTHK6BWVNA: logic eval error: assert failed pc=126. Details: app=3548200231, pc=126, opcodes=app_global_get; \u003e; assert""}
"
KRPSMYNT23S5OOGBQARQOO5AM6V7B5ZC3JMTIBRTYUIWVTEAGEMA,5.463732719421387,2000,success,
LF4RMBGFDN5R2NRE7KRYOSD57C2JMHT35HOBNVPAK76EDULNPBGA,7.687934160232544,2000,success,
5HYGCJHHXX33WVMHIMPHP775ZOJUJF5RVL5EKHRH3OTIHA2LV5CA,5.536308526992798,2000,success,
YC4IQ3274XIDHC5NN56IIC544PSDCM6JM2RV6SER2KCLVGFK7E7Q,,3000,failed,"{""data"":{""app-index"":3548200231,""eval-states"":[{},{""stack"":[0]}],""group-index"":1,""pc"":126},""message"":""TransactionPool.Remember: transaction FZ4JPU6UYG4M3UCN2ZXEOI76KSE5MLLKS4TF3UGXO73GX6SBUTCQ: logic eval error: assert failed pc=126. Details: app=3548200231, pc=126, opcodes=app_global_get; \u003e; assert""}
"
LCOGJYDQRCP6AZKZIRZBFVYXBDZOBX7BS6FD6FLZRMESTMSD7DNA,5.52620005607605,2000,success,
EVQ3PBD5MHSWDIM4JN7AY4ORF63UAD3JSNFAOGVVVXGL4RDBBFYQ,,3000,failed,"{""data"":{""app-index"":3548200231,""eval-states"":[{},{""stack"":[0]}],""group-index"":1,""pc"":126},""message"":""TransactionPool.Remember: transaction VCEDJKNNXWUKWD5SWX3SXMN32OFSYOGX3Y3I3BHJYUDJK7LS7OAQ: logic eval error: assert failed pc=126. Details: app=3548200231, pc=126, opcodes=app_global_get; \u003e; assert""}
"
BLNQ7UP6NFRPL7MZUGWOMSDDAAKHLEWYNXERVGIFEDDP2SZQP6EA,5.393691778182983,2000,success,
WQKJSEOZQBRBLGQKM4Z7JPZQDZN7V4JTTJMNADCV6LVVPZ4AVRKA,8.83396291732788,2000,success,
2MR3WQU6DNUWY6TRZAWR3Z5HJNFIMANW7JHU4JY6DSHTB64XLF5A,,3000,failed,"<html>
<head><title>429 Too Many Requests</title></head>
<body>
<center><h1>429 Too Many Requests</h1></center>
<hr><center>openresty</center>
</body>
</html>
"
LJN4CZLMJVZEGSFMRKJ5DRNXMZVREP34DYLNVC7RPTXGVKJZPM2A,5.218738317489624,2000,success,
T5R6FZCSBSVQDC37B5W5KIQSDA3J45JINMC65O7ZHKOQCYQAONKQ,6.382217884063721,2000,success,
XWDQS6BUL77W3A22BR5AG5VBZLDHNMGTHWT6OJIGT32BVLWN4U4Q,7.21999979019165,2000,success,
2WD5CZVC3JA2LLLQ2ZTDCMS7DKQMYYS6YGOQMS556IOLZ4VC4FEA,,3000,failed,"{""data"":{""app-index"":3548200231,""eval-states"":[{},{""stack"":[0]}],""group-index"":1,""pc"":126},""message"":""TransactionPool.Remember: transaction VO32H6RQQGNDWKMKCOL3CORTUNJKMISOGWFYTQ3PPUVHA6N4SWVA: logic eval error: assert failed pc=126. Details: app=3548200231, pc=126, opcodes=app_global_get; \u003e; assert""}
"
ALOP7KHLBF57RHLFC4NEUQNB7RAAY66QFJTEA6QJH5HAYLX3YEEQ,5.247463226318359,2000,success,
DIX3ZUT62DGFEIR2JCFS66JQ3AGJMTA4BZNPHLYVFQCAVBBTYOOA,9.380603313446045,2000,success,
7JW3YYRWVZEH7CL3EVSFTYQUPTXCMJ26YOHOQBBJHCWUGGLXWBAQ,,3000,failed,"{""data"":{""app-index"":3548200231,""eval-states"":[{},{""stack"":[0]}],""group-index"":1,""pc"":126},""message"":""TransactionPool.Remember: transaction EJQ46YR4ASV2WLKUQYHPD4CRU6A2FLV6H5U3TGRNHCGRDMYRT63Q: logic eval error: assert failed pc=126. Details: app=3548200231, pc=126, opcodes=app_global_get; \u003e; assert""}
"
G5LFLBRUWBHRYOTIIQZPFZQELZBZUADHB5OJMAUZR3SFLMHZRPVQ,,3000,failed,"<html>
<head><title>429 Too Many Requests</title></head>
<body>
<center><h1>429 Too Many Requests</h1></center>
<hr><center>openresty</center>
</body>
</html>
"
QV2Y245EZ63GIM6XEZRTOU7MJLFQF56FZPSJFBGQ3M4QVLXKLOKQ,,3000,failed,"<html>
<head><title>429 Too Many Requests</title></head>
<body>
<center><h1>429 Too Many Requests</h1></center>
<hr><center>openresty</center>
</body>
</html>
"
66YZREDF5N5IVMDZ3LUWKT224HDQBIMUON46WFIMCDJVQ3DT72VA,6.3544769287109375,2000,success,
LX64ZLDNMTOEIXRP43JNB73QCHGANOCHBG35E2XVIQZB5NQWGRHA,,3000,failed,"{""data"":{""app-index"":3548200231,""eval-states"":[{},{""stack"":[0]}],""group-index"":1,""pc"":126},""message"":""TransactionPool.Remember: transaction 54LJMTZOZXSM7E3LKWYCEJ5NQGIRUTUNPQOLMF2BAQUSHZ2TRIOA: logic eval error: assert failed pc=126. Details: app=3548200231, pc=126, opcodes=app_global_get; \u003e; assert""}
"
7J5E3C5KIVMSX2NIUOM2PZ2WMHAVRN3AGLRMDXQ5YYDYGCCDDHEQ,,3000,failed,"<html>
<head><title>429 Too Many Requests</title></head>
<body>
<center><h1>429 Too Many Requests</h1></center>
<hr><center>openresty</center>
</body>
</html>
"
OOS2DBWBQBMJRBM55KLIBDEVV6A74ZWSCO2UABHEKOTYEPR3RF6A,7.948910474777222,2000,success,
RAS2BISPZTPZ72ZVCT3SBP7QQOE5OOP4CVGL4WUVG3N6OFFB77ZA,,3000,failed,"<html>
<head><title>429 Too Many Requests</title></head>
<body>
<center><h1>429 Too Many Requests</h1></center>
<hr><center>openresty</center>
</body>
</html>
"
3D7CZGHSK7XRLZB3QTIJY4NL2DD4LDQWM7TVB5WYQEFBUPV6HQQQ,,3000,failed,"{""data"":{""app-index"":3548200231,""eval-states"":[{},{""stack"":[0]}],""group-index"":1,""pc"":126},""message"":""TransactionPool.Remember: transaction TXHU6BNTZIMIIAAQMV3KZMF3OKAICKJIRKOS5TGEHI62NAKBH7QA: logic eval error: assert failed pc=126. Details: app=3548200231, pc=126, opcodes=app_global_get; \u003e; assert""}
"
HMBENQW2HYY7YMTX5DFZAP545MVCEIBQ4DTE5GMONZDE7KAQL3UA,,3000,failed,"<html>
<head><title>429 Too Many Requests</title></head>
<body>
<center><h1>429 Too Many Requests</h1></center>
<hr><center>openresty</center>
</body>
</html>
"
O4V34PLC6QS3ILAJDOUUBZXTM2KFM2U2L3E5A5R7O6TKUF3IHOKA,,3000,failed,"{""data"":{""app-index"":3548200231,""eval-states"":[{},{""stack"":[0]}],""group-index"":1,""pc"":126},""message"":""TransactionPool.Remember: transaction DKWVNFPUH6BYKXQ7SJ6KNY5U5GZYIBDKFXHAZCS5VKZDQGLXIV3Q: logic eval error: assert failed pc=126. Details: app=3548200231, pc=126, opcodes=app_global_get; \u003e; assert""}
"
S2CWHB5XBN4VSGSLM2MKPXNDXSSOY3I7T6GG77OM5DSHE33CLQDA,,3000,failed,"{""data"":{""app-index"":3548200231,""eval-states"":[{},{""stack"":[0]}],""group-index"":1,""pc"":126},""message"":""TransactionPool.Remember: transaction 5LQGYI6IKUF25PEUJMLTW4OBHGQ2ZQCUOJSTK4IPO7IK6TPGUWIA: logic eval error: assert failed pc=126. Details: app=3548200231, pc=126, opcodes=app_global_get; \u003e; assert""}
"
IMOITJYGNS4KXASZOOLRQ26TKIP6RNUGOFDGMUPXPFKSKWSZS4MQ,,3000,failed,"<html>
<head><title>429 Too Many Requests</title></head>
<body>
<center><h1>429 Too Many Requests</h1></center>
<hr><center>openresty</center>
</body>
</html>
"
WXMQVFZJADLTI46XHSKYFDD64JYCFCRDFYDT5Z6SUK72NG7LKFDQ,,3000,failed,"<html>
<head><title>429 Too Many Requests</title></head>
<body>
<center><h1>429 Too Many Requests</h1></center>
<hr><center>openresty</center>
</body>
</html>
"
7OSI6ZMANWXMU5F2WJSJ3IGBUXOKJRNRXST75Q25IJIEG6D3JDUQ,,3000,failed,"<html>
<head><title>429 Too Many Requests</title></head>
<body>
<center><h1>429 Too Many Requests</h1></center>
<hr><center>openresty</center>
</body>
</html>
"
QUOA2HMP5UPEHP4EXM436SM5ZN2DHY6Q5LU2M7RJZX5M2BR4NKCA,,3000,failed,"<html>
<head><title>429 Too Many Requests</title></head>
<body>
<center><h1>429 Too Many Requests</h1></center>
<hr><center>openresty</center>
</body>
</html>
"
LWZZ55EVAJEIOJDAINPU3VNNRDMFIOAONFZ5Q4Y7EDGO65EDOMYA,5.305391788482666,2000,success,
WS6QTV4FFBAGRW3BTPRUYCO2HVWIJQPGY6A2ME5DCWAHJX66DDEQ,,3000,failed,"<html>
<head><title>429 Too Many Requests</title></head>
<body>
<center><h1>429 Too Many Requests</h1></center>
<hr><center>openresty</center>
</body>
</html>
"
NLV636C2WBS3MZ53DUZXYECG7IM24ZJUIVGNZBL4OJSPLOB46OEQ,,3000,failed,"<html>
<head><title>429 Too Many Requests</title></head>
<body>
<center><h1>429 Too Many Requests</h1></center>
<hr><center>openresty</center>
</body>
</html>
"
DR2BNCHXMYLHU42AEVY3AFRAWZSHWV2543YIXSNTDMCYG66PBXEA,,3000,failed,"<html>
<head><title>429 Too Many Requests</title></head>
<body>
<center><h1>429 Too Many Requests</h1></center>
<hr><center>openresty</center>
</body>
</html>
"
USLOK6EQKQFUL4PWPYKEIRDUDQXLU2AWTZTR464O6Z2IBH5LCZLA,,3000,failed,"{""data"":{""app-index"":3548200231,""eval-states"":[{},{""stack"":[0]}],""group-index"":1,""pc"":126},""message"":""TransactionPool.Remember: transaction UJCQ57O4JBOIV5ZUX5ZINJCVCHRHHGTTWQIGRW2HZV22Y4QH2BIQ: logic eval error: assert failed pc=126. Details: app=3548200231, pc=126, opcodes=app_global_get; \u003e; assert""}
"
AJEN663LREBFI3AQ7Z6CXOSLINF6QQUQXGKW3XBMBEDVTEV7B6XA,,3000,failed,"<html>
<head><title>429 Too Many Requests</title></head>
<body>
<center><h1>429 Too Many Requests</h1></center>
<hr><center>openresty</center>
</body>
</html>
"
JVWVPRG36PMFIVBPZ32ZS6VBQLWTWWLVDUHTBGFANK5527MKYLCQ,,3000,failed,"<html>
<head><title>429 Too Many Requests</title></head>
<body>
<center><h1>429 Too Many Requests</h1></center>
<hr><center>openresty</center>
</body>
</html>
"
GDDLJMSNTZDI4JX7W53UJUDX43LVW3FHVF4XEP7HLPGSTJOFR22A,6.0038511753082275,2000,success,
2LTXZQA2GSYHJ7KSM6U2VMZLNLX3PTPJACSKRZ3NFTRCUGAW7HJQ,10.329978704452515,2000,success,
CBYDTBRBC3RHKFBPTOODCPTNDB52OQSZWBCF4JQ24VSMD4D4FDNQ,,3000,failed,"<html>
<head><title>429 Too Many Requests</title></head>
<body>
<center><h1>429 Too Many Requests</h1></center>
<hr><center>openresty</center>
</body>
</html>
"
D6GMRJLDXEE3CHFXLTGUEZNV34Y7EMOULFREGYUBTPFLALYZFDZA,6.7439000606536865,2000,success,
HW5K5PNBRCODXC4WAVD6JQPJO7SJB4RBNLHA73M3QUOAMRRDJ5ZA,,3000,failed,"<html>
<head><title>429 Too Many Requests</title></head>
<body>
<center><h1>429 Too Many Requests</h1></center>
<hr><center>openresty</center>
</body>
</html>
"
ZU45QD6PZ7SPP6ZEMCRLEGWCRVJ4UWNLKFOYKSEAF7VAWJPDNPWQ,,3000,failed,"{""data"":{""app-index"":3548200231,""eval-states"":[{},{""stack"":[0]}],""group-index"":1,""pc"":126},""message"":""TransactionPool.Remember: transaction SSZB55JLT4BPHZKZPFU44YOSRFFBE6ZPW73CXL2U2XZ7Y5BC7QAA: logic eval error: assert failed pc=126. Details: app=3548200231, pc=126, opcodes=app_global_get; \u003e; assert""}
"
LUAC3A7EMRFLAG7WHWMBDSYC4WIGJKCMHJCZZGXLKLU3AUKOECLQ,,3000,failed,"{""data"":{""app-index"":3548200231,""eval-states"":[{},{""stack"":[0]}],""group-index"":1,""pc"":126},""message"":""TransactionPool.Remember: transaction VNBW75TF2JAJ6CKJIZ2IMLRUMDJEOYVNUWYPOXKS2GESFQFFCZSA: logic eval error: assert failed pc=126. Details: app=3548200231, pc=126, opcodes=app_global_get; \u003e; assert""}
"
2RKISDPKH5WK3OGOF4CT7KTHM7LUUUZ7LVW27FHAICQAOEUPJYEA,,3000,failed,"<html>
<head><title>429 Too Many Requests</title></head>
<body>
<center><h1>429 Too Many Requests</h1></center>
<hr><center>openresty</center>
</body>
</html>
"
X6OT7GLEXYCGNXXBYE35XXNXOKROR57VCO23LVDZFOSZMN4V3NTQ,,3000,failed,"{""data"":{""app-index"":3548200231,""eval-states"":[{},{""stack"":[0]}],""group-index"":1,""pc"":126},""message"":""TransactionPool.Remember: transaction KX5OUJBPYTW2LFZMNQ2Y46BNU7NVS236JKCSDCS7IPYDRV2FRBCQ: logic eval error: assert failed pc=126. Details: app=3548200231, pc=126, opcodes=app_global_get; \u003e; assert""}
"
7NVESHFWLCOXBTFB6EXBVQCXFSIGRX4M7BCOC4OON2O4QU7XX4BA,,3000,failed,"<html>
<head><title>429 Too Many Requests</title></head>
<body>
<center><h1>429 Too Many Requests</h1></center>
<hr><center>openresty</center>
</body>
</html>
"
63OXTJEJXQXTAKIU4VG5XZKFHIHQH6DTSFIUGSRFXP5H3VKH4ASQ,,3000,failed,"<html>
<head><title>429 Too Many Requests</title></head>
<body>
<center><h1>429 Too Many Requests</h1></center>
<hr><center>openresty</center>
</body>
</html>
"
BQDRLLEWDQ2ZTQL5K42BV7TLH2SGTIOZGR7WBPYGQMQFSQ3HESXQ,,3000,failed,"<html>
<head><title>429 Too Many Requests</title></head>
<body>
<center><h1>429 Too Many Requests</h1></center>
<hr><center>openresty</center>
</body>
</html>
"
XRM3TEHYRAWDJ4R54KCSJSQD77V2O3OELQ5UG7D6VE5DMEY3RUWA,,3000,failed,"{""data"":{""app-index"":3548200231,""eval-states"":[{},{""stack"":[0]}],""group-index"":1,""pc"":126},""message"":""TransactionPool.Remember: transaction WDZXO6EEZ6F6ODINOZNQH4WSSGLZZPZD4G5NWT7CBXZY5XVSHZTQ: logic eval error: assert failed pc=126. Details: app=3548200231, pc=126, opcodes=app_global_get; \u003e; assert""}
"
WT4WLS7ACXHEWYOKDBPN3QQTMVBV5MTJXAI25ZG2TJJ26SIQERHQ,,3000,failed,"<html>
<head><title>429 Too Many Requests</title></head>
<body>
<center><h1>429 Too Many Requests</h1></center>
<hr><center>openresty</center>
</body>
</html>
"
7H5OQP32SYCBEA2LELZNGEYW2CF5CJYKH3B4NAK2WTDWWA2O5XMA,,3000,failed,"<html>
<head><title>429 Too Many Requests</title></head>
<body>
<center><h1>429 Too Many Requests</h1></center>
<hr><center>openresty</center>
</body>
</html>
"
R3RMMLGOUTLSXVR53KADXLEKN2LWQYH3BKK5RFDA3IHL2DNZVZMA,,3000,failed,"{""data"":{""app-index"":3548200231,""eval-states"":[{},{""stack"":[0]}],""group-index"":1,""pc"":126},""message"":""TransactionPool.Remember: transaction U75BSNOULSTMORN3SALDDFRFTFPI65NFIL7CSBYOAXFZUDM6EI7A: logic eval error: assert failed pc=126. Details: app=3548200231, pc=126, opcodes=app_global_get; \u003e; assert""}
"
XTR4CEVXPEZLOUNGJ5JPGRLTMLEEPVL2T45CVLUGSO7LGQWYD5FQ,,3000,failed,"<html>
<head><title>429 Too Many Requests</title></head>
<body>
<center><h1>429 Too Many Requests</h1></center>
<hr><center>openresty</center>
</body>
</html>
"
LWG6ZNADPOUTXVXZKSS57NJTIST7NY64IIXTS2PHFW4PJMA2JX3A,,3000,failed,"<html>
<head><title>429 Too Many Requests</title></head>
<body>
<center><h1>429 Too Many Requests</h1></center>
<hr><center>openresty</center>
</body>
</html>
"
EZ65G5DTSE7RF3LZ2VOLRQGMWBHYDJK5ZWQP5NK7WQ7BNQ2ILJYQ,,3000,failed,"{""data"":{""app-index"":3548200231,""eval-states"":[{},{""stack"":[0]}],""group-index"":1,""pc"":126},""message"":""TransactionPool.Remember: transaction BFAYDJSABKQ4VHNK6AUP5EJP3BSXI45RD2235GDNXV72DVX4VDEA: logic eval error: assert failed pc=126. Details: app=3548200231, pc=126, opcodes=app_global_get; \u003e; assert""}
"
XE7FLOM56UZOCVZXDPQPMGYLWFJGJ7LKRTVBGXE5SULNA3B75ENA,,3000,failed,"{""data"":{""app-index"":3548200231,""eval-states"":[{},{""stack"":[0]}],""group-index"":1,""pc"":126},""message"":""TransactionPool.Remember: transaction AZTU4T5ROHRVUSGITHC6JMJDT24KJEUKXXAZ3MMH7IBNY33BYBPQ: logic eval error: assert failed pc=126. Details: app=3548200231, pc=126, opcodes=app_global_get; \u003e; assert""}
"
63BM3UZT57HU3ESV4YXJSMKCYWPTLJV3XFXUQGSKGXGVXLQVMOTQ,,3000,failed,"<html>
<head><title>429 Too Many Requests</title></head>
<body>
<center><h1>429 Too Many Requests</h1></center>
<hr><center>openresty</center>
</body>
</html>
"
NYNBIGX6WGTGT2DSM2WIDMHME6ISUHXX24DZ5XWVL7VEM35J2IIA,,3000,failed,"<html>
<head><title>429 Too Many Requests</title></head>
<body>
<center><h1>429 Too Many Requests</h1></center>
<hr><center>openresty</center>
</body>
</html>
"
4EUAHWR7LMXHDIHBVIEPO3PXLCIDZMQJDIS6JRTRPTHBBFWI23UQ,3.2356531620025635,2000,success,
OUPOXXCNPCZV5IZDAZFJDEVN3WSJ2XRD4AEPMM454M3C4TSAG52A,,3000,failed,"{""data"":{""app-index"":3548200231,""eval-states"":[{},{""stack"":[0]}],""group-index"":1,""pc"":126},""message"":""TransactionPool.Remember: transaction XBNOBISDJ3MB5SVCDVEH6CHL52E3373Z4APB24ZHCVEA3CAZPVEA: logic eval error: assert failed pc=126. Details: app=3548200231, pc=126, opcodes=app_global_get; \u003e; assert""}
"
YQJBUVE7X7VKIPYHP4QZJTA2ZUX63PSMJLYERWW4L5BYL2ICVB5A,3.3428003787994385,2000,success,
S2Z4UZ4TAIZE2QKC646ZD4PEIHAMTWRXISQIN3S6FMJVJERSQO5Q,,3000,failed,"{""data"":{""app-index"":3548200231,""eval-states"":[{},{""stack"":[0]}],""group-index"":1,""pc"":126},""message"":""TransactionPool.Remember: transaction V3ZAM4ODKSJDTU3XWQUOPDXF7UQMC65CQQXJWTTU2FTYX46LTTZA: logic eval error: assert failed pc=126. Details: app=3548200231, pc=126, opcodes=app_global_get; \u003e; assert""}
"
VSTRTDOIE64CXSV5JWJT7AEPCJYHWHBVJWEJGK3BQSSU7WGFK64A,4.561665773391724,2000,success,
TXK66MKKZAVY6E4F3TLSPXPK3VND47PCBHJOIAYMZW4MSEBICHHA,4.27505350112915,2000,success,
N7PN3EHDZ6ZI3RTVBCDI2F55646QWIVPICHZEURTCZVRNNKNTKJA,,3000,failed,"{""data"":{""app-index"":3548200231,""eval-states"":[{},{""stack"":[0]}],""group-index"":1,""pc"":126},""message"":""TransactionPool.Remember: transaction 4DPA6GD4KEGPS6B3N2KXCSTE6SJZTBZFCQB777HXQDKDAOP5HGJA: logic eval error: assert failed pc=126. Details: app=3548200231, pc=126, opcodes=app_global_get; \u003e; assert""}
"
H56BDVYZLLVQLBRA3NMNQ5WBKC74C6RSAXSSRLMXAWCQ5X4HQKNA,,3000,failed,"<html>
<head><title>429 Too Many Requests</title></head>
<body>
<center><h1>429 Too Many Requests</h1></center>
<hr><center>openresty</center>
</body>
</html>
"
IQIOGP4FUGN4Y3XYYIOMSEE7PGS6OSP4Y36WOLQWYYKG2LYRBKDA,,3000,failed,"<html>
<head><title>429 Too Many Requests</title></head>
<body>
<center><h1>429 Too Many Requests</h1></center>
<hr><center>openresty</center>
</body>
</html>
"
U3KJPDQGXWQJQLBTZA44YEJUUH5WEP2N4JIT57A6LBBXCOTA6KCQ,,3000,failed,"{""data"":{""app-index"":3548200231,""eval-states"":[{},{""stack"":[0]}],""group-index"":1,""pc"":126},""message"":""TransactionPool.Remember: transaction W5IXS4XK7DMMW42EZZ4CAZYW3XX54WT24ZZYZMMQRXY5ADRWE76Q: logic eval error: assert failed pc=126. Details: app=3548200231, pc=126, opcodes=app_global_get; \u003e; assert""}
"
ZMI6B2X5T5ZRE5627KBYIUQURH7Y7H2G6HEXHDCU6RDUDP4TWIJQ,,3000,failed,"<html>
<head><title>429 Too Many Requests</title></head>
<body>
<center><h1>429 Too Many Requests</h1></center>
<hr><center>openresty</center>
</body>
</html>
"
ZDG3YM5MUKXNPJWAAXRWRMPSOCZF3WBGK724LMKRJBB5AX3RJXPA,,3000,failed,"<html>
<head><title>429 Too Many Requests</title></head>
<body>
<center><h1>429 Too Many Requests</h1></center>
<hr><center>openresty</center>
</body>
</html>
"
GFBVQXH5ZHXZV6TGIXGOTTXYVRV62TQGKNNNQMTOOSLUGKIXATIQ,,3000,failed,"<html>
<head><title>429 Too Many Requests</title></head>
<body>
<center><h1>429 Too Many Requests</h1></center>
<hr><center>openresty</center>
</body>
</html>
"
AB7K5WLBX4UVPLZIG3IBABH35RTGKLIUWMOCDZBFGRXF275GRODQ,,3000,failed,"{""data"":{""app-index"":3548200231,""eval-states"":[{},{""stack"":[0]}],""group-index"":1,""pc"":126},""message"":""TransactionPool.Remember: transaction N5A3E65OIUT67AMWZ2TTDVPX3HNASILBZPGZS57LLQIPB26L4HIQ: logic eval error: assert failed pc=126. Details: app=3548200231, pc=126, opcodes=app_global_get; \u003e; assert""}
"
V2ZQ74FUNIMFDLQI5VA5NKRDOFU3CM3EFWRIGZZ3MSFWFTNON52Q,5.4777257442474365,2000,success,
MQX3GSNJU72NFVH7ZKJ2KQ6CLLAHVYOAP66ORSSEE7PNA2MUSACQ,,3000,failed,"{""data"":{""app-index"":3548200231,""eval-states"":[{},{""stack"":[0]}],""group-index"":1,""pc"":126},""message"":""TransactionPool.Remember: transaction YVFWPTTZPSYFMPQOIPZJYDTEG3XQKAXFGQT4DDJXEICI7S3Y3KTQ: logic eval error: assert failed pc=126. Details: app=3548200231, pc=126, opcodes=app_global_get; \u003e; assert""}
"
C4MDW5J37KSR2C6Z2VYXMZCGGXYH5HKDA572NAHVT6LOYQZEA6XA,,3000,failed,"{""data"":{""app-index"":3548200231,""eval-states"":[{},{""stack"":[0]}],""group-index"":1,""pc"":126},""message"":""TransactionPool.Remember: transaction SEYV4QA55AQZFTB4ZK3DBMG766IPKZXJWHXP36WZVI55P3HF3UTA: logic eval error: assert failed pc=126. Details: app=3548200231, pc=126, opcodes=app_global_get; \u003e; assert""}
"
BRM2CZOKR2E5GPOMLK7TR4KTXFOEJHFNWJJ5FJVYFLR6B37YRILA,,3000,failed,"<html>
<head><title>429 Too Many Requests</title></head>
<body>
<center><h1>429 Too Many Requests</h1></center>
<hr><center>openresty</center>
</body>
</html>
"
SFME6UVFAVO37CF3AJH2MYMBNIVOUK3QSMDRUR4CFW4QAXYQNQLQ,,3000,failed,"{""data"":{""app-index"":3548200231,""eval-states"":[{},{""stack"":[0]}],""group-index"":1,""pc"":126},""message"":""TransactionPool.Remember: transaction TXAPI2LMG7HQM4TPXVIUWPGUJZGNTZJRBNFL2GDXAR75YANHBQNA: logic eval error: assert failed pc=126. Details: app=3548200231, pc=126, opcodes=app_global_get; \u003e; assert""}
"
WXIKUA7D4Q6TBRR23GVM6ZGGOPTCQ7EG4MZWGAKNEK7WKSH6BILQ,,3000,failed,"{""data"":{""app-index"":3548200231,""eval-states"":[{},{""stack"":[0]}],""group-index"":1,""pc"":126},""message"":""TransactionPool.Remember: transaction JNOOUR2X3XCT4KTSJFYV56J5FDXGKCSYLLFC7K5JD63V4OVAUPKA: logic eval error: assert failed pc=126. Details: app=3548200231, pc=126, opcodes=app_global_get; \u003e; assert""}
"
Y6O57ETL7EYBDLSTNLE7BLD5ERUP5GFR5T3Y7U2ZR3SK2R6U2PUQ,4.3704564571380615,2000,success,
EI5XHEM3GNDL6X4M6IUVQDAUA2MFXVJABKUHF5WDELL5DBMLQDPA,,3000,failed,"<html>
<head><title>429 Too Many Requests</title></head>
<body>
<center><h1>429 Too Many Requests</h1></center>
<hr><center>openresty</center>
</body>
</html>
"
X6AFGX6OMKZGG3YPVFKUUKCXA3STLRY6K43YLC4BHBVTJBVAR4IQ,5.454768180847168,2000,success,
SCM7W5KZ6VU7R6AQBOTJ36G7THWACJIG4U267VMFQIM4W52WBBXA,,3000,failed,"<html>
<head><title>429 Too Many Requests</title></head>
<body>
<center><h1>429 Too Many Requests</h1></center>
<hr><center>openresty</center>
</body>
</html>
"
BGPQFECRQCY4RT4XLPVBEF7DU5TXUL76JJJWPR4Z4CXNA7JWLRAA,6.281855344772339,2000,success,
2JL6WDY5TMI25N6CV4G4HSAWO3WL6KV3LFHSJ3OLE5D2KJVEZOFQ,9.015138864517212,2000,success,
4SL2SLACVEP4P5RDJ5RIVFHD4RU6O3HQ7YCODCJ7PSB54K72CEQA,,3000,failed,"<html>
<head><title>429 Too Many Requests</title></head>
<body>
<center><h1>429 Too Many Requests</h1></center>
<hr><center>openresty</center>
</body>
</html>
"
7F3ZVICPA4OUBYR4OX5AXWFAS3BXNHTRETVSZ5Y6QRTSEU46HKXQ,,3000,failed,"<html>
<head><title>429 Too Many Requests</title></head>
<body>
<center><h1>429 Too Many Requests</h1></center>
<hr><center>openresty</center>
</body>
</html>
"
MR4R7R7LHND2AS6WI4EUVX4GU3TI7CHGXH3AFWZYLO4OITPFUE5Q,,3000,failed,"<html>
<head><title>429 Too Many Requests</title></head>
<body>
<center><h1>429 Too Many Requests</h1></center>
<hr><center>openresty</center>
</body>
</html>
"
5VGU6DTZSLJXYN4ZZITOFRHDP3UUWMXOB6W6NEYYW5OCJZQ2URJA,6.3088319301605225,2000,success,
RFZCU3JDIYLRGA7H2YDWAJUY3YUZIGEZQJQ5AUKEVCFQMQD7HURQ,,3000,failed,"{""data"":{""app-index"":3548200231,""eval-states"":[{},{""stack"":[0]}],""group-index"":1,""pc"":126},""message"":""TransactionPool.Remember: transaction QWIU7GEQMQ7YRVZADTRAK727YQISBP22HRIOI6324DHQTJ2EM4AQ: logic eval error: assert failed pc=126. Details: app=3548200231, pc=126, opcodes=app_global_get; \u003e; assert""}
"
SEVA7CUH2ANQIV6WG5Q7WQUKR55CGBAJWUA6KKYKBP4ROVFBYKSQ,4.32341742515564,2000,success,
4RBL5EGUAXOMEKJUTKP3IFIOHVRNOSFZO3PVJAA7EO6XH76PHMDA,,3000,failed,"<html>
<head><title>429 Too Many Requests</title></head>
<body>
<center><h1>429 Too Many Requests</h1></center>
<hr><center>openresty</center>
</body>
</html>
"
KX5KMNUWKLQFE5TQNYDFOE3MWTHN3IVX7YGZTLWUF67FRUUHUMYQ,,3000,failed,"<html>
<head><title>429 Too Many Requests</title></head>
<body>
<center><h1>429 Too Many Requests</h1></center>
<hr><center>openresty</center>
</body>
</html>
"
D2DBDREWS4IKMJBGFO4UHATCAIV4GA6I2ILLF5W642P6MSANU43Q,4.467900514602661,2000,success,
HCNM6PBSASXDY62YCZ6D6UVHBYI22IBMSXQU5XKGUTVUCSL3DRBQ,,3000,failed,"<html>
<head><title>429 Too Many Requests</title></head>
<body>
<center><h1>429 Too Many Requests</h1></center>
<hr><center>openresty</center>
</body>
</html>
"
4XL2WY45ZMYITVLSYKMN7GJRCP7HETM3ZY5EBW5XSSCAG7O37MRA,,3000,failed,"{""data"":{""app-index"":3548200231,""eval-states"":[{},{""stack"":[0]}],""group-index"":1,""pc"":126},""message"":""TransactionPool.Remember: transaction LDVLFPKYUFO5MOUN3NZS7AXFKSBATE7T7NCDNMKBDRZGTSZX6AZQ: logic eval error: assert failed pc=126. Details: app=3548200231, pc=126, opcodes=app_global_get; \u003e; assert""}
"
ZK4O2JFEW2YZWBB4OCOA24PQJGWZ2MREUU6D34FJ6YJJCB4HWUTA,4.427524089813232,2000,success,
VMSVCAXG4QDU57BUEYM52W7U3JM6MG5IDHZ3BVUB6BYT2KYOBGPA,8.59882926940918,2000,success,
GBUMPRPEFGBZA5L34EEYNWOAL4E4BP7RURCVLWLN7TF3UCHVYHBQ,,3000,failed,"<html>
<head><title>429 Too Many Requests</title></head>
<body>
<center><h1>429 Too Many Requests</h1></center>
<hr><center>openresty</center>
</body>
</html>
"
7U3WL26NMPQO4VRM7BVMHYJBNAVKGMRPGCWMWPQVFXQUCRG4RUYQ,,3000,failed,"<html>
<head><title>429 Too Many Requests</title></head>
<body>
<center><h1>429 Too Many Requests</h1></center>
<hr><center>openresty</center>
</body>
</html>
"
YCSNAGJIS7XHRHUXNO2XKK7WJ6XQ6ISIYYTNZSEXUGTSUHBH2GBQ,,3000,failed,"<html>
<head><title>429 Too Many Requests</title></head>
<body>
<center><h1>429 Too Many Requests</h1></center>
<hr><center>openresty</center>
</body>
</html>
"
7DT5PNKMXNOVPHOZGUL35WVRHLYTLWCNWGDUYXV2GIXG2DSF4YLQ,,3000,failed,"<html>
<head><title>429 Too Many Requests</title></head>
<body>
<center><h1>429 Too Many Requests</h1></center>
<hr><center>openresty</center>
</body>
</html>
"
ZDGIE4FDA56IUTKV2LIFSRZNXQL7G5NVDPPC373BIBN7J4KS5HTA,,3000,failed,"<html>
<head><title>429 Too Many Requests</title></head>
<body>
<center><h1>429 Too Many Requests</h1></center>
<hr><center>openresty</center>
</body>
</html>
"
SIVWPZD6Y73KH436RJDLRSSGHCT3DAMELFNSG7XIYJGJYPMHQ6WQ,5.324575185775757,2000,success,
BMI5PMYBNOGM6DD4QBJIOU6JPMTZ6CPR6YHBRZ7YS7DDQR5ZDAMQ,,3000,failed,"{""data"":{""app-index"":3548200231,""eval-states"":[{},{""stack"":[0]}],""group-index"":1,""pc"":126},""message"":""TransactionPool.Remember: transaction S2ZO4UBZBGZLTZYVYRCKKWGFBLM3HYZPZ7RO5LZFCWK73S7NU6LQ: logic eval error: assert failed pc=126. Details: app=3548200231, pc=126, opcodes=app_global_get; \u003e; assert""}
"
YD2LH3AL4ZXJ7AK7RHVLEWTDQ55SLKBI2EH36DRSCTSDORTA3BRA,,3000,failed,"{""data"":{""app-index"":3548200231,""eval-states"":[{},{""stack"":[0]}],""group-index"":1,""pc"":126},""message"":""TransactionPool.Remember: transaction BJS4BHZGLQESZ5SSOVVMSVH3U6E3L7IMEMXWOQQ6U3LESVNPDRUQ: logic eval error: assert failed pc=126. Details: app=3548200231, pc=126, opcodes=app_global_get; \u003e; assert""}
"
FH35X2YU4GJK7H6XL3Y4YU6OQHIFOSU4J4K5RVBPQHN2M7WDAMHA,9.11166524887085,2000,success,
COAB4IUPONH5P7JH7KK6GY3XN4IO4IKMZFV5GYYUUAYMYK3XNJ4Q,,3000,failed,"{""data"":{""app-index"":3548200231,""eval-states"":[{},{""stack"":[0]}],""group-index"":1,""pc"":126},""message"":""TransactionPool.Remember: transaction NQRG2MJFWOS3D2DT66B3ZY3LJJVUTWYWHNNITRIKGZLAZEMFF5GQ: logic eval error: assert failed pc=126. Details: app=3548200231, pc=126, opcodes=app_global_get; \u003e; assert""}
"
YKCYXGRNVFF7VLFIAK6ATMC652LYX6S2XZTZ547EXZIM6RWWICLA,5.290093898773193,2000,success,
MHCX2WTGCX5IUH7VJ36B4O6FVVLRHH6VUNR52IRCBRYCQWB7FL7Q,,3000,failed,"{""data"":{""app-index"":3548200231,""eval-states"":[{},{""stack"":[0]}],""group-index"":1,""pc"":126},""message"":""TransactionPool.Remember: transaction HTDOHRUVE7ZCLGQAQLCYXX37B3KU6FOY2I2EWK6K4XXRLDTDG47A: logic eval error: assert failed pc=126. Details: app=3548200231, pc=126, opcodes=app_global_get; \u003e; assert""}
"
B4EAVYWW7FI7U5RVH2A5W7W53UQHKH7Z4X3X4ZSBLBL63K5YNNWA,6.550459146499634,2000,success,
S5ZHL566ISBPV3H4KDS3YLYDQU6QPNZAWL75WIS26BCID3Z7TTRQ,,3000,failed,"<html>
<head><title>429 Too Many Requests</title></head>
<body>
<center><h1>429 Too Many Requests</h1></center>
<hr><center>openresty</center>
</body>
</html>
"
3PJUUWPGLN5KQUJN6TMZMRVFVA5TN7NULZI2IGUB37IX7CL2BA5A,,3000,failed,"{""data"":{""app-index"":3548200231,""eval-states"":[{},{""stack"":[0]}],""group-index"":1,""pc"":126},""message"":""TransactionPool.Remember: transaction NDDRFFIDOZOPKETOHSYZRYC2WAFVQO4DJ7JA6XW6NIT2QU4VYIIQ: logic eval error: assert failed pc=126. Details: app=3548200231, pc=126, opcodes=app_global_get; \u003e; assert""}
"
EIQRZVWDHRSXTHCJHC7YMBT4GBOKZBNP4MXIWBCZ5UL6GR3QFMWQ,,3000,failed,"<html>
<head><title>429 Too Many Requests</title></head>
<body>
<center><h1>429 Too Many Requests</h1></center>
<hr><center>openresty</center>
</body>
</html>
"
RYFTUIJK55K3OVWOINJGJCD654TAZGYCYYNDVLAQG7PAWZQ5VMHQ,5.156255483627319,2000,success,
YULZ3NJ4336F5MBJHZZ65WXMYTUVTWV26JPW343HARVMDTM5A2ZA,,3000,failed,"{""data"":{""app-index"":3548200231,""eval-states"":[{},{""stack"":[0]}],""group-index"":1,""pc"":126},""message"":""TransactionPool.Remember: transaction PMTCERD4YVXUZXWSUJIEWIKF6W6527SLNQZ2LFDCIROPIH4YE7CQ: logic eval error: assert failed pc=126. Details: app=3548200231, pc=126, opcodes=app_global_get; \u003e; assert""}
"
4BTBRUIU5VP7MJUUELODBCURSTK6A5T6FDUJKFLXBDFBNDEOIXOQ,,3000,failed,"<html>
<head><title>429 Too Many Requests</title></head>
<body>
<center><h1>429 Too Many Requests</h1></center>
<hr><center>openresty</center>
</body>
</html>
"
EWOTFMNGQDIAOEQ54IWNI73MRQSOQRU6JCC34J62YMDQCDWVKWJQ,,3000,failed,"{""data"":{""app-index"":3548200231,""eval-states"":[{},{""stack"":[0]}],""group-index"":1,""pc"":126},""message"":""TransactionPool.Remember: transaction AFPLWQ5FMLMEE34TAWIP2QDKRVQ2B2ICUE6OKVALIBFB5OOVEFXQ: logic eval error: assert failed pc=126. Details: app=3548200231, pc=126, opcodes=app_global_get; \u003e; assert""}
"
LNDQQ6AHAK4VCFHJ3BLMKVIRJFL4WOPGCVJUPUNYVSPGOLJDHR7A,,3000,failed,"{""data"":{""app-index"":3548200231,""eval-states"":[{},{""stack"":[0]}],""group-index"":1,""pc"":126},""message"":""TransactionPool.Remember: transaction GUHQMPJ4T27LGKWTDTODQ2TACEX5KI4O7QTRXGDGMB2SCAUSAHPQ: logic eval error: assert failed pc=126. Details: app=3548200231, pc=126, opcodes=app_global_get; \u003e; assert""}
"
D564AP677WKZLROQAROALSISJ57TDZ4QYSV3J6KD2Y5MDPNT3I6Q,6.765239000320435,2000,success,
7HRC4FNOQ4CJP5OMTLT7GYRF3S4X67RZPWKDSUZ3LGU6NEF7AQ2A,,3000,failed,"<html>
<head><title>429 Too Many Requests</title></head>
<body>
<center><h1>429 Too Many Requests</h1></center>
<hr><center>openresty</center>
</body>
</html>
"
2RGJM7QIODJKFHAF7RMFDXHQ5HR27TJR74LOPII7U4W4WGTM65KQ,5.111769199371338,2000,success,
TIHASHJIDIZ5BYANRFL6YOLYS43VCDI6LHGRNT2BETWM3QDVGPWA,,3000,failed,"{""data"":{""app-index"":3548200231,""eval-states"":[{},{""stack"":[0]}],""group-index"":1,""pc"":126},""message"":""TransactionPool.Remember: transaction 6V4UPURW77WSFLDFCMBUGXMUXSCR56NYVM6QODE4KCEZDF2GO3BA: logic eval error: assert failed pc=126. Details: app=3548200231, pc=126, opcodes=app_global_get; \u003e; assert""}
"
ADM2DPQC3FADRFANXX6PVLLSFXOBLT7VF7A4JPEQBGBRPVD566MA,,3000,failed,"<html>
<head><title>429 Too Many Requests</title></head>
<body>
<center><h1>429 Too Many Requests</h1></center>
<hr><center>openresty</center>
</body>
</html>
"
RVLZKRWYQOMEG6VTM7ZFV7BSL3XSFHW7V7GS7FXYVXS5BWY2UHLA,,3000,failed,"{""data"":{""app-index"":3548200231,""eval-states"":[{},{""stack"":[0]}],""group-index"":1,""pc"":126},""message"":""TransactionPool.Remember: transaction VC7KPA7KE5LCK54WYYBWDQYBHV2SN32YZ3HZ2OUERTIHE3XNFLJQ: logic eval error: assert failed pc=126. Details: app=3548200231, pc=126, opcodes=app_global_get; \u003e; assert""}
"
B7EDKGBIEI7LVX23252CGWJPB6JHGC3CEFDJUPQN6QUCQF7LHGGA,,3000,failed,"{""data"":{""app-index"":3548200231,""eval-states"":[{},{""stack"":[0]}],""group-index"":1,""pc"":126},""message"":""TransactionPool.Remember: transaction H63TXLD4P6UUSNM4ALH52RTRCGYNPEMA4Q3EZWDDFIUHKZFW4Y5A: logic eval error: assert failed pc=126. Details: app=3548200231, pc=126, opcodes=app_global_get; \u003e; assert""}
"
PKNHNG2CZ4HX3YO2KDOCRFNLOMXGA2C4VZMV2BECB2TNWTCX5HSQ,11.575549364089966,2000,success,
MA537HMCMCPYIYX3EHJBVDM67HV2SJ2QZ5WBTDNJFBXJ2ABQQL3Q,,3000,failed,"<html>
<head><title>429 Too Many Requests</title></head>
<body>
<center><h1>429 Too Many Requests</h1></center>
<hr><center>openresty</center>
</body>
</html>
"
D7HBTCAR7CY63YC3EBV7PG6M4I2PNZO2CFVJFX7Q5JAR4ZRMOHPA,,3000,failed,"<html>
<head><title>429 Too Many Requests</title></head>
<body>
<center><h1>429 Too Many Requests</h1></center>
<hr><center>openresty</center>
</body>
</html>
"
X6L6A7IJ5UCKKMIBMOUQNWLKHKGX6BMZ4TLJ35OLYWGFKAMUQSNQ,,3000,failed,"{""data"":{""app-index"":3548200231,""eval-states"":[{},{""stack"":[0]}],""group-index"":1,""pc"":126},""message"":""TransactionPool.Remember: transaction OVW7EFUZVRBM2J46UDYMYGX5QRUWJORUOEXTGNLO3ZI5CLXK7TVQ: logic eval error: assert failed pc=126. Details: app=3548200231, pc=126, opcodes=app_global_get; \u003e; assert""}
"
3KKSPOQZRKIF3BJ2GYJHV4FRBZQXH3Q3UM73NRXWGLSG7POO3A4Q,7.644261360168457,2000,success,
A3G55NWYSTB2BGBX5GPA6FTPMWI6JHSJ47LUIJO5OKJ2O2RMCTIQ,,3000,failed,"{""data"":{""app-index"":3548200231,""eval-states"":[{},{""stack"":[0]}],""group-index"":1,""pc"":126},""message"":""TransactionPool.Remember: transaction SHGCHTBHL6LVTGFR5QL3EV542TPNMFTXM3FDXWN4LGA6QE4RDZMA: logic eval error: assert failed pc=126. Details: app=3548200231, pc=126, opcodes=app_global_get; \u003e; assert""}
"
H3I3QYTWMNCUPX5CGDNZR2XDKJMW3Y6KVKHCR2VO367NWSYHWQOA,,3000,failed,"<html>
<head><title>429 Too Many Requests</title></head>
<body>
<center><h1>429 Too Many Requests</h1></center>
<hr><center>openresty</center>
</body>
</html>
"
3LC2TED2KUETP7D3ERIZ2LFSH6WN66SNY3GIXTNHV4AH6A3SACOA,8.117198944091797,2000,success,
3J3WT5KVCO2KMNDQJVJ34P5A562XF7FA3NHTU5624CNJHCG75SRA,8.30207872390747,2000,success,
PNQ3Z4GSGW5EJD5QTD7YCUFVEVXUJQGHPFOBGNM6MMP3IHQ4VTLQ,,3000,failed,"{""data"":{""app-index"":3548200231,""eval-states"":[{},{""stack"":[0]}],""group-index"":1,""pc"":126},""message"":""TransactionPool.Remember: transaction ECWOPZRCGAZ2FMS5XT6CL553PQR6LLFETFXJY7MCALBOMNRXPGXA: logic eval error: assert failed pc=126. Details: app=3548200231, pc=126, opcodes=app_global_get; \u003e; assert""}
"
TNGVYKHK2CIQQMLMQW7NJWFCGPRTQQXU5PIUIH4SHMTE2YMG4F6Q,,3000,failed,"<html>
<head><title>429 Too Many Requests</title></head>
<body>
<center><h1>429 Too Many Requests</h1></center>
<hr><center>openresty</center>
</body>
</html>
"
OTF57Q2UAKKWFXDO3YCLXDD2CAPY7NX3DII74MLF6UDTNSTJ46PA,,3000,failed,"{""data"":{""app-index"":3548200231,""eval-states"":[{},{""stack"":[0]}],""group-index"":1,""pc"":126},""message"":""TransactionPool.Remember: transaction WAS7524UKMEK7SPKAUELWRL4TWTT7GL2ERPO22ZGGQWNT6IPZTRQ: logic eval error: assert failed pc=126. Details: app=3548200231, pc=126, opcodes=app_global_get; \u003e; assert""}
"
Q5Z4RWQSM276XYNRSG32TBDA2QTOV5V4EMB4XVNDMV75IK6WGXAA,11.904762029647827,2000,success,
SCX2JG64DBZJAWYB7M3AENI3VSSPIOBTGW4WWBM4FDVH5SENNF3A,,3000,failed,"{""data"":{""app-index"":3548200231,""eval-states"":[{},{""stack"":[0]}],""group-index"":1,""pc"":126},""message"":""TransactionPool.Remember: transaction WBEZVDCQMKK3UC5VHKWQADRK5WCNZ7OUVH7ONLN22EIWA5QHGSWA: logic eval error: assert failed pc=126. Details: app=3548200231, pc=126, opcodes=app_global_get; \u003e; assert""}
"
Z6RW2MYCOAUBKGXLYTM7UJCIL4FPODYSMPZKZSJCPJULF47NSOIQ,,3000,failed,"<html>
<head><title>429 Too Many Requests</title></head>
<body>
<center><h1>429 Too Many Requests</h1></center>
<hr><center>openresty</center>
</body>
</html>
"
JS4FUM2V2YNRRCA4X7MT2RJSEDSKHGRNPIM45MYJIRLNPMLVDECA,,3000,failed,"{""data"":{""app-index"":3548200231,""eval-states"":[{},{""stack"":[0]}],""group-index"":1,""pc"":126},""message"":""TransactionPool.Remember: transaction T2A36MQJ3BAYQNYU6BGFTBSCGE5A34JXLOYF5PIOFXJB6NAAL3VA: logic eval error: assert failed pc=126. Details: app=3548200231, pc=126, opcodes=app_global_get; \u003e; assert""}
"
FB7GW4ZNXNQDIAPCNBKYGQQMTZ7DQVGRUEB7OZBEYM4AINWTYRZQ,,3000,failed,"<html>
<head><title>429 Too Many Requests</title></head>
<body>
<center><h1>429 Too Many Requests</h1></center>
<hr><center>openresty</center>
</body>
</html>
"
VANOBYXECXWMIUOZPQD6GNJ6A5OPHK3ARRBMWB6PYDDMBIOS24DQ,,3000,failed,"<html>
<head><title>429 Too Many Requests</title></head>
<body>
<center><h1>429 Too Many Requests</h1></center>
<hr><center>openresty</center>
</body>
</html>
"
UUSBVA4WJASREQFBCZOKE6WUK2OQU7X4LXFDXK7G4DG2CPIXQZUQ,,3000,failed,"{""data"":{""app-index"":3548200231,""eval-states"":[{},{""stack"":[0]}],""group-index"":1,""pc"":126},""message"":""TransactionPool.Remember: transaction Z365PRWVOEGB54N5HHQMTPAKBUII3RSSF77V2RZKFS25FKRQ5UPA: logic eval error: assert failed pc=126. Details: app=3548200231, pc=126, opcodes=app_global_get; \u003e; assert""}
"
HC6AUTDB6XSW7BS7F4M67YQ5SJQUP4F7QTTCUKTZSYTEQDGAYPHQ,,3000,failed,"<html>
<head><title>429 Too Many Requests</title></head>
<body>
<center><h1>429 Too Many Requests</h1></center>
<hr><center>openresty</center>
</body>
</html>
"
6SONJN56YUZC3EZFFGGF6S42ZRIEFITT44XIQ7KY62LVLD7QY6KQ,,3000,failed,"<html>
<head><title>429 Too Many Requests</title></head>
<body>
<center><h1>429 Too Many Requests</h1></center>
<hr><center>openresty</center>
</body>
</html>
"
AKOGHCZIGKCYZNZPZXXH6Z5RWQWVVYOSKSYXNRITM4BDJ76LM3SQ,,3000,failed,"<html>
<head><title>429 Too Many Requests</title></head>
<body>
<center><h1>429 Too Many Requests</h1></center>
<hr><center>openresty</center>
</body>
</html>
"
VO7QJSJW4YRWP6N4LU6RDPPMTEZLLW6RJ3WS2YDKCQBGMYWUTAYA,,3000,failed,"<html>
<head><title>429 Too Many Requests</title></head>
<body>
<center><h1>429 Too Many Requests</h1></center>
<hr><center>openresty</center>
</body>
</html>
"
K7L2KEMFONFZWGV6ZWS4Z63Z4SJVLL6CTSNCQZXVE5PABSK34KWQ,,3000,failed,"<html>
<head><title>429 Too Many Requests</title></head>
<body>
<center><h1>429 Too Many Requests</h1></center>
<hr><center>openresty</center>
</body>
</html>
"
7FVVIVMXERACM42VGCBVRETQPWQRNIJAMOA6I3VIGZOD5M445JMA,,3000,failed,"<html>
<head><title>429 Too Many Requests</title></head>
<body>
<center><h1>429 Too Many Requests</h1></center>
<hr><center>openresty</center>
</body>
</html>
"
P7T2ENEZXLZVSV7HEVNYXKEYN7GC2SIFSJCS6LZGOP4GUX3YHLGQ,,3000,failed,"<html>
<head><title>429 Too Many Requests</title></head>
<body>
<center><h1>429 Too Many Requests</h1></center>
<hr><center>openresty</center>
</body>
</html>
"
AQDCG2GOYYWVFAQG3PDPDCKKU4RDVIQUZXZXCOEE7S5RE3M6LR7A,,3000,failed,"<html>
<head><title>429 Too Many Requests</title></head>
<body>
<center><h1>429 Too Many Requests</h1></center>
<hr><center>openresty</center>
</body>
</html>
"
WAFLEAYAYVML7HAPBWQYFWXGCWSI6JYVNKQWWT6GTQDCMJA2WAHA,,3000,failed,"{""data"":{""app-index"":3548200231,""eval-states"":[{},{""stack"":[0]}],""group-index"":1,""pc"":126},""message"":""TransactionPool.Remember: transaction GFSBKZ2KVVGB5IOL5TNPOX5PK7X5PDD5LRMQYNBM7CADEDI36XLA: logic eval error: assert failed pc=126. Details: app=3548200231, pc=126, opcodes=app_global_get; \u003e; assert""}
"
L7DM3VLU5GMO62CH5JLFJ7BRKSWXGAML6NXRIRTOFYF3C5CICKMQ,,3000,failed,"{""data"":{""app-index"":3548200231,""eval-states"":[{},{""stack"":[0]}],""group-index"":1,""pc"":126},""message"":""TransactionPool.Remember: transaction L636PSAKEXIYQC5HKGPWRHTBGP4VBQNDDHDEONTZN75YPTLVHPIQ: logic eval error: assert failed pc=126. Details: app=3548200231, pc=126, opcodes=app_global_get; \u003e; assert""}
"
LO7E32R5KCMPPM25A3MDQ7EYGBCDLM5RH5J5SK6UKFIT6BMY2AIQ,,3000,failed,"{""data"":{""app-index"":3548200231,""eval-states"":[{},{""stack"":[0]}],""group-index"":1,""pc"":126},""message"":""TransactionPool.Remember: transaction NGR343Z22TE6TFMNX2IWAB4J5WEHHIKEDDRX6DG55S5JYXIJTAJQ: logic eval error: assert failed pc=126. Details: app=3548200231, pc=126, opcodes=app_global_get; \u003e; assert""}
"
6TLL5LCBE7DONTJRU2GEBJR5ZFNLAIQYWWC3VH5X73S52DDLXCGQ,7.429115295410156,2000,success,
KQLXH3N7YIDTLETDDCTLD6M2XZMSO2TXWPW22AMPF47W3QJN56HA,9.906092405319214,2000,success,
T24NIEBCYCKLTICVTSTPXHQYH4MSQQH4PDC5HLQLAWJPENICQKMA,,3000,failed,"{""data"":{""app-index"":3548200231,""eval-states"":[{},{""stack"":[0]}],""group-index"":1,""pc"":126},""message"":""TransactionPool.Remember: transaction Q6AI2D5M7ZVQJBPQTKWGKPA4Q6AU2M4QFT4WHEMMNLADVOMOEABQ: logic eval error: assert failed pc=126. Details: app=3548200231, pc=126, opcodes=app_global_get; \u003e; assert""}
"
YCTKMRXYSEP7JFQZ4Z36RIIIQ5ORHPDYHTP7Y4D7QKKXTLCRO6MQ,,3000,failed,"<html>
<head><title>429 Too Many Requests</title></head>
<body>
<center><h1>429 Too Many Requests</h1></center>
<hr><center>openresty</center>
</body>
</html>
"
U6MGPW4DICQDKCIXKHR6VHUEATIQ3PSA2TPVKW7JFGLRHZWHNDVQ,,3000,failed,"{""data"":{""app-index"":3548200231,""eval-states"":[{},{""stack"":[0]}],""group-index"":1,""pc"":126},""message"":""TransactionPool.Remember: transaction 3ZCXOYSUJZ6FPD3KOU32GU24NK2BL6NXMHIPRRYDEKB6A4OS4UQQ: logic eval error: assert failed pc=126. Details: app=3548200231, pc=126, opcodes=app_global_get; \u003e; assert""}
"
I6LR5P6CFZ2UM2SDNVTI3NBPIZNHNQANPHOGUXSSNQFWNB6QQDGA,,3000,failed,"<html>
<head><title>429 Too Many Requests</title></head>
<body>
<center><h1>429 Too Many Requests</h1></center>
<hr><center>openresty</center>
</body>
</html>
"
3SA5II5UFPXJ2MMVESTLO3IWU7VHEBD7XOFI6GALSKEEQRGPJWCA,4.3426995277404785,2000,success,
IXJHQQJ26XU2MFM7BXV2XAXQYQSWE3MKYYTEMPEJCHRPHYV5JDBQ,,3000,failed,"<html>
<head><title>429 Too Many Requests</title></head>
<body>
<center><h1>429 Too Many Requests</h1></center>
<hr><center>openresty</center>
</body>
</html>
"
4Y4CTW2VQJZ3T3Z37I2ZTHKCXQJ7V47AE7ZCNA6IQBI7MLSOX42Q,,3000,failed,"<html>
<head><title>429 Too Many Requests</title></head>
<body>
<center><h1>429 Too Many Requests</h1></center>
<hr><center>openresty</center>
</body>
</html>
"
JMAVBZLFK47CIPIB6OH26RNTHJUBPEITMBE7BFDHLXF2B4QJINGA,,3000,failed,"{""data"":{""app-index"":3548200231,""eval-states"":[{},{""stack"":[0]}],""group-index"":1,""pc"":126},""message"":""TransactionPool.Remember: transaction Y3WFMRRK5RM63UELJB7EMGGW4UFVRHKO2MQSJDMI2GKPPD6GLJNA: logic eval error: assert failed pc=126. Details: app=3548200231, pc=126, opcodes=app_global_get; \u003e; assert""}
"
WK5N4MB7U32KICNMXMIRGOZH2SESCUO6V7VGIIH2BK7476KZUZSQ,16.791466236114502,2000,success,
54OJ7UWPTNR6N32ONZRSRXGF5PEHJL2XMI7MQRPTM2JY75BN7L4A,4.0479676723480225,2000,success,
FLGZ5U2GHNFDL3QE7CSRHSSZKNKAPST23GLEYBFOCHWZ25QYFZTA,,3000,failed,"<html>
<head><title>429 Too Many Requests</title></head>
<body>
<center><h1>429 Too Many Requests</h1></center>
<hr><center>openresty</center>
</body>
</html>
"
LEP25T4IJAKJUAGRHI2J4AT7XZ7J7ICZ5SCYZE57P2KUFPFDRHJA,,3000,failed,"{""data"":{""app-index"":3548200231,""eval-states"":[{},{""stack"":[0]}],""group-index"":1,""pc"":126},""message"":""TransactionPool.Remember: transaction QPMWJPP2BX5K3KFDTK3B3HATQCAUKUTIX2ZS2LY4Z6DAZXQ456CA: logic eval error: assert failed pc=126. Details: app=3548200231, pc=126, opcodes=app_global_get; \u003e; assert""}
"
TKVJJBZI36J7BISRTYAVWFNWBOOHTC6ZEY27WHGN2VM24NUKW6HQ,,3000,failed,"<html>
<head><title>429 Too Many Requests</title></head>
<body>
<center><h1>429 Too Many Requests</h1></center>
<hr><center>openresty</center>
</body>
</html>
"
MANZAIZALA7746APGOFPB5I5FTDMWLHLZJ5DCGNPHVWCVKXEVG7A,,3000,failed,"{""data"":{""app-index"":3548200231,""eval-states"":[{},{""stack"":[0]}],""group-index"":1,""pc"":126},""message"":""TransactionPool.Remember: transaction 4FALJR4AZ2F27IDKT6N5DPSYKVSWF3Q5RZ3X4SQRLDRTDPSRXWPA: logic eval error: assert failed pc=126. Details: app=3548200231, pc=126, opcodes=app_global_get; \u003e; assert""}
"
ACH5WSSZAYLIEDKHCNBT2JAKCFHFK2QNTL4PRJJVBILIYEPZGNOQ,,3000,failed,"<html>
<head><title>429 Too Many Requests</title></head>
<body>
<center><h1>429 Too Many Requests</h1></center>
<hr><center>openresty</center>
</body>
</html>
"
L7AZQT2VMGFWYYL4MAZUR6RCJ4QUCYMRLOENMAJBNIWG77CTKAMQ,,3000,failed,"{""data"":{""app-index"":3548200231,""eval-states"":[{},{""stack"":[0]}],""group-index"":1,""pc"":126},""message"":""TransactionPool.Remember: transaction YPP2XBBEYEOV6CYUUWSXPIMCMGS3JROMTSA2XJ2EKSKI24ABVJCA: logic eval error: assert failed pc=126. Details: app=3548200231, pc=126, opcodes=app_global_get; \u003e; assert""}
"
5SOH62XL2RV72IN3W7KFZRBWFVWB6TNSUDVES3E2WJ5A4RFY4B3A,,3000,failed,"<html>
<head><title>429 Too Many Requests</title></head>
<body>
<center><h1>429 Too Many Requests</h1></center>
<hr><center>openresty</center>
</body>
</html>
"
XQWR66HLB2DQH3O6Y2VT7G6DYNH3UXOWOX7NED2NNAOPPOYBEGSQ,5.470747947692871,2000,success,
ZBPGHWCGPJ65BANTGSYJDV4QQHZ776B7ON7HBRSYJ4EWLFFFR77A,,3000,failed,"{""data"":{""app-index"":3548200231,""eval-states"":[{},{""stack"":[0]}],""group-index"":1,""pc"":126},""message"":""TransactionPool.Remember: transaction YQHGFN73DS2NQNLBSJKNQPSDDCQPHJDXARHWUPOPO5V5K4XVQJZQ: logic eval error: assert failed pc=126. Details: app=3548200231, pc=126, opcodes=app_global_get; \u003e; assert""}
"
GP7FKDU74B5ICP57CIQYTM3G7ZZWXBJH7HQOXKEQHT5BUJAZECBQ,5.265970945358276,2000,success,
LYMRQTQPL3YDQOJMQP25O6ZK7WJRQLW7KBWZ6VOI6R3PSPQ5LMCA,,3000,failed,"<html>
<head><title>429 Too Many Requests</title></head>
<body>
<center><h1>429 Too Many Requests</h1></center>
<hr><center>openresty</center>
</body>
</html>
"
HTF3LQZFNQC5MZDUOAUO5W2DKM2KMMUFQFBFP4GAFWY4EKFNIARA,,3000,failed,"{""data"":{""app-index"":3548200231,""eval-states"":[{},{""stack"":[0]}],""group-index"":1,""pc"":126},""message"":""TransactionPool.Remember: transaction 3272VHDGY7JCMBOEREEAHRFAXP4ML7DBGWHSJPESEW376XNUWD6Q: logic eval error: assert failed pc=126. Details: app=3548200231, pc=126, opcodes=app_global_get; \u003e; assert""}
"
K2MMRSX6KC4HJ3J6KXSMLD4J75JBPZEHLNRXMJSVV4TEMWODMQ6A,,3000,failed,"<html>
<head><title>429 Too Many Requests</title></head>
<body>
<center><h1>429 Too Many Requests</h1></center>
<hr><center>openresty</center>
</body>
</html>
"
M3P2LZFDWJKILZE54ZXQFL7UTMIREVMN5KTIYSY5XGMWMTCUXXSQ,,3000,failed,"{""data"":{""app-index"":3548200231,""eval-states"":[{},{""stack"":[0]}],""group-index"":1,""pc"":126},""message"":""TransactionPool.Remember: transaction XOBMPEUJ23OCPUXF2G6CIS2VLHXW3WDOKATHYYUZHWVPL364YNZA: logic eval error: assert failed pc=126. Details: app=3548200231, pc=126, opcodes=app_global_get; \u003e; assert""}
"
NUMUGVGXXAMKIXHJF7ZLLNZNCHEVU7T5UAW57OIFUSGZNIGSSVUQ,,3000,failed,"<html>
<head><title>429 Too Many Requests</title></head>
<body>
<center><h1>429 Too Many Requests</h1></center>
<hr><center>openresty</center>
</body>
</html>
"
RJMPX2OAPU24W5ZXTVJF6MUY2QMQPG5BD7YMDS6CAN2ATE2QREEA,4.004953384399414,2000,success,
UDV2JOCYPYJKOEIIBQLDKIV7BMZZUT2FZL3WSAUTNPKAFYRKT43Q,5.798491954803467,2000,success,
45X6KRCAH4LWERFVG7DOU5O35W7BVRDJPYA7ROBXWI4PU7WDFJZA,,3000,failed,"{""data"":{""app-index"":3548200231,""eval-states"":[{},{""stack"":[0]}],""group-index"":1,""pc"":126},""message"":""TransactionPool.Remember: transaction WNFC7ZL3ID3DXBPME5F3F6YWUEHQKDRQ4ZLOKQXEKJKXFUQ7UQXA: logic eval error: assert failed pc=126. Details: app=3548200231, pc=126, opcodes=app_global_get; \u003e; assert""}
"
INZJAYRAYJMYPQ3QQRCXL7ZUVDGTDPWDXKPGOHRQRR7S63HZ3SWQ,4.534270286560059,2000,success,
QYZNIALHOQIBW44YLP7OCIIJMD5TPPWOD2Z434RIWUN7F2R2YCLQ,4.9332499504089355,2000,success,
4EEQUFWKE2STKIQQYABZQPQC5OF3J24VDXWKECDYZERPKFADMHGQ,4.176975727081299,2000,success,
D47FEHC4FJOR5KYUTPKRJ7Q4PPQ2AAJPO7X76QFB5ZJOMW3C3UFA,,3000,failed,"{""data"":{""app-index"":3548200231,""eval-states"":[{},{""stack"":[0]}],""group-index"":1,""pc"":126},""message"":""TransactionPool.Remember: transaction DZPXEVV3CWMVG7VW5SIAZABYXFS6BMFJN7WPIEIUCGSMWVS6RCJA: logic eval error: assert failed pc=126. Details: app=3548200231, pc=126, opcodes=app_global_get; \u003e; assert""}
"
AV5X7MZZYBDZ4PMRDZMKCNKFS5XMOWIPCSZEKCX7RSCFU6EAKRVA,,3000,failed,"<html>
<head><title>429 Too Many Requests</title></head>
<body>
<center><h1>429 Too Many Requests</h1></center>
<hr><center>openresty</center>
</body>
</html>
"
JGOMKCNOR7AUHWBGF2PD4KMUQWPZB225D7OWES43S6F6FJFUH4OA,,3000,failed,"<html>
<head><title>429 Too Many Requests</title></head>
<body>
<center><h1>429 Too Many Requests</h1></center>
<hr><center>openresty</center>
</body>
</html>
"
YBMCUQF3CJUOGHQC2JNEAYBXVLUTDG5EH5KMR3VNHHQL5KHLYNWQ,,3000,failed,"{""data"":{""app-index"":3548200231,""eval-states"":[{},{""stack"":[0]}],""group-index"":1,""pc"":126},""message"":""TransactionPool.Remember: transaction DQTSHJYEVZY6S6XUYDBJ24RMX22DFJOS2QILAHM3U37EH5GD7TKA: logic eval error: assert failed pc=126. Details: app=3548200231, pc=126, opcodes=app_global_get; \u003e; assert""}
"
G3EPKQQPYP4L3BOIFSJTB7IFPSUJ2K2M2LV7Y4BJBN3K5ZXHIWNA,,3000,failed,"{""data"":{""app-index"":3548200231,""eval-states"":[{},{""stack"":[0]}],""group-index"":1,""pc"":126},""message"":""TransactionPool.Remember: transaction YPEF7VRT4CD5WWLJ3GGIXLTYCFMO3X2VO2ZXPFN26A5OPAMX3QDQ: logic eval error: assert failed pc=126. Details: app=3548200231, pc=126, opcodes=app_global_get; \u003e; assert""}
"
ILTH3GPFAPISC3VPXKSERYOLY5NMOKSIQVRLKYTVGHR4Q5GE2WHQ,8.499072074890137,2000,success,
BV3KVTS3ELBAOELNJ7NTFG3XQ3VA3UBIXMRNRFLIA6NZT63KATJA,,3000,failed,"<html>
<head><title>429 Too Many Requests</title></head>
<body>
<center><h1>429 Too Many Requests</h1></center>
<hr><center>openresty</center>
</body>
</html>
"
TI5QAMRWU4K237V6KEWDWPZ5WXJKWRASDR3MS3TUXNXC5ICZOJYA,,3000,failed,"<html>
<head><title>429 Too Many Requests</title></head>
<body>
<center><h1>429 Too Many Requests</h1></center>
<hr><center>openresty</center>
</body>
</html>
"
4LIF3CO4JGMJXVE7CME3U4PY275K5RJAVY3COJZ7P3PPE6VXPTFQ,,3000,failed,"{""data"":{""app-index"":3548200231,""eval-states"":[{},{""stack"":[0]}],""group-index"":1,""pc"":126},""message"":""TransactionPool.Remember: transaction TG354C3PAXWKLSOJKV2ESWQEZ6T4Y5SX5BRB5KJE7TKS6COFDLDA: logic eval error: assert failed pc=126. Details: app=3548200231, pc=126, opcodes=app_global_get; \u003e; assert""}
"
AYGGDFIDU73RDJC2373BFTYKWGTTFI34QJDPT7Z3PI4IVZ53EHGA,4.516955614089966,2000,success,
KEG7XD3AXMATUF2QXYASXTPS7VN2MSMYUQB5KYNNRFIBZLLMJIVQ,,3000,failed,"<html>
<head><title>429 Too Many Requests</title></head>
<body>
<center><h1>429 Too Many Requests</h1></center>
<hr><center>openresty</center>
</body>
</html>
"
XMXG4OGX3J3TCVA4QZSWRZGTVKWGTABGB3NE7CHD6QY5RNHDYU6Q,,3000,failed,"<html>
<head><title>429 Too Many Requests</title></head>
<body>
<center><h1>429 Too Many Requests</h1></center>
<hr><center>openresty</center>
</body>
</html>
"
BBHRWSF43HWPWUF2NCMJBE7DL7Q3DSNNGFRZWAUB5LPWMVZQZBTA,,3000,failed,"{""data"":{""app-index"":3548200231,""eval-states"":[{},{""stack"":[0]}],""group-index"":1,""pc"":126},""message"":""TransactionPool.Remember: transaction GZATMLLPZSX4IW44CHC5ZEVFNQBLHYZX5TO5W2XYURDGUSGYALTQ: logic eval error: assert failed pc=126. Details: app=3548200231, pc=126, opcodes=app_global_get; \u003e; assert""}
"
OZXAYNCEUTNMHSZVQ47XCVLBZOMLRZS3VBYW2HMMBFJ5HKNKJ6EQ,5.481609106063843,2000,success,
VUU5FWPDMQW6FF6GSOBSRGAY4KWPHUISCPRKD2XI2MQOZUMCWSZQ,6.6129536628723145,2000,success,
TYH6WI6VUEX7PBWN5BAEVE5LORX3XQ4EY7T5IQTUM2Y2WVFAS2DQ,,3000,failed,"<html>
<head><title>429 Too Many Requests</title></head>
<body>
<center><h1>429 Too Many Requests</h1></center>
<hr><center>openresty</center>
</body>
</html>
"
6QRKKGNUFR4FWBK4WG2FHGBPFU3F2IK6UYDV2GH2O5CA3USMIDGA,7.482379674911499,2000,success,
GK2G63JS5SKKLP6XM6WYLHQHD7LU6HT5WEMACAWIPQQYK6UJ4KOQ,,3000,failed,"{""data"":{""app-index"":3548200231,""eval-states"":[{},{""stack"":[0]}],""group-index"":1,""pc"":126},""message"":""TransactionPool.Remember: transaction OZOZNZUCZKSQVP7V2WVEPVZUMHF7EEHQRK42BZZFPGA2T3SUF2NA: logic eval error: assert failed pc=126. Details: app=3548200231, pc=126, opcodes=app_global_get; \u003e; assert""}
"
IRR33YQG3I7XOP5WO4L6VTKOIDMVVU2EAY3KJ4Z22SAJOPBDHPGQ,,3000,failed,"<html>
<head><title>429 Too Many Requests</title></head>
<body>
<center><h1>429 Too Many Requests</h1></center>
<hr><center>openresty</center>
</body>
</html>
"
XABFYAOAYHTZDVHSQBUEZISMDEZQUJTRJMPUGYZKWLSCHE5EL3XQ,6.295346021652222,2000,success,
VWFFBLFFMIGMQUUKLFVJIORZQTUXUOTCENLCAT6VQQWJY3DW32FA,,3000,failed,"{""data"":{""app-index"":3548200231,""eval-states"":[{},{""stack"":[0]}],""group-index"":1,""pc"":126},""message"":""TransactionPool.Remember: transaction 7EIQXU3YJTDKTSSE2JDEJ46PECQARU5DEUCTIIS2KUMOH75NF3YA: logic eval error: assert failed pc=126. Details: app=3548200231, pc=126, opcodes=app_global_get; \u003e; assert""}
"
CLHZMSOSVAC3K2SOSMNLIWYLN7II4XBSW3TN35AJVVMSC7O734HQ,,3000,failed,"{""data"":{""app-index"":3548200231,""eval-states"":[{},{""stack"":[0]}],""group-index"":1,""pc"":126},""message"":""TransactionPool.Remember: transaction ETHCLMLLV6BUJMYR4TPGBFQSCCGH4TZNZEQCNFGE2NR4PCEFUU3Q: logic eval error: assert failed pc=126. Details: app=3548200231, pc=126, opcodes=app_global_get; \u003e; assert""}
"
GGPFWSKUGKRA2ZL4QZOB5Z4JYMWO7VDLUCFGXOVEAY7FOATVMO4Q,,3000,failed,"{""data"":{""app-index"":3548200231,""eval-states"":[{},{""stack"":[0]}],""group-index"":1,""pc"":126},""message"":""TransactionPool.Remember: transaction UUEABAEJLX3G6H7Z5KUQZZPZDNWBNZIY5DATL5BZG25GPMSELMLQ: logic eval error: assert failed pc=126. Details: app=3548200231, pc=126, opcodes=app_global_get; \u003e; assert""}
"
MA2PNFYI6KGYABYAMWMOC7OOSIPXNKUETL62YJ7YFW6VPTAH4T2A,,3000,failed,"{""data"":{""app-index"":3548200231,""eval-states"":[{},{""stack"":[0]}],""group-index"":1,""pc"":126},""message"":""TransactionPool.Remember: transaction VFNDJFFBOITOTSQCXE3Y27ETSODGJ72RRJMNQUG2OUOJXMGZE5WQ: logic eval error: assert failed pc=126. Details: app=3548200231, pc=126, opcodes=app_global_get; \u003e; assert""}
"
TPBO7XOVOPK53QKRKZQJTZ67WE5D5Y3WHK2JUDTCB4CJROA3QR3Q,7.3494343757629395,2000,success,
EQ7E5RO4CHWUHB33GMNWOZBGZP5WXV4MT5PW2ROZI2NK7P6HSPEA,9.266480684280396,2000,success,
DTDH6EZNMX62FN4YJBICKOWYFE35WTL4Z7TENTEV3FDAC3AEORMQ,,3000,failed,"<html>
<head><title>429 Too Many Requests</title></head>
<body>
<center><h1>429 Too Many Requests</h1></center>
<hr><center>openresty</center>
</body>
</html>
"
Q5VD7BWXW5XNFLO67LM6V4KZHPMBCD4MADSYOAUTIOORPAXLEPKA,,3000,failed,"{""data"":{""app-index"":3548200231,""eval-states"":[{},{""stack"":[0]}],""group-index"":1,""pc"":126},""message"":""TransactionPool.Remember: transaction GCKBWU7HSZYYDKSTSQDSJQKPLOYSWIAQ6I4TRXIDLXOJ6WFPWSLA: logic eval error: assert failed pc=126. Details: app=3548200231, pc=126, opcodes=app_global_get; \u003e; assert""}
"
TF3VM57RYMAK574DJPNIKNUGIIIL6TCSCCL2BW2C3JJV7OXZXM6Q,,3000,failed,"<html>
<head><title>429 Too Many Requests</title></head>
<body>
<center><h1>429 Too Many Requests</h1></center>
<hr><center>openresty</center>
</body>
</html>
"
J3YHL5NJMY3QYGCPTBA2TVCSG7SIJFEIF4J25P4XYTZE2V4GXBDA,,3000,failed,"<html>
<head><title>429 Too Many Requests</title></head>
<body>
<center><h1>429 Too Many Requests</h1></center>
<hr><center>openresty</center>
</body>
</html>
"
TZBU55GXUY77JEJ5UIKYL2YHJ7GB4OEX5Q45UDLYFIP2X2NBBETA,,3000,failed,"<html>
<head><title>429 Too Many Requests</title></head>
<body>
<center><h1>429 Too Many Requests</h1></center>
<hr><center>openresty</center>
</body>
</html>
"
E4TUXRGDMOSSUODTX3B7DDYTFH3ODV35EBWDVXOEHVDDFJD5HBWA,,3000,failed,"<html>
<head><title>429 Too Many Requests</title></head>
<body>
<center><h1>429 Too Many Requests</h1></center>
<hr><center>openresty</center>
</body>
</html>
"
7JSMTWQGXCDBKEW5XHG7MC5UOQ23LB3RDVUT4A225LTCBTP3LYIQ,,3000,failed,"{""data"":{""app-index"":3548200231,""eval-states"":[{},{""stack"":[0]}],""group-index"":1,""pc"":126},""message"":""TransactionPool.Remember: transaction 3H7UR5VSONCC4TZ5WBWR35HITH255EOS5W5CYU4YQ6OKRBXFSMZA: logic eval error: assert failed pc=126. Details: app=3548200231, pc=126, opcodes=app_global_get; \u003e; assert""}
"
L66KMCTQCME4TF4XGE2KHA6SI3GFC2557RBMYQHOCJBR5E55SJDQ,,3000,failed,"<html>
<head><title>429 Too Many Requests</title></head>
<body>
<center><h1>429 Too Many Requests</h1></center>
<hr><center>openresty</center>
</body>
</html>
"
2QHNBCWE3AJ67KEYSKODK4GI7N4WMUEBRFCQQFT4K3L4Q4DXOMEA,,3000,failed,"{""data"":{""app-index"":3548200231,""eval-states"":[{},{""stack"":[0]}],""group-index"":1,""pc"":126},""message"":""TransactionPool.Remember: transaction JRSHSZ3U4JV42AH7S6M6E4HXYIGGUXJO6XE64SNNQ6YRHKUUMZAA: logic eval error: assert failed pc=126. Details: app=3548200231, pc=126, opcodes=app_global_get; \u003e; assert""}
"
W7I7KQM7FVMLLPNHBS7W7GHADA3RTQLICEK64BDCEJFXKJ3MCNTA,,3000,failed,"<html>
<head><title>429 Too Many Requests</title></head>
<body>
<center><h1>429 Too Many Requests</h1></center>
<hr><center>openresty</center>
</body>
</html>
"
ALSO6TSMAF2AUWSKWDEA3RV4FEMONAE3LI5CC3ZKYWAAXSI3OXWA,,3000,failed,"{""data"":{""app-index"":3548200231,""eval-states"":[{},{""stack"":[0]}],""group-index"":1,""pc"":126},""message"":""TransactionPool.Remember: transaction 3OOCNA3O5MJYIEVJPSWEZNMOC5MEYVAOI5QPU573HNL4G6ACRJUQ: logic eval error: assert failed pc=126. Details: app=3548200231, pc=126, opcodes=app_global_get; \u003e; assert""}
"
E6ITTNX64WFQKYLAJYQHFZUOOYLYOMNYNBUK5NQ6L4LBCCCJXB6Q,6.220024824142456,2000,success,
SOOS4XVILWTD2NF7EJDTK2OW7T5WD2OL7BQD2RKM5ND2W5DZ7DIQ,,3000,failed,"{""data"":{""app-index"":3548200231,""eval-states"":[{},{""stack"":[0]}],""group-index"":1,""pc"":126},""message"":""TransactionPool.Remember: transaction HY6AXNMMST6W7QMRVW2QSKFXP6HCGTO4FVQJWZ2FLBKYNUFBVESQ: logic eval error: assert failed pc=126. Details: app=3548200231, pc=126, opcodes=app_global_get; \u003e; assert""}
"
V56JCGTJSVXMMBNUT7SQQZCISH6AQKWAP6XNYKUACVFVRIEPC7QA,,3000,failed,"{""data"":{""app-index"":3548200231,""eval-states"":[{},{""stack"":[0]}],""group-index"":1,""pc"":126},""message"":""TransactionPool.Remember: transaction IEWRG76N5RNMFQONTUCBKXJCEWKJTMYVY37Q64BFFQKMPYP4CGIA: logic eval error: assert failed pc=126. Details: app=3548200231, pc=126, opcodes=app_global_get; \u003e; assert""}
"
K6XWWVIA5STIHKM7H4ODFDWHRIVDT45ZUCWBGSCMZSF62M2AQZTQ,,3000,failed,"<html>
<head><title>429 Too Many Requests</title></head>
<body>
<center><h1>429 Too Many Requests</h1></center>
<hr><center>openresty</center>
</body>
</html>
"
DKSX7ECBUZH7ACLWAYNOKIP3ZVGEAQ65Y2FQYWDJWPNAZZZWDLBQ,,3000,failed,"<html>
<head><title>429 Too Many Requests</title></head>
<body>
<center><h1>429 Too Many Requests</h1></center>
<hr><center>openresty</center>
</body>
</html>
"
VC5QZTEQHERIE6DTOA5JP747KG3C24N6KT3U4QKJNOD3AG5GWP3A,,3000,failed,"{""data"":{""app-index"":3548200231,""eval-states"":[{},{""stack"":[0]}],""group-index"":1,""pc"":126},""message"":""TransactionPool.Remember: transaction WE2JM74FGU5GOACZFLOG5BCCLPPM4MKF3RUI66NZ2K4IWHDJGPQQ: logic eval error: assert failed pc=126. Details: app=3548200231, pc=126, opcodes=app_global_get; \u003e; assert""}
"
3U4O4G2RPSPALOKFY4FWTXJ5V2N562TP7T5LCQRGXJKBOZXHMHNA,,3000,failed,"{""data"":{""app-index"":3548200231,""eval-states"":[{},{""stack"":[0]}],""group-index"":1,""pc"":126},""message"":""TransactionPool.Remember: transaction IBD36XIJKYRGZNDKEKUGBEWQVHO7Z335RZDDST7QGNAP4G6GYVMA: logic eval error: assert failed pc=126. Details: app=3548200231, pc=126, opcodes=app_global_get; \u003e; assert""}
"
AJ7XWJBLIVG5SBDHPX5UNFWCWS6A7W4R354DQLHAJC57YUQ2X76A,,3000,failed,"<html>
<head><title>429 Too Many Requests</title></head>
<body>
<center><h1>429 Too Many Requests</h1></center>
<hr><center>openresty</center>
</body>
</html>
"
K7GFQOJP6ABM3RV6KQ7DABGVEDLPOKZMOLC5CRWWRVVUTKHCFV4Q,,3000,failed,"<html>
<head><title>429 Too Many Requests</title></head>
<body>
<center><h1>429 Too Many Requests</h1></center>
<hr><center>openresty</center>
</body>
</html>
"
BRFRYAGKMSRYZGGQ6QC5VYQ44L3N2EYIEVCESXOKHIFAY5GSAQNA,,3000,failed,"<html>
<head><title>429 Too Many Requests</title></head>
<body>
<center><h1>429 Too Many Requests</h1></center>
<hr><center>openresty</center>
</body>
</html>
"
BXEGH3PQSMGLKCXD5RC4VPWEU2LERJYKG5C3JOBCRUHPMGYHHE3A,6.636114597320557,2000,success,
GE5RDCIYJTPW75VG6EOIGWHJMTAQZYDZM7ZEDBB4NQ4KB2CKZ62A,,3000,failed,"<html>
<head><title>429 Too Many Requests</title></head>
<body>
<center><h1>429 Too Many Requests</h1></center>
<hr><center>openresty</center>
</body>
</html>
"
UDCK5LBM7CLJSPQFN4RADGC2Z4GAJHBHIFJXIBBFWVFHMPIGAECQ,,3000,failed,"<html>
<head><title>429 Too Many Requests</title></head>
<body>
<center><h1>429 Too Many Requests</h1></center>
<hr><center>openresty</center>
</body>
</html>
"
GIS4CJFXCH43YF5JCVIUUZ4PQCGQX6GETXYRRTNMPTS5AMHOZ4XQ,,3000,failed,"<html>
<head><title>429 Too Many Requests</title></head>
<body>
<center><h1>429 Too Many Requests</h1></center>
<hr><center>openresty</center>
</body>
</html>
"
HJYKQOR5D7ZOYWTM3J22JUATYQUIGQWMFK5SKP5JEWFIEQAV2CTA,7.390686511993408,2000,success,
4Z7BZFDPHUCPQAHP7ZQ7JL5TL3QPQ7UFCA637ZXRSPWN7SOSOMBA,,3000,failed,"{""data"":{""app-index"":3548200231,""eval-states"":[{},{""stack"":[0]}],""group-index"":1,""pc"":126},""message"":""TransactionPool.Remember: transaction C57NXNBDZEUJMYOBSN4RXAIJUPK6ACAK2DDNHHBO77A5WWGER4LQ: logic eval error: assert failed pc=126. Details: app=3548200231, pc=126, opcodes=app_global_get; \u003e; assert""}
"
4XUFXMGLD34MTDJC537K5LKFC7RZN2BQUUJZAVAIITUZ3OP33JFQ,,3000,failed,"<html>
<head><title>429 Too Many Requests</title></head>
<body>
<center><h1>429 Too Many Requests</h1></center>
<hr><center>openresty</center>
</body>
</html>
"
7FCJJPS4VOHTV63DGHCBSGIVNOTMYT35F7ENFTXS4YQLFNGTU3PQ,6.3542704582214355,2000,success,
NAYX4LK5P6MKQXKYGYKGITFVKJYPW7CBA2NHKHGEYW3UTSDQZZIQ,,3000,failed,"{""data"":{""app-index"":3548200231,""eval-states"":[{},{""stack"":[0]}],""group-index"":1,""pc"":126},""message"":""TransactionPool.Remember: transaction 6BHVCYD4MOTJ52IGMTONHXF3UXDRX67MLUNI5UX6IOUTZQNTSFQQ: logic eval error: assert failed pc=126. Details: app=3548200231, pc=126, opcodes=app_global_get; \u003e; assert""}
"
NPVCWL2FOOTXFL6RVP4FGMGDTDPUBOOOFTGTEQTU47ZNTQ72LZUQ,,3000,failed,"{""data"":{""app-index"":3548200231,""eval-states"":[{},{""stack"":[0]}],""group-index"":1,""pc"":126},""message"":""TransactionPool.Remember: transaction 4DQZSDRXGZMZHTXZTARY35IE32MMIK6FWE3VQLDRKTMZIFPSYDUQ: logic eval error: assert failed pc=126. Details: app=3548200231, pc=126, opcodes=app_global_get; \u003e; assert""}
"
A3TJFJ7Y3LYR5E3QYC6DTN5YSIEXXZSOS5HT7JJ6BJK4D73THQ5Q,,3000,failed,"<html>
<head><title>429 Too Many Requests</title></head>
<body>
<center><h1>429 Too Many Requests</h1></center>
<hr><center>openresty</center>
</body>
</html>
"
OSH2SXODURWP2MTLTSQXZQJBWXCFELM6TTAC6QJGZJOWV5YIAIQQ,,3000,failed,"{""data"":{""app-index"":3548200231,""eval-states"":[{},{""stack"":[0]}],""group-index"":1,""pc"":126},""message"":""TransactionPool.Remember: transaction NAYCECQSRDXLUCZFKZMUN7GQE2LUIKRHLSJFK4AR6REXZOTPNPFQ: logic eval error: assert failed pc=126. Details: app=3548200231, pc=126, opcodes=app_global_get; \u003e; assert""}
"
QNAFP7L2E3WI4ZQ4VII7SYTDI7NSCPVQX4XJWFES7RKGOGJ6PQHQ,,3000,failed,"<html>
<head><title>429 Too Many Requests</title></head>
<body>
<center><h1>429 Too Many Requests</h1></center>
<hr><center>openresty</center>
</body>
</html>
"
OLK2U2AQ2H3NDBJHIUTXPKZBQWMP2UHZR4ZUBVTEPABQCCNACQ7A,,3000,failed,"<html>
<head><title>429 Too Many Requests</title></head>
<body>
<center><h1>429 Too Many Requests</h1></center>
<hr><center>openresty</center>
</body>
</html>
"
NVGGJ4PZUMHU5VCHXGPXBOZ5AAFHR2DSPOGJOHXAYRUT4VGTJ24Q,,3000,failed,"<html>
<head><title>429 Too Many Requests</title></head>
<body>
<center><h1>429 Too Many Requests</h1></center>
<hr><center>openresty</center>
</body>
</html>
"
GU42KFCY7NUF5F7PJMQFNMAWGLQBCKU3HAW7T6GDFFHH5U7DUVFA,,3000,failed,"<html>
<head><title>429 Too Many Requests</title></head>
<body>
<center><h1>429 Too Many Requests</h1></center>
<hr><center>openresty</center>
</body>
</html>
"
NPJ5XCV2RA2P6BHF3K3GBB4GQGFWB2XVEIN5IUELUVAI4UK5I2OA,,3000,failed,"<html>
<head><title>429 Too Many Requests</title></head>
<body>
<center><h1>429 Too Many Requests</h1></center>
<hr><center>openresty</center>
</body>
</html>
"
JRYA7RDA2NG6K4I52RMLZVUJYHD6TZZF24IIVYV7OWXXIEIM3IGQ,,3000,failed,"<html>
<head><title>429 Too Many Requests</title></head>
<body>
<center><h1>429 Too Many Requests</h1></center>
<hr><center>openresty</center>
</body>
</html>
"
IDHUWJRRLBYQUU2OAOUU3TMYXUWZSMHRACADW44QN45MQSIZPOIA,7.798301935195923,2000,success,
R6DFY4RZ6F6IRJADWXU6V4REVYV34YKWZG5GTMCJL6WRMSYEASSA,,3000,failed,"<html>
<head><title>429 Too Many Requests</title></head>
<body>
<center><h1>429 Too Many Requests</h1></center>
<hr><center>openresty</center>
</body>
</html>
"
ACZBL7RUXT67FKA3QUZU6AIWTXIVOJT3MFG72RUEO2PV2C7ALFXQ,,3000,failed,"<html>
<head><title>429 Too Many Requests</title></head>
<body>
<center><h1>429 Too Many Requests</h1></center>
<hr><center>openresty</center>
</body>
</html>
"
Z6UUKLCAEF6G4RZH5CHYKHFMILSDTEMRTUAF2MFRDV32PI5YOAZQ,,3000,failed,"<html>
<head><title>429 Too Many Requests</title></head>
<body>
<center><h1>429 Too Many Requests</h1></center>
<hr><center>openresty</center>
</body>
</html>
"
PIWIZJY5LOUN2NC6HTYBNYDOOAEG2FPVX3FQF3KZ47P34B5V6B3Q,5.223097085952759,2000,success,
ZB5MTNPHI6T5IXQV4ICO5SUMOZPK2SQLE4M75TRIWXAQUMFNCODQ,5.337508201599121,2000,success,
Z5MXXCN5XCVUK63DZZXXONMJB44LJ5BLTLXLCV6SQ5ZBE32ZY7HA,6.399182081222534,2000,success,
XY72OGGK6ZK4UF6EEF2HYPIFLNXFXOUMR7KNNAAUR7XBTZYBRBLQ,6.5715203285217285,2000,success,
WSF5Y75W75NCEZLWFFYTMO2UZIR424FML2MTU2QILCNCB7AIMC2Q,,3000,failed,"<html>
<head><title>429 Too Many Requests</title></head>
<body>
<center><h1>429 Too Many Requests</h1></center>
<hr><center>openresty</center>
</body>
</html>
"
PVZIAC3L5PFWLKA43RVF6T7A2QVC24BXHHEUXKYIQ3D2MGS3BWVQ,8.280903577804565,2000,success,
KAS4SGHK7HUY2N2CW2H5U7TQ26RVCA5K7ACYGDT5BLXKK6WQZ7OQ,3.3409128189086914,2000,success,
GOIXAH2JXUXXGKJ5M3FD6PBKLBXLUCZHOFBZWZ7IKPOUFUMZWP4A,,3000,failed,"{""data"":{""app-index"":3548200231,""eval-states"":[{},{""stack"":[0]}],""group-index"":1,""pc"":126},""message"":""TransactionPool.Remember: transaction YMWR2WQOAVIDZNXYPFPYB6C7ZKRGPCITK5ZC4QHTWPSMRPIQHDHQ: logic eval error: assert failed pc=126. Details: app=3548200231, pc=126, opcodes=app_global_get; \u003e; assert""}
"
ZJXB4Y2C2WMOEZGXYWCG2O7DJW4TQG7PJRPGVNCE3UTOHH6F7VFA,4.539983510971069,2000,success,
33OR77IOKFNKM6Y645XYY6T5S3W3HFNFXFKJX3LIS3DOY5LOZTRQ,,3000,failed,"{""data"":{""app-index"":3548200231,""eval-states"":[{},{""stack"":[0]}],""group-index"":1,""pc"":126},""message"":""TransactionPool.Remember: transaction UXQ57OTHMCCHK2X6X7OGPL5TKDISIDNXQKOFXC3S5JE3PRAZKTZA: logic eval error: assert failed pc=126. Details: app=3548200231, pc=126, opcodes=app_global_get; \u003e; assert""}
"
S7XGIPXZF4Z7HIJNEYPHIAJ4KH6RLNYD7HK6MDVDVJ26L2ZZKX6A,,3000,failed,"{""data"":{""app-index"":3548200231,""eval-states"":[{},{""stack"":[0]}],""group-index"":1,""pc"":126},""message"":""TransactionPool.Remember: transaction ODEWXPO77GKVKAYMBL6XZXOPJY3RJAMQN4VHXLLC7FHRE6J7P5HQ: logic eval error: assert failed pc=126. Details: app=3548200231, pc=126, opcodes=app_global_get; \u003e; assert""}
"
YE72O5NE3ROHQZDTGFUMQWGPX2NQPNYRLZOOBBXFLLK5WKS3EJHA,,3000,failed,"<html>
<head><title>429 Too Many Requests</title></head>
<body>
<center><h1>429 Too Many Requests</h1></center>
<hr><center>openresty</center>
</body>
</html>
"
LYFA7IJPYZMENYVUDDH2FNNMJ5FYRCKH753XOLVNJAU7B6B7T5GQ,5.977928638458252,2000,success,
23ESTKB5WOF33J3UWWSUYHNXZGYHNILOS53HFGIZF2TDJBTDTSDQ,,3000,failed,"<html>
<head><title>429 Too Many Requests</title></head>
<body>
<center><h1>429 Too Many Requests</h1></center>
<hr><center>openresty</center>
</body>
</html>
"
SQGJAURFQAS424763XPCTJ6CT6VWSIHRGVSTP5YCT5YSHV4ODBQQ,,3000,failed,"{""data"":{""app-index"":3548200231,""eval-states"":[{},{""stack"":[0]}],""group-index"":1,""pc"":126},""message"":""TransactionPool.Remember: transaction RLUUKEBA4K6WZXGHMVGU5SRGPYEH5LACTCETNFRMVARB37ZAJJUQ: logic eval error: assert failed pc=126. Details: app=3548200231, pc=126, opcodes=app_global_get; \u003e; assert""}
"
OIBTYVMEO2DIV66YVWA2IQCXYWOI4JXJQ522F3NLTFWHBEBWHY5Q,,3000,failed,"<html>
<head><title>429 Too Many Requests</title></head>
<body>
<center><h1>429 Too Many Requests</h1></center>
<hr><center>openresty</center>
</body>
</html>
"
HSXALI4K3CHY7JOXMUPOSJL6XGNSFJWR2CA3G6OBOQV7KMUHTYUA,10.488033533096313,2000,success,
NKRZBIJXUZ6EENIAPCRKGQ4KLL3BFTQHOO442T2MKYUBOW2ZAA5Q,7.63711142539978,2000,success,
XQJ4LKYI3WGTFKR5O5T7VLM7W7UUDXS36MAMVWZRJ5ELY7GGU3QQ,,3000,failed,"{""data"":{""app-index"":3548200231,""eval-states"":[{},{""stack"":[0]}],""group-index"":1,""pc"":126},""message"":""TransactionPool.Remember: transaction FU4JSKWF54F63VJMMFFOF4EUVJQP2YF2TS6V55GIGPKDTSTAOUKA: logic eval error: assert failed pc=126. Details: app=3548200231, pc=126, opcodes=app_global_get; \u003e; assert""}
"
FUBNNOR5SBMENQLMEG3HLFLQBZ4CAFU2YNHBTDU3YHMHVXO73FQA,,3000,failed,"<html>
<head><title>429 Too Many Requests</title></head>
<body>
<center><h1>429 Too Many Requests</h1></center>
<hr><center>openresty</center>
</body>
</html>
"
OLTLHSNBZCXXOMU3NEKCSH7VB332C65YUJPRFCLVUYCU4AT3ZFOQ,4.515002965927124,2000,success,
CB5WBWMHA2NWNGVM6IYVFG7UJKIBS2E7LLFYY766RPZNTFKW4NFQ,,3000,failed,"{""data"":{""app-index"":3548200231,""eval-states"":[{},{""stack"":[0]}],""group-index"":1,""pc"":126},""message"":""TransactionPool.Remember: transaction CGGNEFM3AHMQSD6HFAIIPEFZKIGFKMNMHTYEBBG4BENGKSBKPUNA: logic eval error: assert failed pc=126. Details: app=3548200231, pc=126, opcodes=app_global_get; \u003e; assert""}
"
EX6RI6SUBJTF3CQD2ZIQ34T2AAXJ7R367F2G24UXJDPMSZWNVA6Q,4.55219030380249,2000,success,
2QZELNM7OIQBUCA5VIDKFD6BBL75CMJBIYO7HOK2SVO5C3IXTTDA,,3000,failed,"<html>
<head><title>429 Too Many Requests</title></head>
<body>
<center><h1>429 Too Many Requests</h1></center>
<hr><center>openresty</center>
</body>
</html>
"
7CALO6S5IEPSP57OXMKMFIOSTM3MO35XLZW23Y2AG6QUGJLNEUXA,,3000,failed,"<html>
<head><title>429 Too Many Requests</title></head>
<body>
<center><h1>429 Too Many Requests</h1></center>
<hr><center>openresty</center>
</body>
</html>
"
N5FGGYMY4MVSTIKLUIMEDDQENFLIKJXA2OHB7UV7YU4BDZ7Q3MXA,,3000,failed,"<html>
<head><title>429 Too Many Requests</title></head>
<body>
<center><h1>429 Too Many Requests</h1></center>
<hr><center>openresty</center>
</body>
</html>
"
XTA3ZING6ZERUWUGAJYBWOUJA2U3BP7UJXOEPGTFYNKS7CZANEOA,,3000,failed,"{""data"":{""app-index"":3548200231,""eval-states"":[{},{""stack"":[0]}],""group-index"":1,""pc"":126},""message"":""TransactionPool.Remember: transaction 5LKXFGYF3LUWGS4I7NPNSOE6Y4NUW6OB235JHUIXP7RPLVXLCFTA: logic eval error: assert failed pc=126. Details: app=3548200231, pc=126, opcodes=app_global_get; \u003e; assert""}
"
TQEHDXOXEV73DGDIXDTRYF7GUU2KVUUHWUVQ25ANQOIXF7B3P6HA,,3000,failed,"{""data"":{""app-index"":3548200231,""eval-states"":[{},{""stack"":[0]}],""group-index"":1,""pc"":126},""message"":""TransactionPool.Remember: transaction K3GWXKTDX75TOVR7NGKK2XOGTCC7YY3OCBJONI2IM47EVH4LYTOA: logic eval error: assert failed pc=126. Details: app=3548200231, pc=126, opcodes=app_global_get; \u003e; assert""}
"
GOBLRKX4QVNYH5THHBC3H2VXGEGPLVHSUIHRIIF5A2R4243FGGYA,,3000,failed,"<html>
<head><title>429 Too Many Requests</title></head>
<body>
<center><h1>429 Too Many Requests</h1></center>
<hr><center>openresty</center>
</body>
</html>
"
OVM3BS6M4IMOO3I6M5ZA2VBR5NJGIKBXZMKHN4SEQE7KWZXQNJGQ,,3000,failed,"{""data"":{""app-index"":3548200231,""eval-states"":[{},{""stack"":[0]}],""group-index"":1,""pc"":126},""message"":""TransactionPool.Remember: transaction YABL2GERSKOSTOSTI4D6WIFS5CEJHHBTGMV6I2O5J6SESZVX4UEQ: logic eval error: assert failed pc=126. Details: app=3548200231, pc=126, opcodes=app_global_get; \u003e; assert""}
"
5YXSBWPPRLH7XVR4ZB7RBNUBZDHTY6SPRGEJFTQPTFMKZPRGRRBQ,,3000,failed,"<html>
<head><title>429 Too Many Requests</title></head>
<body>
<center><h1>429 Too Many Requests</h1></center>
<hr><center>openresty</center>
</body>
</html>
"
SAWBMM2F3SDQN3GQQSIR7SWPSR6NQIZBJTLCUM4LAPJB6RBIEYQA,,3000,failed,"{""data"":{""app-index"":3548200231,""eval-states"":[{},{""stack"":[0]}],""group-index"":1,""pc"":126},""message"":""TransactionPool.Remember: transaction WCUZES5JU26SGY6KVZHJ54EBECGSUWIGOEYO7SJGQ7XSV44QSPFQ: logic eval error: assert failed pc=126. Details: app=3548200231, pc=126, opcodes=app_global_get; \u003e; assert""}
"
73XW5S4XTQIVW5TYDLIDWH6OBCRES3WCIWRKPMFTA7OLL7FJZK7A,,3000,failed,"<html>
<head><title>429 Too Many Requests</title></head>
<body>
<center><h1>429 Too Many Requests</h1></center>
<hr><center>openresty</center>
</body>
</html>
"
R6X6RZHIIAYSZZJPMKODNJQE4LNA72ZXITKHBFOLMZI5TRQUAEKA,4.349684953689575,2000,success,
RXCLPEXIWUBHHNQ2AN42QVUINHORUF7TYYDH3PMDWWI4SVAVFNRQ,5.632496356964111,2000,success,
R7CHKDKUOQPLXL3AVK3SHQ3NYPUDBSTLQ6MFGCLA6F6RJCNCCC7A,,3000,failed,"<html>
<head><title>429 Too Many Requests</title></head>
<body>
<center><h1>429 Too Many Requests</h1></center>
<hr><center>openresty</center>
</body>
</html>
"
ZURV5AR4NZK5QXJ34YYAQRCC7OWOYWT6GVEFHR5AHMGOU3S4C75Q,,3000,failed,"<html>
<head><title>429 Too Many Requests</title></head>
<body>
<center><h1>429 Too Many Requests</h1></center>
<hr><center>openresty</center>
</body>
</html>
"
YHJGS6FMHV4CN6YVERDMJSPMCZWHMX6YGRVXURRW46NTSS26PXWA,,3000,failed,"<html>
<head><title>429 Too Many Requests</title></head>
<body>
<center><h1>429 Too Many Requests</h1></center>
<hr><center>openresty</center>
</body>
</html>
"
OXZYD32NHS7SIY44AYOML5QNZBJT3J5V6R65TJQPCQIJCCSRYITQ,,3000,failed,"<html>
<head><title>429 Too Many Requests</title></head>
<body>
<center><h1>429 Too Many Requests</h1></center>
<hr><center>openresty</center>
</body>
</html>
"
RX73TESYA4VI2BP5CD27FRSCEKCVNTHRKFNHSB2IIRM2L6QLFMRQ,,3000,failed,"<html>
<head><title>429 Too Many Requests</title></head>
<body>
<center><h1>429 Too Many Requests</h1></center>
<hr><center>openresty</center>
</body>
</html>
"
TME7YMF2OVDO5UIR5DWKOH6R5FYHMTTZJ67HNEGEKXIS7B54ETQQ,,3000,failed,"<html>
<head><title>429 Too Many Requests</title></head>
<body>
<center><h1>429 Too Many Requests</h1></center>
<hr><center>openresty</center>
</body>
</html>
"
DIS3254SRD2EYMLT4JZYOSVXKPJKOYEG62RMOVCU25722VXRYTVQ,10.79520297050476,2000,success,
HRYHQB5AT75YMTS4AXBHFOYN6KSHP4K3YUXYBWHBBOJ2PARY5J6Q,,3000,failed,"{""data"":{""app-index"":3548200231,""eval-states"":[{},{""stack"":[0]}],""group-index"":1,""pc"":126},""message"":""TransactionPool.Remember: transaction EZFBOKZTJBJWIVHSIH74UOBOPYVENCWPLLLUH2WMS6XGOAG4IZ3Q: logic eval error: assert failed pc=126. Details: app=3548200231, pc=126, opcodes=app_global_get; \u003e; assert""}
"
YBAVMYD67ECSW63CYAWXHMYPMZ5CQF2NUG4VXZSXXAHOV4KZ2LYQ,,3000,failed,"{""data"":{""app-index"":3548200231,""eval-states"":[{},{""stack"":[0]}],""group-index"":1,""pc"":126},""message"":""TransactionPool.Remember: transaction EC7EAWHTNWC42SF4ABIRKHC2TVVJ2KUMGKOOH63JY7KITVTS464Q: logic eval error: assert failed pc=126. Details: app=3548200231, pc=126, opcodes=app_global_get; \u003e; assert""}
"
53TRU3FZ3NS3B7YABXOWBNB6ZHCHDHKHHKL4AKYBXCKE4UEGSS6Q,,3000,failed,"{""data"":{""app-index"":3548200231,""eval-states"":[{},{""stack"":[0]}],""group-index"":1,""pc"":126},""message"":""TransactionPool.Remember: transaction DX3KOQFHXIG2WRGPDTIFJ3ZCZBDTWVKNEMY46XMYZE2RSOXVWUVQ: logic eval error: assert failed pc=126. Details: app=3548200231, pc=126, opcodes=app_global_get; \u003e; assert""}
"
UQDBQTYV2PU4EKVO6TU33VJY5464Z2TNEUSRHSS36OQ7I4B65VYA,,3000,failed,"<html>
<head><title>429 Too Many Requests</title></head>
<body>
<center><h1>429 Too Many Requests</h1></center>
<hr><center>openresty</center>
</body>
</html>
"
WD6JM2D2N2XEFX4S4C257DKRDV2RCFMJPNRNIROU32ZQS7QTFMKQ,,3000,failed,"{""data"":{""app-index"":3548200231,""eval-states"":[{},{""stack"":[0]}],""group-index"":1,""pc"":126},""message"":""TransactionPool.Remember: transaction 6T766BPWMLN2T7FOCWTGNXWXYIEGPWB3ZGM5Q3V3CURIGKDNHUTA: logic eval error: assert failed pc=126. Details: app=3548200231, pc=126, opcodes=app_global_get; \u003e; assert""}
"
VXIPYFIDLHQRBHQQAOCU3BRQHKVRK4FQYC3FVVVLMGT3L7SJIJAQ,,3000,failed,"<html>
<head><title>429 Too Many Requests</title></head>
<body>
<center><h1>429 Too Many Requests</h1></center>
<hr><center>openresty</center>
</body>
</html>
"
5DXQZXWA5J3PVOO3S5IJK4A2DRIK3JTIJZXKLKDL6UCT6AZMKLDA,,3000,failed,"{""data"":{""app-index"":3548200231,""eval-states"":[{},{""stack"":[0]}],""group-index"":1,""pc"":126},""message"":""TransactionPool.Remember: transaction 3Z3JL2YI66AGHKTE5MZMCXO6XZSFIKSSSMLAZHOSEVSVFPW4LSQA: logic eval error: assert failed pc=126. Details: app=3548200231, pc=126, opcodes=app_global_get; \u003e; assert""}
"
RZMADKMO4OQHGMYSP5J25ST37DUIIBY7MB4GTNKLIQCH2CVMHTWA,,3000,failed,"<html>
<head><title>429 Too Many Requests</title></head>
<body>
<center><h1>429 Too Many Requests</h1></center>
<hr><center>openresty</center>
</body>
</html>
"
ISQ3DBYKTAB6FZV64HAXP7VDSLJOCNIUW6ITMDPBPMSZ3WN2OD4A,,3000,failed,"<html>
<head><title>429 Too Many Requests</title></head>
<body>
<center><h1>429 Too Many Requests</h1></center>
<hr><center>openresty</center>
</body>
</html>
"
RM4RSHHPPBWDLFRPGKJ4O5M3DLXBQKVYB355K6UVRACLNN64NCNQ,5.3248090744018555,2000,success,
MSJNPWIEWCYVY3S3SQOT4SHM4TKYZUQZTCTZ33GGFQYKQIJ2UUHA,,3000,failed,"<html>
<head><title>429 Too Many Requests</title></head>
<body>
<center><h1>429 Too Many Requests</h1></center>
<hr><center>openresty</center>
</body>
</html>
"
IZI7XMIEIYKCDBV5XNT47FC6HOZYHPXGC4ZT53VBEJCOEB4JAL3A,,3000,failed,"{""data"":{""app-index"":3548200231,""eval-states"":[{},{""stack"":[0]}],""group-index"":1,""pc"":126},""message"":""TransactionPool.Remember: transaction JUG4KBGNLTRX5NOOIZAUN5OJKJPLNNBKFWCCF6HINK7HC2KSMNHQ: logic eval error: assert failed pc=126. Details: app=3548200231, pc=126, opcodes=app_global_get; \u003e; assert""}
"
O3HFCI4BMXOTEJSSRREGPPPNA7JLGVIVB4MPEHCY7RRNZWP7JZDA,,3000,failed,"<html>
<head><title>429 Too Many Requests</title></head>
<body>
<center><h1>429 Too Many Requests</h1></center>
<hr><center>openresty</center>
</body>
</html>
"
W5ZXNSEARQ7AUPDC7BHDCMHFI6HTJEMOVCXLUDQRWVOMHHSU4KRQ,,3000,failed,"<html>
<head><title>429 Too Many Requests</title></head>
<body>
<center><h1>429 Too Many Requests</h1></center>
<hr><center>openresty</center>
</body>
</html>
"
G3X5KCL3FV2DFFMSJQHAPH7MZWTUWA2MZ2BPYN2NUQKX2T37I6MQ,,3000,failed,"<html>
<head><title>429 Too Many Requests</title></head>
<body>
<center><h1>429 Too Many Requests</h1></center>
<hr><center>openresty</center>
</body>
</html>
"
X2PYEDMEC2TTSP3ATEFNMUVXA6WKCGWZS2AEAD6GQVIAD4GTAMBQ,,3000,failed,"<html>
<head><title>429 Too Many Requests</title></head>
<body>
<center><h1>429 Too Many Requests</h1></center>
<hr><center>openresty</center>
</body>
</html>
"
Q2YBMHSLBIPGHLN6N4ONQJYJKS3QCEOVFLMEVDFHGMFXEML4IX5Q,,3000,failed,"<html>
<head><title>429 Too Many Requests</title></head>
<body>
<center><h1>429 Too Many Requests</h1></center>
<hr><center>openresty</center>
</body>
</html>
"
AINRGMTCJTPYOY4GCOO5CUQIRXLLBAPK5H57YQOUPF4WIY76SL6Q,,3000,failed,"<html>
<head><title>429 Too Many Requests</title></head>
<body>
<center><h1>429 Too Many Requests</h1></center>
<hr><center>openresty</center>
</body>
</html>
"
Z5GDVFVQWVZC2CPCH6X4TEN67G5SUPVA36EPQHMVLP5JGBCUTETA,,3000,failed,"<html>
<head><title>429 Too Many Requests</title></head>
<body>
<center><h1>429 Too Many Requests</h1></center>
<hr><center>openresty</center>
</body>
</html>
"
FTKTA2ER4UHZ2M4S7NOY7M5S4QIZYG55Y52JP7XIEUO7K4MMLCHA,6.848762512207031,2000,success,
JHBIAWOUV6SA6YJQT47CE4OABHWQY73XZKMBPZIDO4AGBYMW2MRA,5.133242607116699,2000,success,
ITSWO3KLXHNAOGARRNDTS2RYM6SYL3BJQAEKUSPNKBIIZ3Q4MD6A,5.097938776016235,2000,success,
3H7C2KOEX2NDSAV32LBYDA53QRH6HAF2VFNGZB3GNXWAGELAYCAA,,3000,failed,"<html>
<head><title>429 Too Many Requests</title></head>
<body>
<center><h1>429 Too Many Requests</h1></center>
<hr><center>openresty</center>
</body>
</html>
"
KHG2JKCJXJOT77QODQT6ZKBYL2IPYXTUVH3QN5JXSNEZNDJPF2UA,,3000,failed,"<html>
<head><title>429 Too Many Requests</title></head>
<body>
<center><h1>429 Too Many Requests</h1></center>
<hr><center>openresty</center>
</body>
</html>
"
PI3MI5WZROAXZEZLOK4Q5ROJMAGSG4ORP5VJ4RV4YIQRCH62UK7Q,5.532222270965576,2000,success,
ZWWBKCCURVM266HS575POGR3P4MWEPXEGFPPANJF5J6QOHLXB33A,,3000,failed,"{""data"":{""app-index"":3548200231,""eval-states"":[{},{""stack"":[0]}],""group-index"":1,""pc"":126},""message"":""TransactionPool.Remember: transaction MDTZHQ6I2RZKKJBV27ZG3JKKCNRDHILA6XMD6PIFKN6FVWMEDRMA: logic eval error: assert failed pc=126. Details: app=3548200231, pc=126, opcodes=app_global_get; \u003e; assert""}
"
SHYFWLLWKOVLW5N2PNRXSYRBP2X7ZWK3DFGTEO6VZPC2UMYX2B2A,6.283348083496094,2000,success,
576MHXDTC4X3C3KPPG766GDTI44FOHB6SJTHHPGXY2VEVQ74G7KQ,,3000,failed,"{""data"":{""app-index"":3548200231,""eval-states"":[{},{""stack"":[0]}],""group-index"":1,""pc"":126},""message"":""TransactionPool.Remember: transaction WDSHE22YTHICIDJJQINH6FJR7CFT3C3CIQVFF3BO3SUZWVLWVZBA: logic eval error: assert failed pc=126. Details: app=3548200231, pc=126, opcodes=app_global_get; \u003e; assert""}
"
XHCQNWKNJWL5MWGN4GYUCDL2WPYWWR2GNJUSRXH6Q5N4QPYWMFDQ,6.8035149574279785,2000,success,
MXOPGKPWMKQWZ37BRYZDOOSHDRDAY3DYNIG5ZIHUBOYCHZTR4WQA,,3000,failed,"{""data"":{""app-index"":3548200231,""eval-states"":[{},{""stack"":[0]}],""group-index"":1,""pc"":126},""message"":""TransactionPool.Remember: transaction FTLL4LUVNAUV6RXSUBUMFDVDGKVJETMAZTX3HRHLABLAB3Z52Q3A: logic eval error: assert failed pc=126. Details: app=3548200231, pc=126, opcodes=app_global_get; \u003e; assert""}
"
Q6VHISM5ZMSGDVKIBPSWFUFJSPEM4H7UGDSTL26K33OPURA5WPIA,6.445501327514648,2000,success,
ELX4W3VYXZEVYM5BD5T47L3O456SK67GHZQNM2M6KRPJD5XY3RTA,,3000,failed,"{""data"":{""app-index"":3548200231,""eval-states"":[{},{""stack"":[0]}],""group-index"":1,""pc"":126},""message"":""TransactionPool.Remember: transaction TCX5TGLFCOUNFAUQYTCPLE6HDGAQK7DRIMZGS2ZZ3CAVKXKSQYDA: logic eval error: assert failed pc=126. Details: app=3548200231, pc=126, opcodes=app_global_get; \u003e; assert""}
"
ZIT62GGFISGDJB27CQAI7D4HDKVJPWH6CUTHG254R7VMA5KHLBBA,,3000,failed,"{""data"":{""app-index"":3548200231,""eval-states"":[{},{""stack"":[0]}],""group-index"":1,""pc"":126},""message"":""TransactionPool.Remember: transaction 2WMYR5LVNBA25EJZ567RC5IIPQDFLSW4PN36A35ZC6HMZQTJRDPA: logic eval error: assert failed pc=126. Details: app=3548200231, pc=126, opcodes=app_global_get; \u003e; assert""}
"
SHRKXNTNNWWRE2V52XTKPIB4KWZ2PWUKRQ454NN5ISDH2S3EWJ7Q,,3000,failed,"<html>
<head><title>429 Too Many Requests</title></head>
<body>
<center><h1>429 Too Many Requests</h1></center>
<hr><center>openresty</center>
</body>
</html>
"
N7RJGNRJ4K4OYX6DSW6WTNBE55R4IFG62YUG533VNV7BI5TEZ5QA,10.00342607498169,2000,success,
DCBNVFKRNN6Z3L2DULNUCXZIMLNCWYJ6RVPCRJ6D7SYFMYW56OEA,5.318996906280518,2000,success,
FRBKEFWOYEQZSLKOC3OV2KXNN3O737HVBB5H2M7B33MARX6VMRUQ,5.267054796218872,2000,success,
VUWXZY37WQECMGUBUQRNTFVA2P5VNTIRYS6NGUNIKKSNRKECA4CA,,3000,failed,"{""data"":{""app-index"":3548200231,""eval-states"":[{},{""stack"":[0]}],""group-index"":1,""pc"":126},""message"":""TransactionPool.Remember: transaction SXAFZRSTD4K62Q4OQMPMLVEKCCPQAN5QKDUH53UX3SXSIM4BLYHA: logic eval error: assert failed pc=126. Details: app=3548200231, pc=126, opcodes=app_global_get; \u003e; assert""}
"
Z445ZUIKKK6KXYCVH4GAS2VA6XWO7G3BURMQQHK4KOHWYLAUVCLA,,3000,failed,"{""data"":{""app-index"":3548200231,""eval-states"":[{},{""stack"":[0]}],""group-index"":1,""pc"":126},""message"":""TransactionPool.Remember: transaction 27ULGGUOTS4AVIKJS7RRRD4BKD3GDWXJ2LLNO7TRJZTL6QM7WU2Q: logic eval error: assert failed pc=126. Details: app=3548200231, pc=126, opcodes=app_global_get; \u003e; assert""}
"
HLQPP4CLKFTVMHUNMNIKN3PDWOTGOMPFLDYZHDJWTNOUOB5OONFQ,,3000,failed,"<html>
<head><title>429 Too Many Requests</title></head>
<body>
<center><h1>429 Too Many Requests</h1></center>
<hr><center>openresty</center>
</body>
</html>
"
LEZNIP6DTU5UPV3BYCYTTBJJXIY6HGPTWTPJIFQEE2QOYEBY5PMQ,,3000,failed,"{""data"":{""app-index"":3548200231,""eval-states"":[{},{""stack"":[0]}],""group-index"":1,""pc"":126},""message"":""TransactionPool.Remember: transaction UESOWFBUTZXSLVGH2VCQA3FONMCKTT6XM7WBWYP4XKL3TKBI6F4A: logic eval error: assert failed pc=126. Details: app=3548200231, pc=126, opcodes=app_global_get; \u003e; assert""}
"
EZCN2G47JCJJIEXKSHH5N7MWH4KAYG6QJ5DV7TS5UB665RDQYACA,,3000,failed,"<html>
<head><title>429 Too Many Requests</title></head>
<body>
<center><h1>429 Too Many Requests</h1></center>
<hr><center>openresty</center>
</body>
</html>
"
IU6FWZHO3KEDJIM5XW7CVYTGGCSGT53RRJ25DPD2Z2E5MJ6LFEMQ,6.690055847167969,2000,success,
5H3G7YHUNIHE6XWSSOOP3KH5AGE6QRJEJC366CE5H4HENYWJ5RBQ,,3000,failed,"{""data"":{""app-index"":3548200231,""eval-states"":[{},{""stack"":[0]}],""group-index"":1,""pc"":126},""message"":""TransactionPool.Remember: transaction 5UG35PM7WGJVHIJZ3TP7WYSXWQTC2URRUBWCK3J4PQI3YP4CYDSA: logic eval error: assert failed pc=126. Details: app=3548200231, pc=126, opcodes=app_global_get; \u003e; assert""}
"
5X5Y6M3VPFLBT3GQWMOOEJLVZAFABZOWXRHVMKGHCXREPUGA4Y3Q,9.707466840744019,2000,success,
JR4LKKDC2JN7DHOKZK7KKTT5V5HZZ54EIIR2JW7KBESHEPMI5KUQ,,3000,failed,"<html>
<head><title>429 Too Many Requests</title></head>
<body>
<center><h1>429 Too Many Requests</h1></center>
<hr><center>openresty</center>
</body>
</html>
"
5PNFHJA2N2LVCJHMIZDTZUYSHDEAC7H4TNZJ3SSC5PC3GWB53ZGQ,,3000,failed,"<html>
<head><title>429 Too Many Requests</title></head>
<body>
<center><h1>429 Too Many Requests</h1></center>
<hr><center>openresty</center>
</body>
</html>
"
ORYHWUN5KAQSUSEW25ALT6WN5F6NCIPRDOM2T5UKU2LQJUSOAFVQ,,3000,failed,"{""data"":{""app-index"":3548200231,""eval-states"":[{},{""stack"":[0]}],""group-index"":1,""pc"":126},""message"":""TransactionPool.Remember: transaction N4SMVBNHZ6TNHXHUTNXGTVM2TR2MQA3ID7CM4E2S47PRPZAMBCBA: logic eval error: assert failed pc=126. Details: app=3548200231, pc=126, opcodes=app_global_get; \u003e; assert""}
"
6QWV3XSMJINUQWR2IQFS7BV22S3YXCERAYJJKCQUW5LD6YB5TGHA,,3000,failed,"<html>
<head><title>429 Too Many Requests</title></head>
<body>
<center><h1>429 Too Many Requests</h1></center>
<hr><center>openresty</center>
</body>
</html>
"
EOTJOIA2LWV7IYDS7HQB3YKTWECFPH6MVO2YL6FU5YTGUPW6HPJQ,,3000,failed,"<html>
<head><title>429 Too Many Requests</title></head>
<body>
<center><h1>429 Too Many Requests</h1></center>
<hr><center>openresty</center>
</body>
</html>
"
762BHQ6JGYZSHPVZJB4UBM5P2U4WDQUPO2FUT3MTC5FJCOQGEFZA,,3000,failed,"<html>
<head><title>429 Too Many Requests</title></head>
<body>
<center><h1>429 Too Many Requests</h1></center>
<hr><center>openresty</center>
</body>
</html>
"
XVFJ6CAVON77KHXHQDAE4UUIIJGARL73LWIQ57WQ2OFA65AYEBNQ,,3000,failed,"<html>
<head><title>429 Too Many Requests</title></head>
<body>
<center><h1>429 Too Many Requests</h1></center>
<hr><center>openresty</center>
</body>
</html>
"
6UAER3NIHJFS5QFZEGLJOILCOG46E5E6SOTU22JBU4FCHOYKLJTQ,,3000,failed,"<html>
<head><title>429 Too Many Requests</title></head>
<body>
<center><h1>429 Too Many Requests</h1></center>
<hr><center>openresty</center>
</body>
</html>
"
M4IRAOF7HRT565GHGPMKYG2WFV3DK4K27JU6XWFPONFP7D45K7LQ,7.940796613693237,2000,success,
VEF5PWT73R2BKQ5J7JIAFP5V7SWHQKMSEM5PVECYLF7NFTPOFHXA,10.68572187423706,2000,success,
62KQA5G4VQM7VCRT7DPJBD37XYPTNSEJPR44S3AJK4H7CP5OMLTA,,3000,failed,"{""data"":{""app-index"":3548200231,""eval-states"":[{},{""stack"":[0]}],""group-index"":1,""pc"":126},""message"":""TransactionPool.Remember: transaction JSQ3CSSKQGACD2EDIVIIE2RIJH2H6FF35WNH55H2BB36H4ZDMDRQ: logic eval error: assert failed pc=126. Details: app=3548200231, pc=126, opcodes=app_global_get; \u003e; assert""}
"
P3F2RK6XOO373NYM4CKZKBPEQ77JS35UE23OV4RV2IZYJXLPQDJQ,,3000,failed,"{""data"":{""app-index"":3548200231,""eval-states"":[{},{""stack"":[0]}],""group-index"":1,""pc"":126},""message"":""TransactionPool.Remember: transaction CE3A3LB5PH5BMLJAIEOVOEH5XJRFXZSAQ4D74YFBZSQHMCLU2LAA: logic eval error: assert failed pc=126. Details: app=3548200231, pc=126, opcodes=app_global_get; \u003e; assert""}
"
ORBXKRNWCRFX5OHB5SK6OC66RSVHL6V6YXU63VKE5W4JXIBJPT7A,,3000,failed,"{""data"":{""app-index"":3548200231,""eval-states"":[{},{""stack"":[0]}],""group-index"":1,""pc"":126},""message"":""TransactionPool.Remember: transaction VC7JHUPEYG47BPXW6AZ22C4IWAWS4WOC3FI4GNMG6SDJP6G3ZLCQ: logic eval error: assert failed pc=126. Details: app=3548200231, pc=126, opcodes=app_global_get; \u003e; assert""}
"
66PDR3V3BOZUG56LBUIQ7TFWB2XOOTUIIKNBRU2KVM77MK2PJAZQ,,3000,failed,"{""data"":{""app-index"":3548200231,""eval-states"":[{},{""stack"":[0]}],""group-index"":1,""pc"":126},""message"":""TransactionPool.Remember: transaction XPOKGYSXXNFBJLO55DFTO5EHDUDECPRZ5FHTPYVUJ6JVSSJ55BXA: logic eval error: assert failed pc=126. Details: app=3548200231, pc=126, opcodes=app_global_get; \u003e; assert""}
"
VK6IQTQD5SKO2OGMNVGDXRXKRR3C4SU5QSKNRDCIJUVRYTTBG6JA,,3000,failed,"{""data"":{""app-index"":3548200231,""eval-states"":[{},{""stack"":[0]}],""group-index"":1,""pc"":126},""message"":""TransactionPool.Remember: transaction 4OMZMFFTTNJYE27PEYHT5ARQMRRNX5R2UUOM24WUOHPMDDUQVOGQ: logic eval error: assert failed pc=126. Details: app=3548200231, pc=126, opcodes=app_global_get; \u003e; assert""}
"
JQNKINJVIYTCYIEXODR7CSFSVDQMSAEAXIN2KB4MBA3EFJZOULVQ,,3000,failed,"<html>
<head><title>429 Too Many Requests</title></head>
<body>
<center><h1>429 Too Many Requests</h1></center>
<hr><center>openresty</center>
</body>
</html>
"
LOZ7UZHZ4YJJ6HCLOJ3H5S73CDZAYBJCWGS6U4JGVVJ2FCBS6EPQ,3.3128597736358643,2000,success,
3DEBPSMQEXGT5NOHL55UN3U7AO5THSE34XSYGTJJFOEYHXPYD4NA,4.301158905029297,2000,success,
2XC6UJDGCHNXRV5OUTLGVFLV3NKMVEQ4GUSQG3TKTMUBTSHT4P2A,,3000,failed,"<html>
<head><title>429 Too Many Requests</title></head>
<body>
<center><h1>429 Too Many Requests</h1></center>
<hr><center>openresty</center>
</body>
</html>
"
PXUWO45IMZQE4U75M6VEUJVR2RBTRKL5BRZ4AIQLCJDYPKDB47EA,,3000,failed,"{""data"":{""app-index"":3548200231,""eval-states"":[{},{""stack"":[0]}],""group-index"":1,""pc"":126},""message"":""TransactionPool.Remember: transaction RACTE5OTBODO5ZUR77MT65BH2SAYCU2EDN3E2ZN7QUSMQ35LY6GQ: logic eval error: assert failed pc=126. Details: app=3548200231, pc=126, opcodes=app_global_get; \u003e; assert""}
"
3BJNJGQHQCR76OKP7O2R7FD6LTBASJ3H63HRQEHI6PH2FRFSTZUA,,3000,failed,"<html>
<head><title>429 Too Many Requests</title></head>
<body>
<center><h1>429 Too Many Requests</h1></center>
<hr><center>openresty</center>
</body>
</html>
"
Q7ZH7IEGYQ7CKKFUQSWYFOPROL7QTWHERWQQY5ON5TONSNJ67GZA,4.468105316162109,2000,success,
2NQHQ4RJPXCXGS24RMDY4H4J3E7UOCCVILE5TJV3467Y4TH3S6OA,,3000,failed,"<html>
<head><title>429 Too Many Requests</title></head>
<body>
<center><h1>429 Too Many Requests</h1></center>
<hr><center>openresty</center>
</body>
</html>
"
NXG3SYV6HJ4O4U5MN35WLW4T6CN4RTT6KVAQEOPOVIPNA2F7ZO7A,,3000,failed,"<html>
<head><title>429 Too Many Requests</title></head>
<body>
<center><h1>429 Too Many Requests</h1></center>
<hr><center>openresty</center>
</body>
</html>
"
PSQFNG3JNV2QLQNGN4MYOUYFFMLZ4YS5ZYLYIHW664QC2FEXP2WQ,,3000,failed,"<html>
<head><title>429 Too Many Requests</title></head>
<body>
<center><h1>429 Too Many Requests</h1></center>
<hr><center>openresty</center>
</body>
</html>
"
SUQF2K3APMSWYWAZC7SVAV5DRZHWHKV2C2Z4XIAX7A3DJ2EQ5VQQ,,3000,failed,"<html>
<head><title>429 Too Many Requests</title></head>
<body>
<center><h1>429 Too Many Requests</h1></center>
<hr><center>openresty</center>
</body>
</html>
"
KRQOTC37N7U3HT27JOA2ICZ332WDAFYHUFJ2LK6KVWHYQ4D5GSIA,,3000,failed,"<html>
<head><title>429 Too Many Requests</title></head>
<body>
<center><h1>429 Too Many Requests</h1></center>
<hr><center>openresty</center>
</body>
</html>
"
2ETB6OVNHHMLIJSE5QDEGDOTQSUZWXNNFS2W5XL4736JUGF5RB4Q,,3000,failed,"<html>
<head><title>429 Too Many Requests</title></head>
<body>
<center><h1>429 Too Many Requests</h1></center>
<hr><center>openresty</center>
</body>
</html>
"
W6QZREAOXWYA5TVWVRHFT3PES3IEBBAZSFUXJXCGSNXGTZHW224Q,,3000,failed,"<html>
<head><title>429 Too Many Requests</title></head>
<body>
<center><h1>429 Too Many Requests</h1></center>
<hr><center>openresty</center>
</body>
</html>
"
VGVJVPPY4KOHRTMFPUBSPYWWUCK3LXDQPRRTIKS7BWKPEY2JEHKA,,3000,failed,"<html>
<head><title>429 Too Many Requests</title></head>
<body>
<center><h1>429 Too Many Requests</h1></center>
<hr><center>openresty</center>
</body>
</html>
"
PKAXQJ6O6LXZXGIHM6E6VPO6QHSP4QI3YJPTISFWQRXPW26VYVQA,5.509433269500732,2000,success,
62OTGIDIC6TUPYDIYYKFD3WH3WXRQSXV3POSAWDD7RKS7DRLDMQA,8.541447639465332,2000,success,
FUGBUOJBEKBY5UO4DPIIRYYBI5REZNOHSSG5PVOVZETRIDSPGIYQ,11.681432247161865,2000,success,
JWJYJOP7MUU7PB5EFYSV2UI2WYRZUWWPSINQMZXCNL3WIF2RQ4MA,7.710370063781738,2000,success,
DFPK4HO27Y6F6TST3F65KPZWXUW3HCXBJO55J7YFA7R26LZTREGQ,,3000,failed,"{""data"":{""app-index"":3548200231,""eval-states"":[{},{""stack"":[0]}],""group-index"":1,""pc"":126},""message"":""TransactionPool.Remember: transaction STH36746QLUPU7B6NA7JEL7HCPFJQ3LYYXJQYEVJ2GJQJOJ43ZQQ: logic eval error: assert failed pc=126. Details: app=3548200231, pc=126, opcodes=app_global_get; \u003e; assert""}
"
FJPH4Q5GGCWFBGDIU4KSH7NOB5B4HUTAMXTVP3S7DAMNMKO3ZZUA,,3000,failed,"{""data"":{""app-index"":3548200231,""eval-states"":[{},{""stack"":[0]}],""group-index"":1,""pc"":126},""message"":""TransactionPool.Remember: transaction AZ6NL72OJPXEPRZXDYIXTPZOUSM24SCEYUWVXH6UWH5MVTLXYVLQ: logic eval error: assert failed pc=126. Details: app=3548200231, pc=126, opcodes=app_global_get; \u003e; assert""}
"
AMXYWI3H4FIZEAPANX2OU3AMCYP4BDKHP622CQIN4Q6TS4CQ7XEA,,3000,failed,"{""data"":{""app-index"":3548200231,""eval-states"":[{},{""stack"":[0]}],""group-index"":1,""pc"":126},""message"":""TransactionPool.Remember: transaction QVH7AVPOV5ZNU3YMCBLCB43BWY5R6UMGYEQEMHHVXLLYKUGZDONA: logic eval error: assert failed pc=126. Details: app=3548200231, pc=126, opcodes=app_global_get; \u003e; assert""}
"
AXFXY6YOLJ2NCOG3IXZBPTNXSSKXERMTRVT7R3E75GP4ATI3YCUA,,3000,failed,"{""data"":{""app-index"":3548200231,""eval-states"":[{},{""stack"":[0]}],""group-index"":1,""pc"":126},""message"":""TransactionPool.Remember: transaction YPH2CNN5ZXVEO3GZ6XXMFULLSKDXEKPLZ5U3CFPFQXHRSKFXJOLQ: logic eval error: assert failed pc=126. Details: app=3548200231, pc=126, opcodes=app_global_get; \u003e; assert""}
"
J3XDSW6DH4KNHUQ7RZI4A7IBX5Y7GPGKGMWYOXKTQQTB3WCPKX5Q,,3000,failed,"{""data"":{""app-index"":3548200231,""eval-states"":[{},{""stack"":[0]}],""group-index"":1,""pc"":126},""message"":""TransactionPool.Remember: transaction 6HQB7ULUVLYRHGLRVHWTKSW4BXCX5XYCCIF2DXOOIE3N6UER73QQ: logic eval error: assert failed pc=126. Details: app=3548200231, pc=126, opcodes=app_global_get; \u003e; assert""}
"
W4XNPD77TUF26UCHRQSMWJ4FEM4SZVGAXTUR3ZE5GAIBYJL564TA,,3000,failed,"{""data"":{""app-index"":3548200231,""eval-states"":[{},{""stack"":[0]}],""group-index"":1,""pc"":126},""message"":""TransactionPool.Remember: transaction ABUMKZW6CF5D7WJYN2DWKTN2GSCDCGIMK6RTXOBIFUYZKSGGTQJA: logic eval error: assert failed pc=126. Details: app=3548200231, pc=126, opcodes=app_global_get; \u003e; assert""}
"
H7B4DXD6J3NJXGIUP7KA535XDRKPAH7KOBQK2KVKOUQM3GBOJVNA,,3000,failed,"{""data"":{""app-index"":3548200231,""eval-states"":[{},{""stack"":[0]}],""group-index"":1,""pc"":126},""message"":""TransactionPool.Remember: transaction 625KGJI5F6XDVDUYMTWWD3IVUFKBNDYVMPK6RDCHA2N5VR3D4FAQ: logic eval error: assert failed pc=126. Details: app=3548200231, pc=126, opcodes=app_global_get; \u003e; assert""}
"
KI5E6R2JGBAKEUAOLV5ZK443OJ4VN6JB2VVPLCKUVXPKOPS6256A,,3000,failed,"<html>
<head><title>429 Too Many Requests</title></head>
<body>
<center><h1>429 Too Many Requests</h1></center>
<hr><center>openresty</center>
</body>
</html>
"
GUS357LAJ3RW7EVKZEVLD6LW5GUXA45QFOJ3Q3LRDXRHTKWT3HCQ,,3000,failed,"{""data"":{""app-index"":3548200231,""eval-states"":[{},{""stack"":[0]}],""group-index"":1,""pc"":126},""message"":""TransactionPool.Remember: transaction 42U4BQQ4FQMCOWIS542WNMN7KVRU2CIHGLW273LHLRKOCHTSI4WQ: logic eval error: assert failed pc=126. Details: app=3548200231, pc=126, opcodes=app_global_get; \u003e; assert""}
"
BKIEDBPC4CUEJLCWPZ4RKOFRTS4PFO3ITSBTQP265S7ZGUN5HVSA,,3000,failed,"<html>
<head><title>429 Too Many Requests</title></head>
<body>
<center><h1>429 Too Many Requests</h1></center>
<hr><center>openresty</center>
</body>
</html>
"
L6FN6MIEG65VALQK7VASKNWUDAK4FYS2S5EMPEPAHRR53WZASRDQ,,3000,failed,"{""data"":{""app-index"":3548200231,""eval-states"":[{},{""stack"":[0]}],""group-index"":1,""pc"":126},""message"":""TransactionPool.Remember: transaction DVAM4LTB2I54HYRGTKPH77BNAZTJ7SJKN3W2L57ERSK6LWPZCOBA: logic eval error: assert failed pc=126. Details: app=3548200231, pc=126, opcodes=app_global_get; \u003e; assert""}
"
EAXE3GAK7UMKLL4JF3EOFCEEON65ARTYRW4KB4P4FCIHJH2XONLA,9.491038799285889,2000,success,
CB3XOTRZ2KP45WEXY5MGQVVWBZCZA5V2QGLU7QH5R4CADKQ5U2PQ,4.0886030197143555,2000,success,
KAPJLIHETKXDVZUVFWNEYE5J7DOK42V4W3WOZ6RFYE4JMRBSVMKQ,,3000,failed,"<html>
<head><title>429 Too Many Requests</title></head>
<body>
<center><h1>429 Too Many Requests</h1></center>
<hr><center>openresty</center>
</body>
</html>
"
GNW2KJBAWOZ3TSZHMELWTS7I5UZ556L4G4IGXO276MFIALADS6ZA,,3000,failed,"<html>
<head><title>429 Too Many Requests</title></head>
<body>
<center><h1>429 Too Many Requests</h1></center>
<hr><center>openresty</center>
</body>
</html>
"
CRVL5DKAVNXTXI27UGTQOIGCRZT6E7DNA7TCEU6PDGZRD4DMRK5A,4.334210157394409,2000,success,
JQ5QPFD7KRPA2H6QORMGXEDBEYP4BYCHFKRCXZ7HWCCBQ3XWFFBQ,4.238068103790283,2000,success,
7GTZMWZMLTLITCWT66V256VPXWSFORY5TQO4D2RGICAQASC3MAPA,,3000,failed,"<html>
<head><title>429 Too Many Requests</title></head>
<body>
<center><h1>429 Too Many Requests</h1></center>
<hr><center>openresty</center>
</body>
</html>
"
VRHKX5VUT4LXBUDKADH25QVOPLUEFG6SI3JNB6G2XNRUECZK7FTQ,5.78466796875,2000,success,
YBI32LXGAVOPMHDW7SCQVKRUWEJ25UKG67P4GNCZQWZAZXW6OTSQ,,3000,failed,"{""data"":{""app-index"":3548200231,""eval-states"":[{},{""stack"":[0]}],""group-index"":1,""pc"":126},""message"":""TransactionPool.Remember: transaction 2MF5PZTZZ6POVZPO3PBP46JOKQYKHVEQQWXTU6PUAKSYLVYI7AJA: logic eval error: assert failed pc=126. Details: app=3548200231, pc=126, opcodes=app_global_get; \u003e; assert""}
"
U3A3JPV4WZ3DQRHMGI5O6UVNVPLDLI5J7LXSKCW5XIHOHDSADFAA,,3000,failed,"<html>
<head><title>429 Too Many Requests</title></head>
<body>
<center><h1>429 Too Many Requests</h1></center>
<hr><center>openresty</center>
</body>
</html>
"
RCTSD6Z7UTAREA6G3PGAJYC7CLPSA3VVUVX7WVSTKB7NI4GJS2PQ,,3000,failed,"<html>
<head><title>429 Too Many Requests</title></head>
<body>
<center><h1>429 Too Many Requests</h1></center>
<hr><center>openresty</center>
</body>
</html>
"
SYD55EZLGG3XCZOMVSFMKPLDPH7LWOEH7RCF6EG7AGKNFLIYWDCQ,6.343260049819946,2000,success,
ESN4XLP5P2DMSFO76NUGRTWHPM3BNJNUOJFHZ76OU3NOBFF3EJOA,6.452136516571045,2000,success,
CKMWYAYCJDIPLBXLK4HGXMXM4MVCPRH6OZKQB55LNAWV753N2JDA,6.539527177810669,2000,success,
NY5XLQ2WDTU2AQGVFCQFO3KAWANIZ3NDTXRRZAUP77HSCSRWQ7IA,,3000,failed,"{""data"":{""app-index"":3548200231,""eval-states"":[{},{""stack"":[0]}],""group-index"":1,""pc"":126},""message"":""TransactionPool.Remember: transaction 3FTY3ZSHKHSQCAXDVIBIV4Y6OGEWEDQRZHQ32HG4SFBKN3M2WPSQ: logic eval error: assert failed pc=126. Details: app=3548200231, pc=126, opcodes=app_global_get; \u003e; assert""}
"
U3CXQZINWZP5HOWFDLTOJXHP7Y4MBGOPOSFF4AUWAKWDBJLBDGJA,,3000,failed,"<html>
<head><title>429 Too Many Requests</title></head>
<body>
<center><h1>429 Too Many Requests</h1></center>
<hr><center>openresty</center>
</body>
</html>
"
BZZ2RXLA2FS3DQ44IHRYDP6BD6PUZV5HGG3BMGYSYCN5BVPZUT4A,,3000,failed,"{""data"":{""app-index"":3548200231,""eval-states"":[{},{""stack"":[0]}],""group-index"":1,""pc"":126},""message"":""TransactionPool.Remember: transaction EVOUEL73WXXTSAS2VGJRM6QSYOJBYAY6ZQRQX4MVJ4LAPY7D7S4A: logic eval error: assert failed pc=126. Details: app=3548200231, pc=126, opcodes=app_global_get; \u003e; assert""}
"
JQHGEEBFPUKMDRYPTFNS62SLEYUWUN6JNGAX6JPQQHKAM67XEF4Q,,3000,failed,"{""data"":{""app-index"":3548200231,""eval-states"":[{},{""stack"":[0]}],""group-index"":1,""pc"":126},""message"":""TransactionPool.Remember: transaction SARMATXEZFIN4TULI4GG6LIN2UMBU6YMCT4ASSLT4WZVWR5IZVKQ: logic eval error: assert failed pc=126. Details: app=3548200231, pc=126, opcodes=app_global_get; \u003e; assert""}
"
NDAOG5CGDHCAIBNUXSGYBOT37X2SLPMXKGIGBXC3NZTS72XCGGDA,,3000,failed,"<html>
<head><title>429 Too Many Requests</title></head>
<body>
<center><h1>429 Too Many Requests</h1></center>
<hr><center>openresty</center>
</body>
</html>
"
R7PONUGJADZSIEF2OUGO3FF47EWOJWWEZQBMHPHJDJBZAOQPZYSA,,3000,failed,"<html>
<head><title>429 Too Many Requests</title></head>
<body>
<center><h1>429 Too Many Requests</h1></center>
<hr><center>openresty</center>
</body>
</html>
"
KIQUPLOAPQOAC2OVAAOG753IHA6UZPTTWN7MSIMCOVWUMKVYNZSQ,,3000,failed,"{""data"":{""app-index"":3548200231,""eval-states"":[{},{""stack"":[0]}],""group-index"":1,""pc"":126},""message"":""TransactionPool.Remember: transaction TSNBLOCPQVDKQTEHMUWTV4YDJNB6QNGUBUD4OXPZEWHVIPVYAS6A: logic eval error: assert failed pc=126. Details: app=3548200231, pc=126, opcodes=app_global_get; \u003e; assert""}
"
VUGX6LY5TDI7NLCR4DD27YXO2OA4IPSGDELWZRW4JUPRGET3HRTA,,3000,failed,"{""data"":{""app-index"":3548200231,""eval-states"":[{},{""stack"":[0]}],""group-index"":1,""pc"":126},""message"":""TransactionPool.Remember: transaction NHW4WAZHKISCBCMRGI3FZFJB6PVQS3VAV4CRHQEUJRXYOVTU6PRQ: logic eval error: assert failed pc=126. Details: app=3548200231, pc=126, opcodes=app_global_get; \u003e; assert""}
"
HP644RDPPQTRAXGIKU46LDURLVUCP4V7QOYUPFS3WO2N6ZTALDMQ,6.553598165512085,2000,success,
VD5R5RNVSHXFGCONUOKAXTFUG34NFVP3WEUFUT4UKQYB4U4NJUOA,5.263671159744263,2000,success,
RAF57TRNZU4Q53MNN4R7TYQHZ35KRUXLHEIDYB7LCHCNJBBZN4IA,,3000,failed,"{""data"":{""app-index"":3548200231,""eval-states"":[{},{""stack"":[0]}],""group-index"":1,""pc"":126},""message"":""TransactionPool.Remember: transaction 45TSJNMG5M3BPHA5GFIYY6ZADSD42D7SGTRQUXYG5ZEQTPDE4I3Q: logic eval error: assert failed pc=126. Details: app=3548200231, pc=126, opcodes=app_global_get; \u003e; assert""}
"
P3GG5WOBOYML3EAB5WROD5ZZB53EBYJLD5JOAQ6C6BSXHDJMHDPA,,3000,failed,"<html>
<head><title>429 Too Many Requests</title></head>
<body>
<center><h1>429 Too Many Requests</h1></center>
<hr><center>openresty</center>
</body>
</html>
"
EROS6ZCJH327X244NHBXN7YIPEAXXFSO7D2BZ2CKMJ5NAJCECW5A,10.942248106002808,2000,success,
2YGDR33HP4VDUXFUROU7QEY4YN4YO45FW7UY2KWCNYR5BBWAKLBA,,3000,failed,"<html>
<head><title>429 Too Many Requests</title></head>
<body>
<center><h1>429 Too Many Requests</h1></center>
<hr><center>openresty</center>
</body>
</html>
"
NHEICHT62BHT5YEV5GNZIKLAJWJCUYCJGUQESNPS53G4UVYBQMLQ,5.093568563461304,2000,success,
KCXWKVTFPG4AM4LEVJK52LOI5U7XTFO7Z7C7WUORBGUUPAUKGVVQ,,3000,failed,"{""data"":{""app-index"":3548200231,""eval-states"":[{},{""stack"":[0]}],""group-index"":1,""pc"":126},""message"":""TransactionPool.Remember: transaction FX7WQBFQXUF2UZZAN6DW3YDM34G75ZYF3K5BAQMGPWC5ATJQ4V7Q: logic eval error: assert failed pc=126. Details: app=3548200231, pc=126, opcodes=app_global_get; \u003e; assert""}
"
WK6ALBV5D6D5DNBN7NEGG7TADPX5WV2VVFLHGHTBRQBODDGHY2PQ,,3000,failed,"<html>
<head><title>429 Too Many Requests</title></head>
<body>
<center><h1>429 Too Many Requests</h1></center>
<hr><center>openresty</center>
</body>
</html>
"
MYZ5UJ2BSWTZ4Y7ZVSTZ2QAUINKBT6AEYIAOQOW7LSC6KNWW2RPA,,3000,failed,"<html>
<head><title>429 Too Many Requests</title></head>
<body>
<center><h1>429 Too Many Requests</h1></center>
<hr><center>openresty</center>
</body>
</html>
"
UACDX2P3ZB66CU7UA4L4OK737IXFFHLQH6VKUHLTEXFU62TX5EXQ,,3000,failed,"{""data"":{""app-index"":3548200231,""eval-states"":[{},{""stack"":[0]}],""group-index"":1,""pc"":126},""message"":""TransactionPool.Remember: transaction 5LWU27ZZTTKLU3K7ZYUHYAV2XNHJXQRR6LXIS335ONKL6CQCADZA: logic eval error: assert failed pc=126. Details: app=3548200231, pc=126, opcodes=app_global_get; \u003e; assert""}
"
SLJI5NDAOYXAENKUYROH6YBW3R4I4KJ5FNTCYS3XZSHUPUKD74CA,,3000,failed,"<html>
<head><title>429 Too Many Requests</title></head>
<body>
<center><h1>429 Too Many Requests</h1></center>
<hr><center>openresty</center>
</body>
</html>
"
2NN5SGTCOK2Q47ZKRBCQEU5CWUP22FRIIYN4Q2OPU2U5NACIEXOA,,3000,failed,"<html>
<head><title>429 Too Many Requests</title></head>
<body>
<center><h1>429 Too Many Requests</h1></center>
<hr><center>openresty</center>
</body>
</html>
"
X3DEVDINS6U4VWSOGS7JNMSYXID5MWIHBTDYRL7N522NSNP3K3SQ,,3000,failed,"<html>
<head><title>429 Too Many Requests</title></head>
<body>
<center><h1>429 Too Many Requests</h1></center>
<hr><center>openresty</center>
</body>
</html>
"
OU57I3II6JT3DTMJL5KHBYZJI3Y6KQYEZHOEMOFSW6BYX4H3LHYA,,3000,failed,"<html>
<head><title>429 Too Many Requests</title></head>
<body>
<center><h1>429 Too Many Requests</h1></center>
<hr><center>openresty</center>
</body>
</html>
"
MIQZLFZAMGJTZZO4ODA4YOWAPXWLVZFF3FSMXBB2YELIFLX5FGDA,,3000,failed,"<html>
<head><title>429 Too Many Requests</title></head>
<body>
<center><h1>429 Too Many Requests</h1></center>
<hr><center>openresty</center>
</body>
</html>
"
AUJWA5CRZ2I7JIJKE5P7BNJXPU54FUQHPWYJXMWJLH3BZDEA62XQ,,3000,failed,"<html>
<head><title>429 Too Many Requests</title></head>
<body>
<center><h1>429 Too Many Requests</h1></center>
<hr><center>openresty</center>
</body>
</html>
"
7F5HB6WV7NTNC3I7VDGWCU5THU4UVCP5NFN3ELAOKYLYJNCTTOUA,,3000,failed,"<html>
<head><title>429 Too Many Requests</title></head>
<body>
<center><h1>429 Too Many Requests</h1></center>
<hr><center>openresty</center>
</body>
</html>
"
62H72KXEW6BMGDAG3KOFNPCOLKKJMTZSRO4IX35GAJQ5NIHV2TTQ,,3000,failed,"<html>
<head><title>429 Too Many Requests</title></head>
<body>
<center><h1>429 Too Many Requests</h1></center>
<hr><center>openresty</center>
</body>
</html>
"
YHEWGKXQ7CSF77TY4DOSE524TRJGDM2QBTIL7I66TEA5USG4PGVQ,,3000,failed,"{""data"":{""app-index"":3548200231,""eval-states"":[{},{""stack"":[0]}],""group-index"":1,""pc"":126},""message"":""TransactionPool.Remember: transaction K7WRZREV2BX4HFT55WLSJIJG2L37DEP5TIQ6E4JMW4X7CBVEIPXA: logic eval error: assert failed pc=126. Details: app=3548200231, pc=126, opcodes=app_global_get; \u003e; assert""}
"
LIDVYB5IOHAUQ3S4IXYBUMTUDOAQWP7ORHGH4G3XFTDY3Y4HSUXA,,3000,failed,"<html>
<head><title>429 Too Many Requests</title></head>
<body>
<center><h1>429 Too Many Requests</h1></center>
<hr><center>openresty</center>
</body>
</html>
"
MFD7SUPEDQNPDJ64WCPUL3PVBJEK5FVU4EMPLQBS5F5HOKDCW45Q,,3000,failed,"<html>
<head><title>429 Too Many Requests</title></head>
<body>
<center><h1>429 Too Many Requests</h1></center>
<hr><center>openresty</center>
</body>
</html>
"
FVV62R3QCCRYT2VTILJS7VT4RM3BKV6UA3LBGWBLA5HTBUFF2EQA,,3000,failed,"<html>
<head><title>429 Too Many Requests</title></head>
<body>
<center><h1>429 Too Many Requests</h1></center>
<hr><center>openresty</center>
</body>
</html>
"
PQ7MMOY3JN32ZVL4DTEHVEA4XUIW4HILIXYXH7DL3OZHXAKBFWNQ,,3000,failed,"<html>
<head><title>429 Too Many Requests</title></head>
<body>
<center><h1>429 Too Many Requests</h1></center>
<hr><center>openresty</center>
</body>
</html>
"
NPRBSUGZ5H7JOMMMG4FJY2PHK34FNONEJOSY5J66WOLROMOM7ZSA,,3000,failed,"<html>
<head><title>429 Too Many Requests</title></head>
<body>
<center><h1>429 Too Many Requests</h1></center>
<hr><center>openresty</center>
</body>
</html>
"
SNVGJ6A6RFSJ3L2MZWTTN62BGTVMDLZGTSODMISBD4RPUHRAMCRA,,3000,failed,"<html>
<head><title>429 Too Many Requests</title></head>
<body>
<center><h1>429 Too Many Requests</h1></center>
<hr><center>openresty</center>
</body>
</html>
"
6KR6A3QHPNWBB6K4HHBGFCQZQGX5BIC3RUMTX7ZCV6QH5XJN2OEA,,3000,failed,"{""data"":{""app-index"":3548200231,""eval-states"":[{},{""stack"":[0]}],""group-index"":1,""pc"":126},""message"":""TransactionPool.Remember: transaction 7CQNOWGG3E32K3V4IZ3TNN6KOBT5X3Y7QWNT2SQFD2Y3H5GZEUVA: logic eval error: assert failed pc=126. Details: app=3548200231, pc=126, opcodes=app_global_get; \u003e; assert""}
"
GVAPSUHQWBYUSHXOI3WQPKUOPKUJEXWJKHRKXARITPDQCSFUYY3Q,,3000,failed,"<html>
<head><title>429 Too Many Requests</title></head>
<body>
<center><h1>429 Too Many Requests</h1></center>
<hr><center>openresty</center>
</body>
</html>
"
JEWTD4UNYA5CNACJSXORRAKHFNSOTUDXE776AFY5AG35RZJUVSRQ,,3000,failed,"{""data"":{""app-index"":3548200231,""eval-states"":[{},{""stack"":[0]}],""group-index"":1,""pc"":126},""message"":""TransactionPool.Remember: transaction 4YODT3HYNM3QSC3TS4U2IK2H62AN3JSLNMULID74MSTBRLM6FD6Q: logic eval error: assert failed pc=126. Details: app=3548200231, pc=126, opcodes=app_global_get; \u003e; assert""}
"
YOECQVDXDYUCBDJUBL25UMA5IO5GTMJEGPNUDC57AJ44QKNDH3VQ,,3000,failed,"{""data"":{""app-index"":3548200231,""eval-states"":[{},{""stack"":[0]}],""group-index"":1,""pc"":126},""message"":""TransactionPool.Remember: transaction ZLRZZ3BO626RPPJAHV5NKFHJRYWDA6QJQCIZVFR6NIZ2RQOOX6BA: logic eval error: assert failed pc=126. Details: app=3548200231, pc=126, opcodes=app_global_get; \u003e; assert""}
"
2JNYWONA3EF3PS65AFF74ZKZS37FFYYA2ALBLGUQQDZCHX6BPBWA,,3000,failed,"<html>
<head><title>429 Too Many Requests</title></head>
<body>
<center><h1>429 Too Many Requests</h1></center>
<hr><center>openresty</center>
</body>
</html>
"
ELY44O2OVPBHPVHXO64QPSFWXG26KCZSBIXCYTW4OLL7USJIBAMQ,,3000,failed,"<html>
<head><title>429 Too Many Requests</title></head>
<body>
<center><h1>429 Too Many Requests</h1></center>
<hr><center>openresty</center>
</body>
</html>
"
SMQ3QU6BRLWXBT7EVAME6CTTTBZCCAEEWKVR2N4JSXIUYVX4SSAA,,3000,failed,"{""data"":{""app-index"":3548200231,""eval-states"":[{},{""stack"":[0]}],""group-index"":1,""pc"":126},""message"":""TransactionPool.Remember: transaction LCNM32PH5DQHBZRVHZALXSBTVMIEZTF3BPPYZSL5VBGZJ4FTZKZA: logic eval error: assert failed pc=126. Details: app=3548200231, pc=126, opcodes=app_global_get; \u003e; assert""}
"
S7EMNND7REFV6M4KIESYVCEJHVHGFGZZYOCKABKWXOYWLI7LEMQA,7.504642724990845,2000,success,
A4BESA2STVCNUFYNOJZLU77A42WUMWDL4YDRL5BNEOZVO573TOVA,,3000,failed,"{""data"":{""app-index"":3548200231,""eval-states"":[{},{""stack"":[0]}],""group-index"":1,""pc"":126},""message"":""TransactionPool.Remember: transaction 3AGNWPQSCKO5675AMYXT7RTPITYGR3FLVBUXSUGOUIFTQQUTAWYA: logic eval error: assert failed pc=126. Details: app=3548200231, pc=126, opcodes=app_global_get; \u003e; assert""}
"
VMJU7OLSDULSIATF5JCGQIS4IQA364M364PSBOCNN4IQUCIJZWEA,,3000,failed,"<html>
<head><title>429 Too Many Requests</title></head>
<body>
<center><h1>429 Too Many Requests</h1></center>
<hr><center>openresty</center>
</body>
</html>
"
H3A7VPGJAJJFBE2HNRA3FEOXF33MXZUKHLQKRTZACPHVMSKKTJQA,,3000,failed,"<html>
<head><title>429 Too Many Requests</title></head>
<body>
<center><h1>429 Too Many Requests</h1></center>
<hr><center>openresty</center>
</body>
</html>
"
YKGVGNZPJR4XO4DHEOTN4PDHTHTJZG4SVA2UTLFKXB3A4NJ6NUJA,,3000,failed,"{""data"":{""app-index"":3548200231,""eval-states"":[{},{""stack"":[0]}],""group-index"":1,""pc"":126},""message"":""TransactionPool.Remember: transaction XLPDZSREYDBYM5WWJ3DJWG3TTKNVPTIJOOQHLTMC5PMH67HPDIUQ: logic eval error: assert failed pc=126. Details: app=3548200231, pc=126, opcodes=app_global_get; \u003e; assert""}
"
BNZM5CTXDFWISFERNI3P6AOV74L2CUNZW2P3SACGRHD5FGZ2WQDQ,7.994289398193359,2000,success,
XXL47IHY73QAW7IHLZOSMZ2VUPBZ7GYCOU7CV5TZXOR7LKEXSINQ,,3000,failed,"<html>
<head><title>429 Too Many Requests</title></head>
<body>
<center><h1>429 Too Many Requests</h1></center>
<hr><center>openresty</center>
</body>
</html>
"
3UCWBZSGES6X3UVTMTMXDPJLTYNAES4QNSZSUADA5TKQPPFJJYHA,,3000,failed,"{""data"":{""app-index"":3548200231,""eval-states"":[{},{""stack"":[0]}],""group-index"":1,""pc"":126},""message"":""TransactionPool.Remember: transaction UI372G2S3HV36HVFWDGS4NB6OFCDCA2RY6MUR2OH727RCXMJDEFQ: logic eval error: assert failed pc=126. Details: app=3548200231, pc=126, opcodes=app_global_get; \u003e; assert""}
"
VHBOHNI3ZQK4277MLW32MSCKHQ7AVOAKQ6WKVY2DORCJJQUSM7YQ,,3000,failed,"{""data"":{""app-index"":3548200231,""eval-states"":[{},{""stack"":[0]}],""group-index"":1,""pc"":126},""message"":""TransactionPool.Remember: transaction ZLXWAJ3NNM4YA4DFDOHRDUPS7IEX66ZR3RMMSWJQ2MSXIOMSJYDA: logic eval error: assert failed pc=126. Details: app=3548200231, pc=126, opcodes=app_global_get; \u003e; assert""}
"
I6CGXTWTXEKGEQZ7Z6EYUHJV44GIHDK4ZJSUDXDXV6KDLMOZ3VMQ,,3000,failed,"<html>
<head><title>429 Too Many Requests</title></head>
<body>
<center><h1>429 Too Many Requests</h1></center>
<hr><center>openresty</center>
</body>
</html>
"
H7P4VKZ4LWHMSBQP6NKLLM2OBZ5ZSK2ZX3JRRF2ZSR67SK6M5M6A,,3000,failed,"{""data"":{""app-index"":3548200231,""eval-states"":[{},{""stack"":[0]}],""group-index"":1,""pc"":126},""message"":""TransactionPool.Remember: transaction Y4P47PEOVMF6V3TJFCBQXBCTTZCQKLTPRGUSUEDP6YMM7FJO2KEQ: logic eval error: assert failed pc=126. Details: app=3548200231, pc=126, opcodes=app_global_get; \u003e; assert""}
"
VQ4ABHXLXAL5GYMODGW5XKMQWOPNGJSDR5376O7WCY4EZCXIRGQA,,3000,failed,"<html>
<head><title>429 Too Many Requests</title></head>
<body>
<center><h1>429 Too Many Requests</h1></center>
<hr><center>openresty</center>
</body>
</html>
"
25SJ4ROHBGZ6MPSCFAYRBQY67PKLMI6CPYPQWEG5PTS3CNM4DFEA,,3000,failed,"{""data"":{""app-index"":3548200231,""eval-states"":[{},{""stack"":[0]}],""group-index"":1,""pc"":126},""message"":""TransactionPool.Remember: transaction YKF6UPTJ362DWTRVYOOJRVBFH6B7MQRJU5LZT2ZZA47HWRJDVFMA: logic eval error: assert failed pc=126. Details: app=3548200231, pc=126, opcodes=app_global_get; \u003e; assert""}
"
WRF2VRYDQWSAS2C5MYOOHL6PAKJSYJKXLDIAP3BANVKJNC7MW7GQ,5.069149971008301,2000,success,
C4QK6T5V2SLXQGNLFEIIGQOYMDMCEKJWMHSETJ6PJOYZIGENP53Q,,3000,failed,"{""data"":{""app-index"":3548200231,""eval-states"":[{},{""stack"":[0]}],""group-index"":1,""pc"":126},""message"":""TransactionPool.Remember: transaction U7OROCMJOBTJR3MW3NO7T2EWORO3XGKI3XWWEEYVU7JEWALEMOYA: logic eval error: assert failed pc=126. Details: app=3548200231, pc=126, opcodes=app_global_get; \u003e; assert""}
"
VZXIUMVKEYYIM63VZTNBGNX7DVFZX75RKA4MPC5GJVPYLGCWWRPQ,,3000,failed,"<html>
<head><title>429 Too Many Requests</title></head>
<body>
<center><h1>429 Too Many Requests</h1></center>
<hr><center>openresty</center>
</body>
</html>
"
3VGOEB7ZCAXO6Z6CDTAOLY7WX7HZ2TAPT6BHE3AZBCVIKSGM34XQ,3.2993977069854736,2000,success,
KUAQZZNTFKA4J7OXXRC6YRJSEOZQUBORYAKSNGEO2XQGSRSYTBGA,,3000,failed,"<html>
<head><title>429 Too Many Requests</title></head>
<body>
<center><h1>429 Too Many Requests</h1></center>
<hr><center>openresty</center>
</body>
</html>
"
P3WINSEE3OLAPE2SM3UZ4MSXKEHXZZJ3LANNBIY27IN6ZQV22Q6Q,,3000,failed,"<html>
<head><title>429 Too Many Requests</title></head>
<body>
<center><h1>429 Too Many Requests</h1></center>
<hr><center>openresty</center>
</body>
</html>
"
YQTK2F5ILCB3FHDIZCFZFNKKMIVI7KRUZC66TYXOXNKUFOIRIOZA,,3000,failed,"<html>
<head><title>429 Too Many Requests</title></head>
<body>
<center><h1>429 Too Many Requests</h1></center>
<hr><center>openresty</center>
</body>
</html>
"
ONSTY2JUZI7I73HGKIH6U7SIB4XETX43PL5ERZ2C2WB7Q6Z4POJQ,,3000,failed,"{""data"":{""app-index"":3548200231,""eval-states"":[{},{""stack"":[0]}],""group-index"":1,""pc"":126},""message"":""TransactionPool.Remember: transaction 7AK5VZY4UUTOYFAOPCHZ2TQGODFB5SA6NOYC2RSNABFMXSB4L7NQ: logic eval error: assert failed pc=126. Details: app=3548200231, pc=126, opcodes=app_global_get; \u003e; assert""}
"
ZZ3YVDQNY7E7XUKCQG6CHQS6TUIH5FWTAPB6AFGDWIUQD3LOMILQ,,3000,failed,"<html>
<head><title>429 Too Many Requests</title></head>
<body>
<center><h1>429 Too Many Requests</h1></center>
<hr><center>openresty</center>
</body>
</html>
"
GTDRSNE6CMOAEWNQ3VDLR4NIX3WEMROM2TMSV775NVZKQ7FTIGNQ,5.6245105266571045,2000,success,
4JHKSKI2MVBARPH2I3KKNVIYOTLJTYAT7BJ4JQXFHDEK7ATAQLHA,,3000,failed,"{""data"":{""app-index"":3548200231,""eval-states"":[{},{""stack"":[0]}],""group-index"":1,""pc"":126},""message"":""TransactionPool.Remember: transaction TT25YD7GMYHH52XH3RVGOZ7SQVZYM7CRW56LRHJBPRWUA57V2GKA: logic eval error: assert failed pc=126. Details: app=3548200231, pc=126, opcodes=app_global_get; \u003e; assert""}
"
INZXAYUXH4E2PXUMDAPKO45NDP2KNRUITMVLZYD7HJ2CLSLS25YQ,,3000,failed,"<html>
<head><title>429 Too Many Requests</title></head>
<body>
<center><h1>429 Too Many Requests</h1></center>
<hr><center>openresty</center>
</body>
</html>
"
UBRST2EO5FWUQQWYCRRDSBG3KADENRBGPSFDLK4JT2RRZU2HZTRQ,,3000,failed,"<html>
<head><title>429 Too Many Requests</title></head>
<body>
<center><h1>429 Too Many Requests</h1></center>
<hr><center>openresty</center>
</body>
</html>
"
MAPAE7JMZQEBLY6HHJQLO73KXAANLKLN3EQM46MJY6CNCU52XFHA,4.304079294204712,2000,success,
B7FH7RAGPJSO4X3FDOMXSBTWCXOQACAKKCYXIX6NIN5FSPZ4RNJA,,3000,failed,"{""data"":{""app-index"":3548200231,""eval-states"":[{},{""stack"":[0]}],""group-index"":1,""pc"":126},""message"":""TransactionPool.Remember: transaction NO6Q63AAEMJOIX6KTGABEFMLK4YNYP5NAANLNQVI4HOCBPNI7BIQ: logic eval error: assert failed pc=126. Details: app=3548200231, pc=126, opcodes=app_global_get; \u003e; assert""}
"
5XZICRSB5DG5Y6XTWM266QQSBIE6JOZXDUKYKMFXKFNEZJILG6UQ,,3000,failed,"<html>
<head><title>429 Too Many Requests</title></head>
<body>
<center><h1>429 Too Many Requests</h1></center>
<hr><center>openresty</center>
</body>
</html>
"
S4Q7UJOW2IIK6IJKKHXNOPQLLB4AOFD4HQDTXDGK3UCWURLC3SVQ,,3000,failed,"{""data"":{""app-index"":3548200231,""eval-states"":[{},{""stack"":[0]}],""group-index"":1,""pc"":126},""message"":""TransactionPool.Remember: transaction RFSKGM27GS6DSETKD7JBHXZEATFHUNFTDQDAFBQTLTRSL3AQKB5Q: logic eval error: assert failed pc=126. Details: app=3548200231, pc=126, opcodes=app_global_get; \u003e; assert""}
"
Z7MAYBEK325XZW3XLACLOMLYHKEFCHDS3F4PMATU4RN5E2LYSQKA,,3000,failed,"<html>
<head><title>429 Too Many Requests</title></head>
<body>
<center><h1>429 Too Many Requests</h1></center>
<hr><center>openresty</center>
</body>
</html>
"
L7HAMVYSY4VE2SXV3VP2LSLZQN3AMKXTPNZAZGJO5YYRJU5WVL2A,4.292081832885742,2000,success,
YLKUFK7CUFWMQ3TKJ7I244VNSVULI3WEHWGI2GS4G53X5WX5PRWA,,3000,failed,"{""data"":{""app-index"":3548200231,""eval-states"":[{},{""stack"":[0]}],""group-index"":1,""pc"":126},""message"":""TransactionPool.Remember: transaction RDF5KXEFOH6KQZ4IZKD4XTWHYO7WCEDCVGKH4VOBL7V2OWOEQG3A: logic eval error: assert failed pc=126. Details: app=3548200231, pc=126, opcodes=app_global_get; \u003e; assert""}
"
F2I3MOZ5DLSQW55N5T5XWC7QZX3CSBLVF62L7V6YQUALWZAE43NA,3.922832727432251,2000,success,
JXNWSUYMXISKCLUXBVWP5NWIEWFH3O4H4DUTEJ7473RJIQLKTWFA,,3000,failed,"<html>
<head><title>429 Too Many Requests</title></head>
<body>
<center><h1>429 Too Many Requests</h1></center>
<hr><center>openresty</center>
</body>
</html>
"
W7NUZCVCNQ2ASSGEFHN2H2ABBUNKUHMLP5EZGKN4NNFTVEKJ4ZKQ,,3000,failed,"{""data"":{""app-index"":3548200231,""eval-states"":[{},{""stack"":[0]}],""group-index"":1,""pc"":126},""message"":""TransactionPool.Remember: transaction 6WHFIQXLAHC76A2PAZCFAFC6BEX2AU5FCNFMUJDPFOOUCFUCEWOQ: logic eval error: assert failed pc=126. Details: app=3548200231, pc=126, opcodes=app_global_get; \u003e; assert""}
"
YYK53D2ML4ZVQRXAWB7X5OSMV6WEJIMGADNDUMQSBEEJTK5B7PDA,4.31646203994751,2000,success,
BJOWGKDTFVTWNMK4KBAINSRVMZVTYXPLKYRAR634P6YNYCRUA6AQ,,3000,failed,"<html>
<head><title>429 Too Many Requests</title></head>
<body>
<center><h1>429 Too Many Requests</h1></center>
<hr><center>openresty</center>
</body>
</html>
"
4OO7NEGDJFHOMAVDRQTVECZ7FQDNC32ZZAMJBAEKHU3F6FYDSCQQ,4.526061534881592,2000,success,
AAXYJTR5VKXORE7QZ2QYM7OLI65ACOL5LHEE7PVVO6IKCAI5LLXQ,,3000,failed,"<html>
<head><title>429 Too Many Requests</title></head>
<body>
<center><h1>429 Too Many Requests</h1></center>
<hr><center>openresty</center>
</body>
</html>
"
GGWEJ7PVV37NCP2FWYCV3UW2UIO3AYR5F7BS4HU6C4NR3FTPR3IA,4.308105945587158,2000,success,
4L7X4RLMQDBQAEM236J2T7PNHXXKU5SG7HTEZGYORSZ3BS7GO6MQ,,3000,failed,"{""data"":{""app-index"":3548200231,""eval-states"":[{},{""stack"":[0]}],""group-index"":1,""pc"":126},""message"":""TransactionPool.Remember: transaction FQ7F5AO3EL2ZCTV7CO6GYGW7JLCVMPCFRYGGZXWW6LPDYKEE3H2A: logic eval error: assert failed pc=126. Details: app=3548200231, pc=126, opcodes=app_global_get; \u003e; assert""}
"
3DV2ML57FZXIT36HRYTV6ILIKYPX4IR24E55NADMWWIEY5XMXBHA,5.605252981185913,2000,success,
GRGCNBFRZONXIXR2S5GDYSTF7REQJQ5T63N4YMVJDZZC3KIB2JPA,,3000,failed,"{""data"":{""app-index"":3548200231,""eval-states"":[{},{""stack"":[0]}],""group-index"":1,""pc"":126},""message"":""TransactionPool.Remember: transaction HB2YGTYH5FNSSL55BHYPGK2H2WDVLPDCPJJUYG2P7O4B72VFFQYQ: logic eval error: assert failed pc=126. Details: app=3548200231, pc=126, opcodes=app_global_get; \u003e; assert""}
"
MPTCBLPJ43HEROZKWTH6PHYNUHCLVZ22H7FFXBENVCLXGKJEQQSQ,,3000,failed,"{""data"":{""app-index"":3548200231,""eval-states"":[{},{""stack"":[0]}],""group-index"":1,""pc"":126},""message"":""TransactionPool.Remember: transaction SZMCBG23YOOB5S45PS5ZXGGHCMGMARK2IYXSEHRSJ3XQRH7L2HPA: logic eval error: assert failed pc=126. Details: app=3548200231, pc=126, opcodes=app_global_get; \u003e; assert""}
"
72NL4QQN3NPSBBYVYQ4V4MO5POJ3YQ24ACBKEBVRNCCL4K6EHQSQ,,3000,failed,"<html>
<head><title>429 Too Many Requests</title></head>
<body>
<center><h1>429 Too Many Requests</h1></center>
<hr><center>openresty</center>
</body>
</html>
"
2V7PJBUY7GWBOPO2UDCKIZJHDV4JMFUTC3KRQ7WDTF7IOF5GPHJA,,3000,failed,"<html>
<head><title>429 Too Many Requests</title></head>
<body>
<center><h1>429 Too Many Requests</h1></center>
<hr><center>openresty</center>
</body>
</html>
"
3UPYFD4FYPLHHEZQD6PWWJS5CL5EIUWBGMJA7ATGJHUVHQ5WLYVQ,9.264420986175537,2000,success,
M4E37BOATDIT7WSTOZDYKHMP37K53XBVPBXUM65BVDOESOMZ5LKQ,,3000,failed,"<html>
<head><title>429 Too Many Requests</title></head>
<body>
<center><h1>429 Too Many Requests</h1></center>
<hr><center>openresty</center>
</body>
</html>
"
ELVX6KQRKAVABXUD2K5Y6XEYK26UNYIXKQN5BKL6JAINSUMNYXIA,,3000,failed,"<html>
<head><title>429 Too Many Requests</title></head>
<body>
<center><h1>429 Too Many Requests</h1></center>
<hr><center>openresty</center>
</body>
</html>
"
CIYYNPME4VMHYIN6QZSVTAOK6SET6S7ITM5YMYW2O7U5AVHVPIOQ,4.07136869430542,2000,success,
VG4AVBPBORJPFJ4DQOLLMPUOQGKXR4YGECPUMTA4XGJBSOBWKXFA,6.587862014770508,2000,success,
MVZFVYIEOB47QYGXZVIQYA4WL6BRJRH23Y36Z5OP5EMKP4K2CC2Q,,3000,failed,"<html>
<head><title>429 Too Many Requests</title></head>
<body>
<center><h1>429 Too Many Requests</h1></center>
<hr><center>openresty</center>
</body>
</html>
"
LOYQOGQANCEPCEB6RLKZXXDJZZ5QEK7LQM5J4EUNN2LRPJZ3AJYQ,4.508851766586304,2000,success,
ZDUB4H4RUFTAR7VSTXIZ4AIEN3XVH3QCWMCLTQROT2HTF3N6FY6A,,3000,failed,"{""data"":{""app-index"":3548200231,""eval-states"":[{},{""stack"":[0]}],""group-index"":1,""pc"":126},""message"":""TransactionPool.Remember: transaction KHXZKZIXCDFPNCJYWOXWTSHZ6J4JFLSLKZF5BJ3XFIZRLTFU33ZQ: logic eval error: assert failed pc=126. Details: app=3548200231, pc=126, opcodes=app_global_get; \u003e; assert""}
"
HAOGL3MMQD75MBDP3OZKL5K2WINJHB37CU5HJKH6LGBCLBEFPTAQ,,3000,failed,"{""data"":{""app-index"":3548200231,""eval-states"":[{},{""stack"":[0]}],""group-index"":1,""pc"":126},""message"":""TransactionPool.Remember: transaction 5GQUSNR5DBCKLKELVCAGBHLCCONSSD6RHLUQB3QXEXNFP7FYXNGQ: logic eval error: assert failed pc=126. Details: app=3548200231, pc=126, opcodes=app_global_get; \u003e; assert""}
"
FQQMZYSNPZ42RZRLPX5QIQXDMXOB2P5FM7MQRPNDKO2RMJKAANPQ,,3000,failed,"<html>
<head><title>429 Too Many Requests</title></head>
<body>
<center><h1>429 Too Many Requests</h1></center>
<hr><center>openresty</center>
</body>
</html>
"
WS774N7A3XUKJX3E6EKYSL4QO3IO4GBOLW3KBBOVS5BVRG44YRQQ,,3000,failed,"{""data"":{""app-index"":3548200231,""eval-states"":[{},{""stack"":[0]}],""group-index"":1,""pc"":126},""message"":""TransactionPool.Remember: transaction AO6JW3JEZE35SEDTXNZITKVY67RPOGDCJ6R6WP7EWW4VXIC5LTDQ: logic eval error: assert failed pc=126. Details: app=3548200231, pc=126, opcodes=app_global_get; \u003e; assert""}
"
QGRH5GER26IEGXPIOSWSLOEIPNCWEKFLZPPG6QS6BSPTGQVVYYEQ,,3000,failed,"<html>
<head><title>429 Too Many Requests</title></head>
<body>
<center><h1>429 Too Many Requests</h1></center>
<hr><center>openresty</center>
</body>
</html>
"
ZATQ2E2WRNWFK4NIX523UAK65R5DXFAOCVQXQCSHLXIB4XNZPPZA,5.575063943862915,2000,success,
VSRF3MHJV4FPULJA4IFN5R5U5TPN2XIQ7LKYNUJVX4LMD3XPHOBA,,3000,failed,"{""data"":{""app-index"":3548200231,""eval-states"":[{},{""stack"":[0]}],""group-index"":1,""pc"":126},""message"":""TransactionPool.Remember: transaction KNLAEHIE5MVYOLSVOI3CMIMNTSZVSXM5SFNOMNYLALWQGGGT4DLA: logic eval error: assert failed pc=126. Details: app=3548200231, pc=126, opcodes=app_global_get; \u003e; assert""}
"
CU3H2JKFD7FWRSP3JSUUPSKI3OOGUFW27CT7WRFPCM454PSOVPTQ,,3000,failed,"<html>
<head><title>429 Too Many Requests</title></head>
<body>
<center><h1>429 Too Many Requests</h1></center>
<hr><center>openresty</center>
</body>
</html>
"
Q5ANXM27XJD52A3U6VLTGHPLRO36HYDFSU56U6BC6L3WW3ZGCUHA,4.305247783660889,2000,success,
66JXUPBKYI7TKWCXA5IICLSWF6ZSDEJH7WHWJ5FZUVVFAVGMR6ZA,4.497590780258179,2000,success,
CV3LW6VTN4VPZVV3VXJROAMYMKYFFDOCMTAUM4Y3H4VSXY4ANGTQ,,3000,failed,"<html>
<head><title>429 Too Many Requests</title></head>
<body>
<center><h1>429 Too Many Requests</h1></center>
<hr><center>openresty</center>
</body>
</html>
"
OMMKYF57WX2TZNOSZMW3KC3BLOMN5LDTKMSA5QMIBYNCFMFINB5Q,,3000,failed,"{""data"":{""app-index"":3548200231,""eval-states"":[{},{""stack"":[0]}],""group-index"":1,""pc"":126},""message"":""TransactionPool.Remember: transaction EUFRU4BUGZ6VBINCAH2Q2TB3VXCMWQ55SKJQEFYI3BZIA6YF5YHA: logic eval error: assert failed pc=126. Details: app=3548200231, pc=126, opcodes=app_global_get; \u003e; assert""}
"
UX5NRN4RG2IH5JR37ML6WXZCX6LCG5GC6MJGZ5LCEL2B5BWFOSNQ,,3000,failed,"<html>
<head><title>429 Too Many Requests</title></head>
<body>
<center><h1>429 Too Many Requests</h1></center>
<hr><center>openresty</center>
</body>
</html>
"
V7KAWZEP42C5RNSZMXJPSMOB2INOURHOGTP3XJNYKBFFL6UNQZKA,,3000,failed,"{""data"":{""app-index"":3548200231,""eval-states"":[{},{""stack"":[0]}],""group-index"":1,""pc"":126},""message"":""TransactionPool.Remember: transaction 53I77A6J7CCPXIW7EI4BLDOMANW2C4HDXTAFMTCSNY7RE7E56D6A: logic eval error: assert failed pc=126. Details: app=3548200231, pc=126, opcodes=app_global_get; \u003e; assert""}
"
KILYRZTXFG366Z2KCB75IVBYJYT4L73XP2CBCEVE54NEY2CLIXSA,,3000,failed,"<html>
<head><title>429 Too Many Requests</title></head>
<body>
<center><h1>429 Too Many Requests</h1></center>
<hr><center>openresty</center>
</body>
</html>
"
2AJ7Y6TE77FKZLH5QTMZM5HRCYY2LCNDVODOAC5KZQDYHRYFLSIQ,,3000,failed,"<html>
<head><title>429 Too Many Requests</title></head>
<body>
<center><h1>429 Too Many Requests</h1></center>
<hr><center>openresty</center>
</body>
</html>
"
X6YEOYIV7ZHNMXIT3MNGGBU7X7F6DTEQBRGXDXQOWJIOX5IEUOXQ,,3000,failed,"{""data"":{""app-index"":3548200231,""eval-states"":[{},{""stack"":[0]}],""group-index"":1,""pc"":126},""message"":""TransactionPool.Remember: transaction YHMPHFW5FZYJ7FL7KJXY5AV52354YKLLGRMFY4BUSEQK27FTUMIQ: logic eval error: assert failed pc=126. Details: app=3548200231, pc=126, opcodes=app_global_get; \u003e; assert""}
"
7BSHQDD2CF7F7NA44E77X62QMAUPSXPAAZN3UFQ5BS6OOUADI25A,6.756771087646484,2000,success,
VICZSADIW5FDDKN2GW7BBL47XDUMW24PGZIX6INJSU5XHNQUNSIA,9.945017099380493,2000,success,
UMHESHX6HPHZOVC5X5QXDBK65N2BIBXELCDJKVWF5PGK35G25CKA,,3000,failed,"<html>
<head><title>429 Too Many Requests</title></head>
<body>
<center><h1>429 Too Many Requests</h1></center>
<hr><center>openresty</center>
</body>
</html>
"
H6JXCUOUUTOJEX6H2XTTDXNMJCHK4HZ7JKHBYTB4D7TPFLX35KHA,,3000,failed,"<html>
<head><title>429 Too Many Requests</title></head>
<body>
<center><h1>429 Too Many Requests</h1></center>
<hr><center>openresty</center>
</body>
</html>
"
76GKWWDCB7NPS4EL7WT54GKZF3LKXNPJQGZBVUEQ6YH7BULHRA5A,6.487633466720581,2000,success,
7SL4PJRLLQU2GQHDAZDASIR6DWV3HMUHSNF65FLNPDWLSFII6R7Q,5.2508931159973145,2000,success,
ICB6ZSKF3MMNITTLLFMGPCHACL4U7AYNHT2DD7SNSWY6KKJ52E4A,,3000,failed,"{""data"":{""app-index"":3548200231,""eval-states"":[{},{""stack"":[0]}],""group-index"":1,""pc"":126},""message"":""TransactionPool.Remember: transaction 46OAILEYDPKBVI5OMV7GWYRKLMVZN7MBICLL65RCLGIVKGHYWTRA: logic eval error: assert failed pc=126. Details: app=3548200231, pc=126, opcodes=app_global_get; \u003e; assert""}
"
HZ6IOJFSZSFEZAP4YPAAFTA2LTOJ6H2MWWSQRETXEHJ3XRUNFMRQ,,3000,failed,"{""data"":{""app-index"":3548200231,""eval-states"":[{},{""stack"":[0]}],""group-index"":1,""pc"":126},""message"":""TransactionPool.Remember: transaction PEEDZZQCE5ZQOYHK5YOCB3DTSYPS7EOWSF5O4YL74FTPMTRP22WQ: logic eval error: assert failed pc=126. Details: app=3548200231, pc=126, opcodes=app_global_get; \u003e; assert""}
"
CXON7353NKTMXVXML462EQKH6MCYHZGLX6FDDU4SCDBABZVNJDHA,9.29525113105774,2000,success,
IUGBZXEMIYKX7SERT5A47JNQNFKBETUSY3JZQXQPFMGXJHSPWPAQ,,3000,failed,"{""data"":{""app-index"":3548200231,""eval-states"":[{},{""stack"":[0]}],""group-index"":1,""pc"":126},""message"":""TransactionPool.Remember: transaction VSMLQ3IA2B4XYRSUXDEHVMFM3UQSGUC67UDDL76XX3IXU4TOK65Q: logic eval error: assert failed pc=126. Details: app=3548200231, pc=126, opcodes=app_global_get; \u003e; assert""}
"
JVWORZT7JGTIMNXWGRNNWIWGEGXXFZIX2MHNNYVQMUOBZWJPWB7A,15.217345714569092,2000,success,
CIHU6JYBMXLJOQVM557NOWATZSEOIU6XMNGN5AYBOZWR7XKFMP2Q,11.387184619903564,2000,success,
QDNFNF2RPNB33OTI7FDN2D46OSW6RP2O7F7II6QAYKYTJ7MY5CXQ,,3000,failed,"<html>
<head><title>429 Too Many Requests</title></head>
<body>
<center><h1>429 Too Many Requests</h1></center>
<hr><center>openresty</center>
</body>
</html>
"
LGUA5EYR6NPPLGFTTH6FZN56P6XGVFOOLCPZCZVA2GHBZLH2NFFQ,,3000,failed,"<html>
<head><title>429 Too Many Requests</title></head>
<body>
<center><h1>429 Too Many Requests</h1></center>
<hr><center>openresty</center>
</body>
</html>
"
DZCNRB6KCKBNJHC6ASXL45NYO3JEIW2ITB3ZGITRNRA6DTDOO4CA,,3000,failed,"{""data"":{""app-index"":3548200231,""eval-states"":[{},{""stack"":[0]}],""group-index"":1,""pc"":126},""message"":""TransactionPool.Remember: transaction 4PGGZL4FHQ2G45OC2CHZZ277JRSVEJVAOJX5VCDOORECYOIHZGHQ: logic eval error: assert failed pc=126. Details: app=3548200231, pc=126, opcodes=app_global_get; \u003e; assert""}
"
YUS7Z7VEWQHM4X3TRAJ3CB5WWBEVTTFBWCTRVTCYV442IS7OVWHQ,,3000,failed,"<html>
<head><title>429 Too Many Requests</title></head>
<body>
<center><h1>429 Too Many Requests</h1></center>
<hr><center>openresty</center>
</body>
</html>
"
CA7BEJB2B4ZQI2CW5VRM3NI6GDVMGEME43LM3DDF3RD5OMKYS4XA,,3000,failed,"{""data"":{""app-index"":3548200231,""eval-states"":[{},{""stack"":[0]}],""group-index"":1,""pc"":126},""message"":""TransactionPool.Remember: transaction 3Q7HJZSQ4J7RLKMXUNRPAQ37KIDEBPGWNKWIPOB6MDQ3X5W3PBEA: logic eval error: assert failed pc=126. Details: app=3548200231, pc=126, opcodes=app_global_get; \u003e; assert""}
"
YDTVJPF5A6CAH2POKDFWBC45SI7YNIDGFC6C5V2HMXXCH4SAQ2FQ,,3000,failed,"<html>
<head><title>429 Too Many Requests</title></head>
<body>
<center><h1>429 Too Many Requests</h1></center>
<hr><center>openresty</center>
</body>
</html>
"
4VZRGJYJ2H2QADFJTPKX3IJ422YZUKYKUUW44H5BVVZ6FIYTATRQ,9.352363109588623,2000,success,
3VEPS62BET34FWZ6P5ZO6NFNKO2YUTG5W4OV6KPRO2XMSJR6BRJQ,9.31883716583252,2000,success,
W4ESXM7ZPSATTDMZJ2TRZIQWPDZUAGIBE3JZEU42F6OAIKQNUH5Q,,3000,failed,"<html>
<head><title>429 Too Many Requests</title></head>
<body>
<center><h1>429 Too Many Requests</h1></center>
<hr><center>openresty</center>
</body>
</html>
"
AIWZ5PTIA7QSAHW2WUO73I6VOU2JQ7LFHUK73E3OAMF4UNQYSOCA,,3000,failed,"<html>
<head><title>429 Too Many Requests</title></head>
<body>
<center><h1>429 Too Many Requests</h1></center>
<hr><center>openresty</center>
</body>
</html>
"
6RB2R2OREZKLRS7ODI77WXFGNMBK55HXXOXRHUBJT4UBRG5U4FUA,10.366678237915039,2000,success,
DKS4OQOXXUD7JGYSVSVUNXVUL5UWKNY3JEHGSFNG42LY23MD77IQ,,3000,failed,"<html>
<head><title>429 Too Many Requests</title></head>
<body>
<center><h1>429 Too Many Requests</h1></center>
<hr><center>openresty</center>
</body>
</html>
"
Q65XIPGNNXSOQJFNPST3LUE6VSSIG6OUBJQ5UBD32W4AJTMUNGRA,,3000,failed,"<html>
<head><title>429 Too Many Requests</title></head>
<body>
<center><h1>429 Too Many Requests</h1></center>
<hr><center>openresty</center>
</body>
</html>
"
KTTYA2G774WFPK5KY3KPYOXUO7YTCVJXDXAN7USBNX2T4DPMH5OA,,3000,failed,"<html>
<head><title>429 Too Many Requests</title></head>
<body>
<center><h1>429 Too Many Requests</h1></center>
<hr><center>openresty</center>
</body>
</html>
"
7DL7RX4ATJN526CGZARGIRGCSLQVS3VN3ZWEZUIB4B6IU7HCS3XA,7.733389377593994,2000,success,
IWJZJSGZHV5IZJFLTPRBKMPMLDGSP7XGHIZEBJMP3WJS35C4FDSA,,3000,failed,"<html>
<head><title>429 Too Many Requests</title></head>
<body>
<center><h1>429 Too Many Requests</h1></center>
<hr><center>openresty</center>
</body>
</html>
"
GBK6SJED4ORYYSCMCCREWFJ4ZBA5325CNTHFRNGRRLWXQP2BJSXQ,10.723745584487915,2000,success,
JVHDOYQ2QKFGUUXMF4BOP3OERWEFVO4NJYNB7AQW273Y3BPEUKOA,,3000,failed,"{""data"":{""app-index"":3548200231,""eval-states"":[{},{""stack"":[0]}],""group-index"":1,""pc"":126},""message"":""TransactionPool.Remember: transaction IUZGR42PIIQ7FH4Q5DG4CTLGEMC4BFJGU6UN4SH4O5OU5S3YNMVQ: logic eval error: assert failed pc=126. Details: app=3548200231, pc=126, opcodes=app_global_get; \u003e; assert""}
"
JVBEAXKI4NVLSSLAFB7SRBYQ7FSPYBQT2K3QPERTLL44MSSEV6KA,,3000,failed,"<html>
<head><title>429 Too Many Requests</title></head>
<body>
<center><h1>429 Too Many Requests</h1></center>
<hr><center>openresty</center>
</body>
</html>
"
4KPDJZ3ARJTAGGLGREOYGSFOERDEIF3ROFWB5SIX3Z2WVPZ4VB3A,,3000,failed,"{""data"":{""app-index"":3548200231,""eval-states"":[{},{""stack"":[0]}],""group-index"":1,""pc"":126},""message"":""TransactionPool.Remember: transaction JFNROXT3NRW4NI45IG7P4BP5H742YGHFBB7NFJFX55P5HAOKRI3A: logic eval error: assert failed pc=126. Details: app=3548200231, pc=126, opcodes=app_global_get; \u003e; assert""}
"
B3HYFEHBAVCAASJLXOCJBVDU5NN7K6UZLO4H4EFLCD4KGH3ERNJQ,6.326382637023926,2000,success,
MNOZGL6YVHE4F4T7FKKONLVF7EZMNUYX757QUTUQDGZFRROUK6MA,,3000,failed,"<html>
<head><title>429 Too Many Requests</title></head>
<body>
<center><h1>429 Too Many Requests</h1></center>
<hr><center>openresty</center>
</body>
</html>
"
NYUPPYVX7UDBPWYEEDCOYY46A5SX572U4VUEA4XR2RFTEHIGTHFA,,3000,failed,"{""data"":{""app-index"":3548200231,""eval-states"":[{},{""stack"":[0]}],""group-index"":1,""pc"":126},""message"":""TransactionPool.Remember: transaction 2PCQRF4A7VAYOJVAO3XB3NK7HEY7LEK7G4LWJRV5536SG2J4IZQQ: logic eval error: assert failed pc=126. Details: app=3548200231, pc=126, opcodes=app_global_get; \u003e; assert""}
"
W4GJMEQ33WO5QC4VAD2KPCFWWTKAP7L2SLUYO2T37OT2KRUCPLHQ,8.52027177810669,2000,success,
3E2E7233EP4LYIYWUPME3UDBHQPMLITJFUHN62KAGF3H44OTQW6Q,6.963426828384399,2000,success,
VUTGVNXENVSBP4LH7U6RV67FUOB5ECJ3FZBZO7ODNETU26R7NGMQ,,3000,failed,"{""data"":{""app-index"":3548200231,""eval-states"":[{},{""stack"":[0]}],""group-index"":1,""pc"":126},""message"":""TransactionPool.Remember: transaction 5VW3QIAXKFEIPCDEKT3QUWKNU4BBMTPUREPKCCBOBRNTJZBOJEFA: logic eval error: assert failed pc=126. Details: app=3548200231, pc=126, opcodes=app_global_get; \u003e; assert""}
"
VMLEQOGNDMISQQ63KOXMELO7QDX3FJISXXVM67HLDCSA2F5QRMZQ,9.696994066238403,2000,success,
NSZHLVGMDVPQIX54UXHB6W2AQBMTY3YCGWEOY6NSBBBNONU5ABGA,7.848211050033569,2000,success,
GNQ25P3M4SXJY7SGFHWMZKCFSNJLZN3I365OFKA5DCIFIOCQIPKA,,3000,failed,"{""data"":{""app-index"":3548200231,""eval-states"":[{},{""stack"":[0]}],""group-index"":1,""pc"":126},""message"":""TransactionPool.Remember: transaction 54BBD2MJXFCSOYRT5SBW4W7NZHPI57J4XUSGCLPYMO4ORRMRTXFA: logic eval error: assert failed pc=126. Details: app=3548200231, pc=126, opcodes=app_global_get; \u003e; assert""}
"
GYRXBQKUXEA3PXJHGZTZT3HAR2NW2XHIRFIQK2WTTBLO327CKTSA,9.525323867797852,2000,success,
QHOFE7FRSZRH424POGYDZFXKELTDVD6RFC3OIZ3EIJN22CO5X42A,,3000,failed,"{""data"":{""app-index"":3548200231,""eval-states"":[{},{""stack"":[0]}],""group-index"":1,""pc"":126},""message"":""TransactionPool.Remember: transaction R2V2JHW7AJ43UPMCMLRN6S2KSGAGNRT5WHQPLD3B47ISN5OULHCQ: logic eval error: assert failed pc=126. Details: app=3548200231, pc=126, opcodes=app_global_get; \u003e; assert""}
"
AXHA3QKBI3ZX73ZZN2EQAS7GJ7EVTQ3QNK3MYYNMARACZ5AYTMQA,8.381282091140747,2000,success,
WA37JIERSJXBFSV7233AN4W7UHTVS5PWQSO45LTDQLSUKDA2YAWQ,8.294440984725952,2000,success,
DTIDQ6OJQQK2NC3Q5RQLVDQZLCK3KTTVGLWBDWH3MERVZY7MM5NA,,3000,failed,"{""data"":{""app-index"":3548200231,""eval-states"":[{},{""stack"":[0]}],""group-index"":1,""pc"":126},""message"":""TransactionPool.Remember: transaction EFGXTRJICBXFAP5YMYSGA5EBA2LA4OYYANKMLSJ3AO5NN2RIMRRA: logic eval error: assert failed pc=126. Details: app=3548200231, pc=126, opcodes=app_global_get; \u003e; assert""}
"
5MO5UJ5NGXPOBW5J4VUZU4LKP4MRZTU6CYYUBTSFEJ2XT2X7QCZQ,,3000,failed,"<html>
<head><title>429 Too Many Requests</title></head>
<body>
<center><h1>429 Too Many Requests</h1></center>
<hr><center>openresty</center>
</body>
</html>
"
TLAVBN56ZBZK5KPX323ZUJH43KXFKJQWCCJNYHNC2SZFTLJQEJVQ,,3000,failed,"{""data"":{""app-index"":3548200231,""eval-states"":[{},{""stack"":[0]}],""group-index"":1,""pc"":126},""message"":""TransactionPool.Remember: transaction RDCGUEM44C73R6ZHIPJYLDAAX72RBSTEEJA6KGSV5RLT2E36P4MA: logic eval error: assert failed pc=126. Details: app=3548200231, pc=126, opcodes=app_global_get; \u003e; assert""}
"
IFOECXAJP3674WKLCAG3EVRG4VES6VV5V54IACBHD5FQYLPRJVGQ,4.310068130493164,2000,success,
V4ZDC5F3J3JXJYB4YA2J5SZZQKRFL2C7D2ZATR3KI4UVRFUECRMA,,3000,failed,"{""data"":{""app-index"":3548200231,""eval-states"":[{},{""stack"":[0]}],""group-index"":1,""pc"":126},""message"":""TransactionPool.Remember: transaction 7NWW6SZHMPRV2LWWO2B25XH33H42W3LBYCPUZHYZVZQ6QDORNH4Q: logic eval error: assert failed pc=126. Details: app=3548200231, pc=126, opcodes=app_global_get; \u003e; assert""}
"
RXPEOGID6GZ3F55CSKHS3YEXQPESBTKMNNOIOAF352JM5PERB7JQ,,3000,failed,"<html>
<head><title>429 Too Many Requests</title></head>
<body>
<center><h1>429 Too Many Requests</h1></center>
<hr><center>openresty</center>
</body>
</html>
"
PDW6PFO5DYE73RTGDNFQCD2S7T2XKIX6BDVZAF4RKNNHB5OSF5ZA,7.293467998504639,2000,success,
LS5XPSAFB6XCN524J3LY57QU4R2G3QQWZJEICOXWBGCBNFJ6HHAQ,9.698075771331787,2000,success,
SIBI6XRBX4V655OTO6FVUKLQRDU52PLSSZYYBTGIXZGTTMMGDRBQ,4.437920331954956,2000,success,
XM2W6UQAVYJ7PAQOKYECJPORZ6KH2YAT4KK5H23VTLTLD7C257AA,5.418632745742798,2000,success,
XKBWQTNST22DG4FTZDSSVUSR7DHO7OKIUIHVUVPBZNQ637LSSENA,8.477957725524902,2000,success,
2GCJ4U6MQSJA5YMIJXQFBAJSZPOZNDM2KOMGLTCDPTICKAGQBSWA,,3000,failed,"{""data"":{""app-index"":3548200231,""eval-states"":[{},{""stack"":[0]}],""group-index"":1,""pc"":126},""message"":""TransactionPool.Remember: transaction 7B4SXLIHGENAGZLM6MYA4BJA544QYLXVIRRYDB4LTFWWRU6HSAGA: logic eval error: assert failed pc=126. Details: app=3548200231, pc=126, opcodes=app_global_get; \u003e; assert""}
"
L2ANEC2BMQIIYT3OADDURP2BZOGP2GGHUZFEAI3WCETAU3AG554Q,6.303181409835815,2000,success,
JAYSBRLQJAZCTEMGCE5G5XXKVO7WRWRDABRYCEVMZYJEE7DPQ7LQ,8.375167846679688,2000,success,
PHPLLEHA3L7OZJ6P2AKU727OB2LWTUVUOEDPO2NTB2HNWWWZPGKA,,3000,failed,"{""data"":{""app-index"":3548200231,""eval-states"":[{},{""stack"":[0]}],""group-index"":1,""pc"":126},""message"":""TransactionPool.Remember: transaction VXERMZSBXZFZJ52LXQIJQNFLNDL2RONCPCV7DLVPGJXEJ3A2PRTQ: logic eval error: assert failed pc=126. Details: app=3548200231, pc=126, opcodes=app_global_get; \u003e; assert""}
"
O2H5CAB7SDLYUOG3VOT3PPHF24WQRBABFBTH4FC3FOHEXIVNZFBA,5.159307956695557,2000,success,
I4M34GSZJBOMNZPM5QZMY4UPLC7DCMDMQ7M2HRCJKQKC572CJ7LQ,,3000,failed,"{""data"":{""app-index"":3548200231,""eval-states"":[{},{""stack"":[0]}],""group-index"":1,""pc"":126},""message"":""TransactionPool.Remember: transaction RUZP6F6UH7VCHABNADVRO5VH3F4N43EAHKY7TTSU2JOELDF2OBEA: logic eval error: assert failed pc=126. Details: app=3548200231, pc=126, opcodes=app_global_get; \u003e; assert""}
"
6VUPHN7N3Q627HIXKIJBCMR4ID6IVMQIR4E4JDX55GFR5GKHIJOQ,,3000,failed,"{""data"":{""app-index"":3548200231,""eval-states"":[{},{""stack"":[0]}],""group-index"":1,""pc"":126},""message"":""TransactionPool.Remember: transaction 6UTP227BNQQGZQRQXK6ZYEM4PGYLXLU35PETKBWI5PDTBKQUCWVA: logic eval error: assert failed pc=126. Details: app=3548200231, pc=126, opcodes=app_global_get; \u003e; assert""}
"
HXGUVKXUWDINVQBD3UVNUAHK2DM34DERNPJEV7YWMMBIT55CIEDA,,3000,failed,"<html>
<head><title>429 Too Many Requests</title></head>
<body>
<center><h1>429 Too Many Requests</h1></center>
<hr><center>openresty</center>
</body>
</html>
"
XOSO5J2C2TNIJY3B7M37CLNCSG4ZIZDTU7JR53WKZJD5JZVGHANA,5.692523717880249,2000,success,
KXP6RNESEEKWX7DGOH4B4S4YKEJAHD4UZLTUBF2AXWB22YNWUU7A,,3000,failed,"{""data"":{""app-index"":3548200231,""eval-states"":[{},{""stack"":[0]}],""group-index"":1,""pc"":126},""message"":""TransactionPool.Remember: transaction GTZC5XEUKUK6EZOMIDFW25TVGZKK6VEWN5TXA5NG65QGRQWR2H5Q: logic eval error: assert failed pc=126. Details: app=3548200231, pc=126, opcodes=app_global_get; \u003e; assert""}
"
LVWLCBDRYAFVGTVLNWS5TD4MQSYOHY6WQ5SVGFLG4QDYXHKPTMSQ,,3000,failed,"<html>
<head><title>429 Too Many Requests</title></head>
<body>
<center><h1>429 Too Many Requests</h1></center>
<hr><center>openresty</center>
</body>
</html>
"
DQZFRX5X6HGFBCDD7GCRKK3HJU4OYJ6VA5GSHNZQUJ5QOJHBDFCQ,,3000,failed,"{""data"":{""app-index"":3548200231,""eval-states"":[{},{""stack"":[0]}],""group-index"":1,""pc"":126},""message"":""TransactionPool.Remember: transaction AVWXAZ5Y6P4AB7KYHLJU5IUS5AWYOM5R6XCE2SAW3GSEGOCODAPQ: logic eval error: assert failed pc=126. Details: app=3548200231, pc=126, opcodes=app_global_get; \u003e; assert""}
"
JIO7AYABCC5JMITLK6A444RLTU6RGNOQKNILRISDOCFOIENR2TKA,,3000,failed,"<html>
<head><title>429 Too Many Requests</title></head>
<body>
<center><h1>429 Too Many Requests</h1></center>
<hr><center>openresty</center>
</body>
</html>
"
AKN6C5U73UFUOBYGUTWBEMUBYPCNWHPRQISFCULJKDR536OCZAAA,,3000,failed,"<html>
<head><title>429 Too Many Requests</title></head>
<body>
<center><h1>429 Too Many Requests</h1></center>
<hr><center>openresty</center>
</body>
</html>
"
CK5UEK6BRNJWNH2UAWERH5RRZTDCQ2D4JHCASPH626T3KW2BAC3Q,,3000,failed,"{""data"":{""app-index"":3548200231,""eval-states"":[{},{""stack"":[0]}],""group-index"":1,""pc"":126},""message"":""TransactionPool.Remember: transaction 66FHWZ4SSCXY2SZBFASIMOBGVQTDQNVM5BZ4SOF7XXQUK4DLDHUQ: logic eval error: assert failed pc=126. Details: app=3548200231, pc=126, opcodes=app_global_get; \u003e; assert""}
"
YWKRA23HAJHGKBCYRIKDDJEHV25CG3HDWVAZFPQQMRKUXZIVF6XQ,,3000,failed,"<html>
<head><title>429 Too Many Requests</title></head>
<body>
<center><h1>429 Too Many Requests</h1></center>
<hr><center>openresty</center>
</body>
</html>
"
NCICFZMVHWSIPHWYWRUC7EJOA7MN2WADZ7TZWC3JHWFQHUNQIBPA,,3000,failed,"{""data"":{""app-index"":3548200231,""eval-states"":[{},{""stack"":[0]}],""group-index"":1,""pc"":126},""message"":""TransactionPool.Remember: transaction WPALKR3NZXYB3LTIAJABVCBJWGCSZ37I7AD5PT33OG6OMWLODKUQ: logic eval error: assert failed pc=126. Details: app=3548200231, pc=126, opcodes=app_global_get; \u003e; assert""}
"
V7EDNGOGRLEQYJ4HLI2GJB25J6K7TTVVAR2OZ2MSTLYXUCL66GQA,,3000,failed,"<html>
<head><title>429 Too Many Requests</title></head>
<body>
<center><h1>429 Too Many Requests</h1></center>
<hr><center>openresty</center>
</body>
</html>
"
7V54HHBWEHF33BCV37GB2YLD7BVHMBR3BET46Y52HEZQXN7X262A,,3000,failed,"{""data"":{""app-index"":3548200231,""eval-states"":[{},{""stack"":[0]}],""group-index"":1,""pc"":126},""message"":""TransactionPool.Remember: transaction KHWLUODB2MEMILNTNPYZ64VVB255KQAJIJ24J5ZOM6WA23RXMXIA: logic eval error: assert failed pc=126. Details: app=3548200231, pc=126, opcodes=app_global_get; \u003e; assert""}
"
RFQL2AZXVKVZVVK6JSNPGYYBVFCPQP3QOTUI2V5ZTFFAKFNODUTQ,6.178307056427002,2000,success,
V6ZWWVWGRTFGBD64FCFODGUOMC2TWEJ5NE4PPKIRIZ7OMHQJW53A,,3000,failed,"<html>
<head><title>429 Too Many Requests</title></head>
<body>
<center><h1>429 Too Many Requests</h1></center>
<hr><center>openresty</center>
</body>
</html>
"
IEGR5IBVRGVWB3MVUSTZ4RE6FZFX4REAHKLLS3BSEYKB2THMRABA,,3000,failed,"<html>
<head><title>429 Too Many Requests</title></head>
<body>
<center><h1>429 Too Many Requests</h1></center>
<hr><center>openresty</center>
</body>
</html>
"
33SHIJ7NTJ6E7IKN3TUQDURG3CZGI6TDSTIOKPRGNP4DJ26KW2QA,,3000,failed,"<html>
<head><title>429 Too Many Requests</title></head>
<body>
<center><h1>429 Too Many Requests</h1></center>
<hr><center>openresty</center>
</body>
</html>
"
CWX6CWBDJFHZQWKXCJG26GCJA26FRABZXM7WVUMU5M5HZJXQ67TQ,,3000,failed,"<html>
<head><title>429 Too Many Requests</title></head>
<body>
<center><h1>429 Too Many Requests</h1></center>
<hr><center>openresty</center>
</body>
</html>
"
YLTDXGTZRF23VA3SZOJMXLCOJLQ4FSVXHA7BFWXINJSXAOHNICKQ,,3000,failed,"{""data"":{""app-index"":3548200231,""eval-states"":[{},{""stack"":[0]}],""group-index"":1,""pc"":126},""message"":""TransactionPool.Remember: transaction CGQDH3HMLONJVXGSOL2AXRESXDQ6CWU37GQVKDN6RIKWYR2KI7QQ: logic eval error: assert failed pc=126. Details: app=3548200231, pc=126, opcodes=app_global_get; \u003e; assert""}
"
OA7DVFBYNQXTO6N6D6ZV7NJW5TV5E6FQKHFATSPS3HHZXCKO3ZQA,,3000,failed,"<html>
<head><title>429 Too Many Requests</title></head>
<body>
<center><h1>429 Too Many Requests</h1></center>
<hr><center>openresty</center>
</body>
</html>
"
EJAHTPTZBNDNHLFMGR7S3KLCUEIQPNC4CPLWQJSIDAHPBZM76BNQ,,3000,failed,"<html>
<head><title>429 Too Many Requests</title></head>
<body>
<center><h1>429 Too Many Requests</h1></center>
<hr><center>openresty</center>
</body>
</html>
"
NLA2AKUU6WEEFJMIL7QYASG6CNYRSELMJDAXHPNMQ6VL5CQRHQIQ,,3000,failed,"{""data"":{""app-index"":3548200231,""eval-states"":[{},{""stack"":[0]}],""group-index"":1,""pc"":126},""message"":""TransactionPool.Remember: transaction IWHYPD6AQD7C35MZIABJ6M5RNX3PTJYMZJIM3RFTMW33XLD4HH7A: logic eval error: assert failed pc=126. Details: app=3548200231, pc=126, opcodes=app_global_get; \u003e; assert""}
"
S4G6MNRJML35CVXWR6NGR523AT2G6LLS35DHLJXZLLV4XHSX4C3A,,3000,failed,"{""data"":{""app-index"":3548200231,""eval-states"":[{},{""stack"":[0]}],""group-index"":1,""pc"":126},""message"":""TransactionPool.Remember: transaction GX6EUXV6TJGQAOCQLUW7RN3BIFGL2FYD5DCB7CMOIW3TLQ5FANWA: logic eval error: assert failed pc=126. Details: app=3548200231, pc=126, opcodes=app_global_get; \u003e; assert""}
"
LHHSJJVJDF2M5I7TGO765XD4KZK5INSQ7ITI63Y723Q53CKHLCCQ,,3000,failed,"<html>
<head><title>429 Too Many Requests</title></head>
<body>
<center><h1>429 Too Many Requests</h1></center>
<hr><center>openresty</center>
</body>
</html>
"
FL5CQTPRGV5CZ64X3T6HY344JHAM5FNQMIZLK4DMI6FBMDVXEBZA,,3000,failed,"<html>
<head><title>429 Too Many Requests</title></head>
<body>
<center><h1>429 Too Many Requests</h1></center>
<hr><center>openresty</center>
</body>
</html>
"
2DHKM3ECRHCBTHFJZD3NLMAXOXG27MB2OEDPO3JUH3ACK27P6WGQ,,3000,failed,"<html>
<head><title>429 Too Many Requests</title></head>
<body>
<center><h1>429 Too Many Requests</h1></center>
<hr><center>openresty</center>
</body>
</html>
"
M2YJ3SZJ37J67GG3A4IS266S3FPIS4TFTGSRWX22IYT5LLGG624Q,,3000,failed,"<html>
<head><title>429 Too Many Requests</title></head>
<body>
<center><h1>429 Too Many Requests</h1></center>
<hr><center>openresty</center>
</body>
</html>
"
MKSJJRNKK2SJI7Q2CSKDU6PB4ICZYI24YYXCNV7OVMCVEG63SNAA,,3000,failed,"<html>
<head><title>429 Too Many Requests</title></head>
<body>
<center><h1>429 Too Many Requests</h1></center>
<hr><center>openresty</center>
</body>
</html>
"
ARQWHDT24EE7ZOEGYORNEPR3GLLOXEFOQCJZWYOAMXPWV5E3JB7A,,3000,failed,"{""data"":{""app-index"":3548200231,""eval-states"":[{},{""stack"":[0]}],""group-index"":1,""pc"":126},""message"":""TransactionPool.Remember: transaction YOGS2BJKRQVAAS4UGQ5IK3AGYKZSDEMLQJBWQBGMGVEWCM764PDQ: logic eval error: assert failed pc=126. Details: app=3548200231, pc=126, opcodes=app_global_get; \u003e; assert""}
"
SW4UT3OOZAFCZXPEEAN4Y6DW5EY4OXYFUHM7JD5OT6CTKK2HNQMA,,3000,failed,"<html>
<head><title>429 Too Many Requests</title></head>
<body>
<center><h1>429 Too Many Requests</h1></center>
<hr><center>openresty</center>
</body>
</html>
"
UQ5KZ6O362IZZ3ZBN4PKHP2GNKPYS3HAVIMKVN4LAVYBL4GKKTEQ,,3000,failed,"<html>
<head><title>429 Too Many Requests</title></head>
<body>
<center><h1>429 Too Many Requests</h1></center>
<hr><center>openresty</center>
</body>
</html>
"
X5LI4AXXV7ZIXDPX2OSAAJQDMYLJWEI6FSV54K5FBBAEI43AA3MQ,5.286986351013184,2000,success,
OGTBA7LDJP6S5O5OOBVDE2YIJIEG3VVYDKSKME7JEFTWJWUZ3SFA,,3000,failed,"<html>
<head><title>429 Too Many Requests</title></head>
<body>
<center><h1>429 Too Many Requests</h1></center>
<hr><center>openresty</center>
</body>
</html>
"
P5XRCXDOLJUVX2ELR6BJ436BBZV7ZAIMYEH4H7NI2WFL6PA3645A,6.831044673919678,2000,success,
XNKYECVIU4ISV7JF34N5YKMEJX7SVNAK3JJ6SBXU76FC5OQAP2VA,,3000,failed,"<html>
<head><title>429 Too Many Requests</title></head>
<body>
<center><h1>429 Too Many Requests</h1></center>
<hr><center>openresty</center>
</body>
</html>
"
MNYD67E4KY3UHFIXKY5DYXW75P6T25RQYESP4Q2XQXSPJ5PLKYCQ,,3000,failed,"{""data"":{""app-index"":3548200231,""eval-states"":[{},{""stack"":[0]}],""group-index"":1,""pc"":126},""message"":""TransactionPool.Remember: transaction BSIHCDHF2EE6EB6WEFWA52C2ZHK7YTCDRTPV2AB6ZS5MNBUNUDZQ: logic eval error: assert failed pc=126. Details: app=3548200231, pc=126, opcodes=app_global_get; \u003e; assert""}
"
VGA7UWCUUTYLIBOAZGWELE2ZJVQSUKUJHTUMFQEOQNSQ36IC43QQ,,3000,failed,"<html>
<head><title>429 Too Many Requests</title></head>
<body>
<center><h1>429 Too Many Requests</h1></center>
<hr><center>openresty</center>
</body>
</html>
"
XJ557GSGF4GTLTUEJJTLYPRU7TLQG6GLAH5RTTRAQPBY7GJGQO4A,,3000,failed,"<html>
<head><title>429 Too Many Requests</title></head>
<body>
<center><h1>429 Too Many Requests</h1></center>
<hr><center>openresty</center>
</body>
</html>
"
Q756RELVAXG2YDF7MYXB7T3BL3V2ESZNNJ44SJ4LKBDEWNFTPBGA,,3000,failed,"<html>
<head><title>429 Too Many Requests</title></head>
<body>
<center><h1>429 Too Many Requests</h1></center>
<hr><center>openresty</center>
</body>
</html>
"
SSNIRSP7X5FVAMHI3R6XG4OCC5CMNBYMN5CFRAVMUYU7DPP6AJSQ,,3000,failed,"<html>
<head><title>429 Too Many Requests</title></head>
<body>
<center><h1>429 Too Many Requests</h1></center>
<hr><center>openresty</center>
</body>
</html>
"
RUGNWBGESVDLICTC5J6CGIOMQXPCVAR5EL3XLYPLCDB6V3OCBVPQ,,3000,failed,"<html>
<head><title>429 Too Many Requests</title></head>
<body>
<center><h1>429 Too Many Requests</h1></center>
<hr><center>openresty</center>
</body>
</html>
"
ZK5MSXAG5ABVH2OPIUZCCFFDPBGAIVCSAVSXYFDQICHS27CNRIQA,,3000,failed,"{""data"":{""app-index"":3548200231,""eval-states"":[{},{""stack"":[0]}],""group-index"":1,""pc"":126},""message"":""TransactionPool.Remember: transaction WNFG5WORXTQ3ECJJIT7CKYYIOM6X3L45SDUCGIX2VQB533CZIAFQ: logic eval error: assert failed pc=126. Details: app=3548200231, pc=126, opcodes=app_global_get; \u003e; assert""}
"
XZS5IT7J6TEHLERSRGQ4HD5FP64KM6NCM4R4AHZR2OIUNXXZTPYQ,,3000,failed,"<html>
<head><title>429 Too Many Requests</title></head>
<body>
<center><h1>429 Too Many Requests</h1></center>
<hr><center>openresty</center>
</body>
</html>
"
4HCHZTPZJWRIU2PQRL7CQROKCS7UWOJ43RRZF7EP3FZFDUM3PVGA,,3000,failed,"{""data"":{""app-index"":3548200231,""eval-states"":[{},{""stack"":[0]}],""group-index"":1,""pc"":126},""message"":""TransactionPool.Remember: transaction X6IKVNRUGPC6EXDGMHEF6VU7NIGDRH6CCV7S7IDQ3GKVY2POPV5A: logic eval error: assert failed pc=126. Details: app=3548200231, pc=126, opcodes=app_global_get; \u003e; assert""}
"
ERNYRCJXQXM5DJID4J6APZIVLVZYDNARSL34GMDWVT5XC5SFHYHQ,,3000,failed,"{""data"":{""app-index"":3548200231,""eval-states"":[{},{""stack"":[0]}],""group-index"":1,""pc"":126},""message"":""TransactionPool.Remember: transaction 6M5KGR42F4SUOMLJPDIV63ZDYX2MYXVUZLVWVZZDCN2CG3SDJ7NQ: logic eval error: assert failed pc=126. Details: app=3548200231, pc=126, opcodes=app_global_get; \u003e; assert""}
"
U4D4PRWFMOEL46EWSBIVS47GPDKWPWNP5NCDMTEPK53NPAMBMZOQ,,3000,failed,"<html>
<head><title>429 Too Many Requests</title></head>
<body>
<center><h1>429 Too Many Requests</h1></center>
<hr><center>openresty</center>
</body>
</html>
"
3BK5KT2BPOF3JSYZ2E2TKUQ4ZFNCJXSRYKDV2ZYTALPYPYL3G6HQ,,3000,failed,"<html>
<head><title>429 Too Many Requests</title></head>
<body>
<center><h1>429 Too Many Requests</h1></center>
<hr><center>openresty</center>
</body>
</html>
"
GEFNR6NQCMAN4NRGQZ3YY6XWNGGW5OUZZXZND3NQ32WNNLQTVXKQ,,3000,failed,"<html>
<head><title>429 Too Many Requests</title></head>
<body>
<center><h1>429 Too Many Requests</h1></center>
<hr><center>openresty</center>
</body>
</html>
"
SC7MT76JPUHPR3GQBGMLM776HFLAA3ANWH5A6IKCCZ6HLN4CVJEA,,3000,failed,"{""data"":{""app-index"":3548200231,""eval-states"":[{},{""stack"":[0]}],""group-index"":1,""pc"":126},""message"":""TransactionPool.Remember: transaction RLPGI45PVC3BYJBOFTK3VBB5OBFOFZ6L2MRG4YANI6GZMLPPXFUA: logic eval error: assert failed pc=126. Details: app=3548200231, pc=126, opcodes=app_global_get; \u003e; assert""}
"
WL34KQHQHJFI5LNIYPGIPHLPHXV7GQYGRQCUG72RTPNSZOCUO2EA,,3000,failed,"<html>
<head><title>429 Too Many Requests</title></head>
<body>
<center><h1>429 Too Many Requests</h1></center>
<hr><center>openresty</center>
</body>
</html>
"
7THIT5RIGTATGPUMO3ZQMPOLIUGKSQ4NTKLCVQDQUQJHAUMB236A,,3000,failed,"{""data"":{""app-index"":3548200231,""eval-states"":[{},{""stack"":[0]}],""group-index"":1,""pc"":126},""message"":""TransactionPool.Remember: transaction CNSJFKGLDCEIYG2LHA25XXQ4LYIGMEBYAMTPKF6K6A5WU4E4XRVQ: logic eval error: assert failed pc=126. Details: app=3548200231, pc=126, opcodes=app_global_get; \u003e; assert""}
"
TM2APITRF7XRA4PPWNBIKNLPPXJSVYT4KXW3BNXQV2C2CQPLOLDA,,3000,failed,"<html>
<head><title>429 Too Many Requests</title></head>
<body>
<center><h1>429 Too Many Requests</h1></center>
<hr><center>openresty</center>
</body>
</html>
"
NUHCY4LCDCEM34M46E3S64U7MYOQY5KV6LVF36KMLNUZOQUYBZRQ,,3000,failed,"<html>
<head><title>429 Too Many Requests</title></head>
<body>
<center><h1>429 Too Many Requests</h1></center>
<hr><center>openresty</center>
</body>
</html>
"
NAZ4OPBQT2OXR6O3EPGERFMXIB6OM7IPL75M7BJZ2XUOYOEDQVQA,,3000,failed,"{""data"":{""app-index"":3548200231,""eval-states"":[{},{""stack"":[0]}],""group-index"":1,""pc"":126},""message"":""TransactionPool.Remember: transaction UVHZYXXY3PSAIINJ3VEAZMBOW5UBVGQNM4TUSZNHT2XXOR23EPXQ: logic eval error: assert failed pc=126. Details: app=3548200231, pc=126, opcodes=app_global_get; \u003e; assert""}
"
MTF3S5DFRN4AZSZDDJ3ZS5SLQL247YZS4YNDQSKVM2GOW522BH3A,,3000,failed,"<html>
<head><title>429 Too Many Requests</title></head>
<body>
<center><h1>429 Too Many Requests</h1></center>
<hr><center>openresty</center>
</body>
</html>
"
4EVPNL325D5DBZXSDA3OQNJXJUXL7WOTP5RCWFHH5R5QXBZXH6WQ,7.613369941711426,2000,success,
3NXUZXRTPAMLYSENR6PRH3SWLXD6MR5WOBY3TSSAYA2XAOC4MC5Q,,3000,failed,"<html>
<head><title>429 Too Many Requests</title></head>
<body>
<center><h1>429 Too Many Requests</h1></center>
<hr><center>openresty</center>
</body>
</html>
"
D3XMC4EW7M24IU3XMTPAIUSNX63UA734IP6VQMVF6JWC2RDNQGGQ,,3000,failed,"<html>
<head><title>429 Too Many Requests</title></head>
<body>
<center><h1>429 Too Many Requests</h1></center>
<hr><center>openresty</center>
</body>
</html>
"
RBPM3VNWMB4PVNRWINVH5FKUP2FUNR6STTVMJYZC3DITOJ3IIKVQ,,3000,failed,"{""data"":{""app-index"":3548200231,""eval-states"":[{},{""stack"":[0]}],""group-index"":1,""pc"":126},""message"":""TransactionPool.Remember: transaction XHISONO4F7WP5F4MT4SZDPHXXIQISKUD7HEXNIDVUZIOOJDEQPBQ: logic eval error: assert failed pc=126. Details: app=3548200231, pc=126, opcodes=app_global_get; \u003e; assert""}
"
ZJEY6SKWBWYMZ5ASA3ML5UYUDYKI4M6CUUAUTHJTWDUUOAA5NOVA,7.626901388168335,2000,success,
CQHNWRWQ5P57ILOWGW6K3VZQEIZ366MHAWMMX3GH3XY5LAXSBWUA,,3000,failed,"{""data"":{""app-index"":3548200231,""eval-states"":[{},{""stack"":[0]}],""group-index"":1,""pc"":126},""message"":""TransactionPool.Remember: transaction YGVUKJSDNQUOX3BQTSHP453YOJQISWOOD4HOQNUFLKYLDMAWJWJA: logic eval error: assert failed pc=126. Details: app=3548200231, pc=126, opcodes=app_global_get; \u003e; assert""}
"
H3DBLZMIHTLSLQOVMZAB2Y452DIG3JVR6LIO3MAUA63KRYRYRIOA,6.466874122619629,2000,success,
FEKWYGOU7OOXOV4ME43AFYPKVNAORVXNLBPHVWDBSDRZ5K35S2HQ,12.494239568710327,2000,success,
BUUD2JPE7HU5HHM5LUJ3BEJQY3NVQJCTYOWYR2X5L7J6MZSFK6LA,6.352982759475708,2000,success,
O3FEPEJRJSG2Y57V6YB44X7S4GJN5OJ2KXT76YU7IR3NPSUBP3OQ,7.451427936553955,2000,success,
NCD3ZXV4OPXJOPHSW77M2TC3ONCZTDPMBCJC7QDGT3PLCDE7WSQQ,,3000,failed,"{""data"":{""app-index"":3548200231,""eval-states"":[{},{""stack"":[0]}],""group-index"":1,""pc"":126},""message"":""TransactionPool.Remember: transaction IBIO3NYOZ7FGF42XHJ6CSTJXX6QZRWOASLD4SIBFQZ4VD7EPKLEQ: logic eval error: assert failed pc=126. Details: app=3548200231, pc=126, opcodes=app_global_get; \u003e; assert""}
"
6OWQ2XM3F4YMFMMMFVM7AEFTV3GFJBNTLVDFWAUCNKZDWRV6LT4A,,3000,failed,"<html>
<head><title>429 Too Many Requests</title></head>
<body>
<center><h1>429 Too Many Requests</h1></center>
<hr><center>openresty</center>
</body>
</html>
"
IDXKNVHHWKSRKUJFNLTT7QFB6UJAOIARTHGBR3E6UNEM7OEARFEA,,3000,failed,"{""data"":{""app-index"":3548200231,""eval-states"":[{},{""stack"":[0]}],""group-index"":1,""pc"":126},""message"":""TransactionPool.Remember: transaction IJLLUND2UPOLP2BVNR632ZV6AXWDPBRETS3LEJ5A2T4TQHJG2TQQ: logic eval error: assert failed pc=126. Details: app=3548200231, pc=126, opcodes=app_global_get; \u003e; assert""}
"
GIBXCFIHDA3PEMYDMEJ3W3BK3QHJUZ7RNND4RHMWB6ZLA4SFCTQQ,,3000,failed,"{""data"":{""app-index"":3548200231,""eval-states"":[{},{""stack"":[0]}],""group-index"":1,""pc"":126},""message"":""TransactionPool.Remember: transaction 5D4R26YMPXPMTWJNMWOC7E5QKISR6UNLHZ4KZOVXDXZ65RJBFW2Q: logic eval error: assert failed pc=126. Details: app=3548200231, pc=126, opcodes=app_global_get; \u003e; assert""}
"
BSMKH5BW2LASRGSVVYCRJDPXFCCN32Q5SSANA5VYE3MPZAIHXVVA,6.424530982971191,2000,success,
B6N6W4EORVWSZRIDWLNVZ3FDBTBE4OHLNY36F4KMGRRZMBOA4YFQ,,3000,failed,"{""data"":{""app-index"":3548200231,""eval-states"":[{},{""stack"":[0]}],""group-index"":1,""pc"":126},""message"":""TransactionPool.Remember: transaction LLVWYAQWQE6JX6C5P2KE2ZGZHQU37XAJA6YW2PNR7F24GA4SJB5Q: logic eval error: assert failed pc=126. Details: app=3548200231, pc=126, opcodes=app_global_get; \u003e; assert""}
"
PRO5T3PAFFLLNVBM6LFOO62HUXPH52YXBLSHE6L63XLDZ6X63KGA,,3000,failed,"<html>
<head><title>429 Too Many Requests</title></head>
<body>
<center><h1>429 Too Many Requests</h1></center>
<hr><center>openresty</center>
</body>
</html>
"
62P2RN4IWMH3J3DGXHLZJZTAETL5AY3RHIO3TPHEC4WRDP2MQVDQ,,3000,failed,"{""data"":{""app-index"":3548200231,""eval-states"":[{},{""stack"":[0]}],""group-index"":1,""pc"":126},""message"":""TransactionPool.Remember: transaction KFRSI6AYBAVQJPEZQTAASFQCITWMN7K7AZLTS7DABKONY6IERBUA: logic eval error: assert failed pc=126. Details: app=3548200231, pc=126, opcodes=app_global_get; \u003e; assert""}
"
2ZTO6WQLKVBSUARXSUVCIHZM35STCW7W7F6UR6SNOMYFLU5HROAA,,3000,failed,"{""data"":{""app-index"":3548200231,""eval-states"":[{},{""stack"":[0]}],""group-index"":1,""pc"":126},""message"":""TransactionPool.Remember: transaction DK5J7FZANSAKKMMKQMGYOFKICHGBZT7HWQ7GHATS3UQDN42L67YA: logic eval error: assert failed pc=126. Details: app=3548200231, pc=126, opcodes=app_global_get; \u003e; assert""}
"
KZRJXIXHLNMJBGCQRXZJ5P6OO2JJHSF56H7CUDNXA3UYE57SLTPA,,3000,failed,"<html>
<head><title>429 Too Many Requests</title></head>
<body>
<center><h1>429 Too Many Requests</h1></center>
<hr><center>openresty</center>
</body>
</html>
"
2XISD6C7H2VAYZTVVVCLLWIVSKTFHOZUKBBK32F3JEMR2UK4FBKA,,3000,failed,"{""data"":{""app-index"":3548200231,""eval-states"":[{},{""stack"":[0]}],""group-index"":1,""pc"":126},""message"":""TransactionPool.Remember: transaction GRE7AQMSBG4UBXPPRW4FBFKODSJLOWUSBSAA2PD7RLRL3ESSMQLA: logic eval error: assert failed pc=126. Details: app=3548200231, pc=126, opcodes=app_global_get; \u003e; assert""}
"
3346BFADS2CQ6NUUT5V5LX3WRYH6DRAH6UDDD22O5MRFURSVSNYQ,,3000,failed,"<html>
<head><title>429 Too Many Requests</title></head>
<body>
<center><h1>429 Too Many Requests</h1></center>
<hr><center>openresty</center>
</body>
</html>
"
OY55NZVMSQ5ECUCCUB5HM6FRL4IBK7NSKFO4ONTYGT5GAWJZVAYA,,3000,failed,"<html>
<head><title>429 Too Many Requests</title></head>
<body>
<center><h1>429 Too Many Requests</h1></center>
<hr><center>openresty</center>
</body>
</html>
"
HVJUZMP7UV4VMOORIF2Q4LHS6BTZ2UWYEZIWAGWTI5IMT3MQBZYQ,,3000,failed,"<html>
<head><title>429 Too Many Requests</title></head>
<body>
<center><h1>429 Too Many Requests</h1></center>
<hr><center>openresty</center>
</body>
</html>
"
GG7KAP6XL3BFRJ4ANDPTYXJN3CIHR5NFWXNLONXECTWZOVFHYH4Q,,3000,failed,"<html>
<head><title>429 Too Many Requests</title></head>
<body>
<center><h1>429 Too Many Requests</h1></center>
<hr><center>openresty</center>
</body>
</html>
"
NK5MDRNEHM4E45V4UU3YKBXS4UCID6QFYF4CXA5BBTVS5DF2ZNBQ,,3000,failed,"{""data"":{""app-index"":3548200231,""eval-states"":[{},{""stack"":[0]}],""group-index"":1,""pc"":126},""message"":""TransactionPool.Remember: transaction BJVLVKE3S6IOMYYLFA4UOP7ECAQLTN7YWHPHPVGUEFOZRRGOHZKQ: logic eval error: assert failed pc=126. Details: app=3548200231, pc=126, opcodes=app_global_get; \u003e; assert""}
"
DHFC7JFBBYQSEW36ON6IG34NV3XD2ZVL3SIF4SYO3OVRUJLTTJ5A,,3000,failed,"<html>
<head><title>429 Too Many Requests</title></head>
<body>
<center><h1>429 Too Many Requests</h1></center>
<hr><center>openresty</center>
</body>
</html>
"
MJBFL3LC3B235ZBDPLYMD2PEHZO6EXNW7NUG4HLVXZSNR3B5M35A,,3000,failed,"<html>
<head><title>429 Too Many Requests</title></head>
<body>
<center><h1>429 Too Many Requests</h1></center>
<hr><center>openresty</center>
</body>
</html>
"
27IWCJ3XTJAKL24ETQN4I7SEYGX7N2SVKEGC6FPDVV6ZFZOFK27A,,3000,failed,"{""data"":{""app-index"":3548200231,""eval-states"":[{},{""stack"":[0]}],""group-index"":1,""pc"":126},""message"":""TransactionPool.Remember: transaction O7A2JXLZBHZHP3H3GJFTV7CV6QJZUPA2Z64K2WSUDRV6UPQNEFUQ: logic eval error: assert failed pc=126. Details: app=3548200231, pc=126, opcodes=app_global_get; \u003e; assert""}
"
LLFRITBMH5X26QJL3CX2JIXAO3NAIFCUOSKFNFQTH4IP7VR76COQ,6.669188737869263,2000,success,
HD7S4LTB7BM5JTJYU3KCHRMD67PYT2FLTVS5HZGBKRDKDS33THRQ,,3000,failed,"<html>
<head><title>429 Too Many Requests</title></head>
<body>
<center><h1>429 Too Many Requests</h1></center>
<hr><center>openresty</center>
</body>
</html>
"
X4UWIGVP6HN6IPY62EXQIVY464B7M7WKZO6VY5MA72PNK7U3RAYA,3.9423747062683105,2000,success,
FNZW32Q4R23SFFUGRWAUBCOU3U5PCCL3AA3EYFMUZRNYLH5BFVKQ,,3000,failed,"<html>
<head><title>429 Too Many Requests</title></head>
<body>
<center><h1>429 Too Many Requests</h1></center>
<hr><center>openresty</center>
</body>
</html>
"
BWUKHILZPN6JF6G34DOWTNVQ3XUL6SUIEAIYFH324TD7TR6TEFIQ,,3000,failed,"{""data"":{""app-index"":3548200231,""eval-states"":[{},{""stack"":[0]}],""group-index"":1,""pc"":126},""message"":""TransactionPool.Remember: transaction IT6D4LCU6KAY532ABXTXAXIM5ZE5K4JGLMYRYHYHL3S3YMP2MZ3A: logic eval error: assert failed pc=126. Details: app=3548200231, pc=126, opcodes=app_global_get; \u003e; assert""}
"
MSJ5PEUDTL34N54RYET4TZ2NYYAN7BEHJMPQQI7IDFWHSB4RGHPQ,,3000,failed,"{""data"":{""app-index"":3548200231,""eval-states"":[{},{""stack"":[0]}],""group-index"":1,""pc"":126},""message"":""TransactionPool.Remember: transaction HGY6AAGOSZJDKMAL4LH6BUFXYZJDNWIV3LTZV6BUHQJ7YYXZ67DA: logic eval error: assert failed pc=126. Details: app=3548200231, pc=126, opcodes=app_global_get; \u003e; assert""}
"
MZZ5I4SECPTP4ZYTNQBLQEHLYJBGECPUBUJAA6O3ZTEORXURFUGA,7.804903507232666,2000,success,
3EOCCFWG5ZJYHCSZFYNGPZP7YGE24DNT2JLHADZ42ZVEA4KGT4UA,,3000,failed,"<html>
<head><title>429 Too Many Requests</title></head>
<body>
<center><h1>429 Too Many Requests</h1></center>
<hr><center>openresty</center>
</body>
</html>
"
CDY5CXJKGCS3URG35EPZZNMPBYDRPBWOJLV3JBJXMNVX3K3THTMA,,3000,failed,"<html>
<head><title>429 Too Many Requests</title></head>
<body>
<center><h1>429 Too Many Requests</h1></center>
<hr><center>openresty</center>
</body>
</html>
"
4G3YLRDAPUMWHHL4JUFNUK7J3XC6XESCXM3RNQQL4GBF3YUKMS3A,,3000,failed,"{""data"":{""app-index"":3548200231,""eval-states"":[{},{""stack"":[0]}],""group-index"":1,""pc"":126},""message"":""TransactionPool.Remember: transaction 3NCAEEL5FVWHHZMR7YCYZKEHQO6RPBF2OVF6SZ56WPDMXXFUAZ5Q: logic eval error: assert failed pc=126. Details: app=3548200231, pc=126, opcodes=app_global_get; \u003e; assert""}
"
SIKQL2QTVAGS76F4SGOYUIJ3D4MPY34WZQWN4MRHQBUZYCERFWPQ,6.030124664306641,2000,success,
JEVOBZC2RKQGEFDGFQHUF3D7OSPIOQJZO4Y6MUFWN75OB2PLM2ZA,,3000,failed,"<html>
<head><title>429 Too Many Requests</title></head>
<body>
<center><h1>429 Too Many Requests</h1></center>
<hr><center>openresty</center>
</body>
</html>
"
FV3M5M2KEOVW6GYGWWUQAXC6OV5EMCCBM6PXOG4W5Y6DEUYVUZFA,3.375478744506836,2000,success,
ZMGK7C6GJPE3OFAYACTCEDFNBZXC5LFXJJV3QNSAOPEQ42IEEO2Q,,3000,failed,"<html>
<head><title>429 Too Many Requests</title></head>
<body>
<center><h1>429 Too Many Requests</h1></center>
<hr><center>openresty</center>
</body>
</html>
"
3L2MN6FHBWIXCMAJI5II4OXA2BM34JGMLN6DJZHVSBKQSOO2KA7Q,,3000,failed,"{""data"":{""app-index"":3548200231,""eval-states"":[{},{""stack"":[0]}],""group-index"":1,""pc"":126},""message"":""TransactionPool.Remember: transaction GYZZZ2ALZUKSR5CQPHGJ6ATM4U5VRQD5MKHDXC72AMP5STDZN2XA: logic eval error: assert failed pc=126. Details: app=3548200231, pc=126, opcodes=app_global_get; \u003e; assert""}
"
FBXWHMWMMZCD3UDEZEU45LUHC5LTJ4NOTYATCSDZKZPGYGTLLGJA,,3000,failed,"<html>
<head><title>429 Too Many Requests</title></head>
<body>
<center><h1>429 Too Many Requests</h1></center>
<hr><center>openresty</center>
</body>
</html>
"
5TVU7GYG66XPJKQOMITUX4LN4HJBJ4CJIDVO4SXTABAMT4POXUZQ,,3000,failed,"<html>
<head><title>429 Too Many Requests</title></head>
<body>
<center><h1>429 Too Many Requests</h1></center>
<hr><center>openresty</center>
</body>
</html>
"
LEVGK4FDYHGJWD2IHF6RTUR2GMHROZTV43Y2ECWONMZQJCXXKA7A,10.736566305160522,2000,success,
AUFSJAFR4GTBJ6QSBKLLUEDZWHXZ5MG6F5AFQQBSSHM7OHTWMGTA,,3000,failed,"{""data"":{""app-index"":3548200231,""eval-states"":[{},{""stack"":[0]}],""group-index"":1,""pc"":126},""message"":""TransactionPool.Remember: transaction QKZ4GKPRWGATEE33HQDFC3PDST3C2YYHRK5WTBHFGKZWF366CQCQ: logic eval error: assert failed pc=126. Details: app=3548200231, pc=126, opcodes=app_global_get; \u003e; assert""}
"
MCJ5CLFL5SW3XZBMAKLOBNB2GHX6UVLGINIFK3LOVXVSEQYJVN5A,,3000,failed,"<html>
<head><title>429 Too Many Requests</title></head>
<body>
<center><h1>429 Too Many Requests</h1></center>
<hr><center>openresty</center>
</body>
</html>
"
YXIIT4H2CH5DSHLHV5JMEYOVGPVIKMNP7FS33YIDTAWL27A74Y6A,,3000,failed,"{""data"":{""app-index"":3548200231,""eval-states"":[{},{""stack"":[0]}],""group-index"":1,""pc"":126},""message"":""TransactionPool.Remember: transaction HA33SABQEGYU4TDEW3TH24PLOIF6VYQCNZQQIPOBOBNQCVHRPGMA: logic eval error: assert failed pc=126. Details: app=3548200231, pc=126, opcodes=app_global_get; \u003e; assert""}
"
KEUZ4CJ3YSAJI5RHBCGTCMPBGQGQSYSZEAQ5ETA3HVPMZR3HFJFA,,3000,failed,"<html>
<head><title>429 Too Many Requests</title></head>
<body>
<center><h1>429 Too Many Requests</h1></center>
<hr><center>openresty</center>
</body>
</html>
"
GPCGDME3H4N7ML6BVZ6KWXUXEAKHC2GYIRM4R2VRODYUMUOZBGMA,5.748872995376587,2000,success,
VIURRPAL7HQPWTK2KFAH6J6EGQUJI7QKDRISYKZR4P66LS3V4BSA,,3000,failed,"<html>
<head><title>429 Too Many Requests</title></head>
<body>
<center><h1>429 Too Many Requests</h1></center>
<hr><center>openresty</center>
</body>
</html>
"
CT7NZXW536WNUCSQVSVG44Q3QJYKHL7LXXHTZCG747VOV4XJF3RQ,,3000,failed,"<html>
<head><title>429 Too Many Requests</title></head>
<body>
<center><h1>429 Too Many Requests</h1></center>
<hr><center>openresty</center>
</body>
</html>
"
IY5AKQKKPZPTK3XIIG6WLO5246KEBQ5WNK7UG6LKGKBFQDU6O63Q,4.210511207580566,2000,success,
QYHTUEFBFCGCECKRCFW7Q3GYFVMZDYZS6JS32IF54NSJHEUJ5OWA,,3000,failed,"<html>
<head><title>429 Too Many Requests</title></head>
<body>
<center><h1>429 Too Many Requests</h1></center>
<hr><center>openresty</center>
</body>
</html>
"
4L7YDDQGFKHANB4JSTQQDYOFSDDXTROKFUUYQX5AP3DEHIE3RLAA,6.560626983642578,2000,success,
BQUKL45EXGDHRYCCGLCHJQQTMOY6DDR463PFJSZBQZZBMJTWCAOQ,,3000,failed,"<html>
<head><title>429 Too Many Requests</title></head>
<body>
<center><h1>429 Too Many Requests</h1></center>
<hr><center>openresty</center>
</body>
</html>
"
YLCMJT7XCO2RPU4ZA644TJR5JRCXWHZFZJ3V4363XV2VZIMEREYA,,3000,failed,"<html>
<head><title>429 Too Many Requests</title></head>
<body>
<center><h1>429 Too Many Requests</h1></center>
<hr><center>openresty</center>
</body>
</html>
"
R6VK4YD2BDJJ4UD3IMVOQQ4CLWS4TSSJSOTRAF3VO4LMGNI3HQIA,,3000,failed,"<html>
<head><title>429 Too Many Requests</title></head>
<body>
<center><h1>429 Too Many Requests</h1></center>
<hr><center>openresty</center>
</body>
</html>
"
VXO3YI3MJPMSSI72XEAMVF4AKFL4JMHNXNCNCOZ76V37IAIZWYSQ,6.3325417041778564,2000,success,
XQX27LW3P2WZ7KKA33RHEUTSDVKKBDMEI3U3EH6WETNX5Z47IEYQ,7.218066453933716,2000,success,
PZKR5KVEXTGK2HKT5F5B6KKZA36HUCXNBEDCLXMS44BO4P5HM7DQ,,3000,failed,"<html>
<head><title>429 Too Many Requests</title></head>
<body>
<center><h1>429 Too Many Requests</h1></center>
<hr><center>openresty</center>
</body>
</html>
"
3UOPWG2ODZGODEVG4MF2OHMPLZPVD64UOHEWKSXYHVZ7XBWHQXHA,6.454505681991577,2000,success,
3HW6VGNCO2X7BZGH55NRDYHQXNUUXFT7O35USU2MRIKE7X4AXT5A,5.538346529006958,2000,success,
OPWVERP4COLV5YNCDOMOICCYRZU2P5DJFPQGUFYLHWFG5PNGDNZQ,,3000,failed,"{""data"":{""app-index"":3548200231,""eval-states"":[{},{""stack"":[0]}],""group-index"":1,""pc"":126},""message"":""TransactionPool.Remember: transaction GTDLDB64QLJ34B6XAKA6QJT5ETYENFGALM6FJN4BOR64PGCEDXMA: logic eval error: assert failed pc=126. Details: app=3548200231, pc=126, opcodes=app_global_get; \u003e; assert""}
"
JMKM7G4OBOQUGJEXKVVYSGGYIMKLA2PZ2BWZPNNXJZHCCSIC6OCQ,,3000,failed,"<html>
<head><title>429 Too Many Requests</title></head>
<body>
<center><h1>429 Too Many Requests</h1></center>
<hr><center>openresty</center>
</body>
</html>
"
M4YCDW4LHMRVRJA3CGVHVQJ37SNU2UESEZE4XGF3ZIB6ZCLOIFSA,5.571147203445435,2000,success,
TUMW5Q7HTJQP7AE7LGSNTWBUCWGKRRNE5ECC6KM47TS7PYHXSUCQ,,3000,failed,"<html>
<head><title>429 Too Many Requests</title></head>
<body>
<center><h1>429 Too Many Requests</h1></center>
<hr><center>openresty</center>
</body>
</html>
"
QBOOXIWRXZSHONHLAUGA3UMXSTUOU54XRX2VAPAIQZEAGN4GAKPQ,6.342939853668213,2000,success,
EHZCA7EQXYE6GFENFERH6QTX66QI3NSGYAKWOJACY7ENGXL5B4AA,,3000,failed,"{""data"":{""app-index"":3548200231,""eval-states"":[{},{""stack"":[0]}],""group-index"":1,""pc"":126},""message"":""TransactionPool.Remember: transaction 45NHTN3N2SSA7W6DHZYLP32WLG54IHDGXXP7Y2LQJVNGWRR22IIA: logic eval error: assert failed pc=126. Details: app=3548200231, pc=126, opcodes=app_global_get; \u003e; assert""}
"
BFJCGX3AUVLTMH7OEAXETWBFMCAXD2ZDYANPXEDUTXA222P7WU4Q,5.716258764266968,2000,success,
COQRNET6NKZ2TW2NPLEGAS5RJ6N245A3QVUKTREMLK6IJ4BSOXGQ,,3000,failed,"<html>
<head><title>429 Too Many Requests</title></head>
<body>
<center><h1>429 Too Many Requests</h1></center>
<hr><center>openresty</center>
</body>
</html>
"
ESAVGM7RVCLPEC57QOGKZA46N7D6XDZE5IBSJP2O3W7RFR4AKLFA,,3000,failed,"<html>
<head><title>429 Too Many Requests</title></head>
<body>
<center><h1>429 Too Many Requests</h1></center>
<hr><center>openresty</center>
</body>
</html>
"
RW5OUV2OXL6TM5H72XE5L7VXULFXOZDCG5U6O7ZPMUB5QTTBMQHQ,4.525309801101685,2000,success,
E5VDDU34BET7IAYBMEZC7FGES5RQ5MP5QDJGOLL2DL45J7MI335A,9.384154558181763,2000,success,
6YOXHUPTL4NXOS6DNYFO4YTN5353XC3D37NNTNPAE2DR2L3FYHNQ,,3000,failed,"<html>
<head><title>429 Too Many Requests</title></head>
<body>
<center><h1>429 Too Many Requests</h1></center>
<hr><center>openresty</center>
</body>
</html>
"
IH23OD6R4Z6V37IU4U6CDX6OGCO2VDSFAKNOAJAPNSUIWTZXFYEQ,6.57481050491333,2000,success,
ENBRVSTXMPF2AKFELAMP4YCILXDKX6AFRFGQ3ICI5NIKCCWZLVFA,,3000,failed,"{""data"":{""app-index"":3548200231,""eval-states"":[{},{""stack"":[0]}],""group-index"":1,""pc"":126},""message"":""TransactionPool.Remember: transaction UIJ2PSBRBCLVAAU2OCAB52HRXYPPXZ6ELFGTIGW4JGPUU26AAGIQ: logic eval error: assert failed pc=126. Details: app=3548200231, pc=126, opcodes=app_global_get; \u003e; assert""}
"
AEUV7OVVCXHYKQ6JUSQ2L2OLLVFXDSSTV3XSONMLXHUT4LSZ7S4Q,,3000,failed,"{""data"":{""app-index"":3548200231,""eval-states"":[{},{""stack"":[0]}],""group-index"":1,""pc"":126},""message"":""TransactionPool.Remember: transaction PPW3HCA2VSB2FTJ6KP7WHMICDFCECX3AJBXYP4UPRGMHDK26IQFQ: logic eval error: assert failed pc=126. Details: app=3548200231, pc=126, opcodes=app_global_get; \u003e; assert""}
"
F6ZADMSSEWICKJSVWORZEIRXTSQF54SACF5AI2XW4OSQEXJ7SAZA,4.303689956665039,2000,success,
VI3WBX7JY5W6RJQLPX23QV5QDFD7MELFCMODRX74WIYEY6KVPFAA,,3000,failed,"{""data"":{""app-index"":3548200231,""eval-states"":[{},{""stack"":[0]}],""group-index"":1,""pc"":126},""message"":""TransactionPool.Remember: transaction L45TEJS4GHXF5UOL26Y27YZ66ZMI7NNACYSHEXS5GWFYB7DYCOVQ: logic eval error: assert failed pc=126. Details: app=3548200231, pc=126, opcodes=app_global_get; \u003e; assert""}
"
E2D6F3TWORMBWMIVV7CA5B7SX2MUDEHZIA4KB5XGVG6QEWOJV6XQ,7.238265514373779,2000,success,
Y72NFPYGJGOOOPGGKW5EJPN3V3PL73V3C5RSKRISDWLX4ZERCJDQ,,3000,failed,"{""data"":{""app-index"":3548200231,""eval-states"":[{},{""stack"":[0]}],""group-index"":1,""pc"":126},""message"":""TransactionPool.Remember: transaction HBTJR6GPRCZVU4IUKRKO4ZPU7HCMDLN5Q2BPYO2HAYFDJVNA2QGQ: logic eval error: assert failed pc=126. Details: app=3548200231, pc=126, opcodes=app_global_get; \u003e; assert""}
"
B65BYCRVXTBX6I2QIWXCAC6JXUXSXVU6HMAJCMAOJKPAJUNQCF3Q,,3000,failed,"<html>
<head><title>429 Too Many Requests</title></head>
<body>
<center><h1>429 Too Many Requests</h1></center>
<hr><center>openresty</center>
</body>
</html>
"
GYYHQ6Y5ZTGCCATELJOOFPEMTJC34QPHNG4VXBESDOKCSCNIGNBA,,3000,failed,"{""data"":{""app-index"":3548200231,""eval-states"":[{},{""stack"":[0]}],""group-index"":1,""pc"":126},""message"":""TransactionPool.Remember: transaction 7CQA7R6QD2XAZ2GIAWV2RASOIIUBVNC3OPJPS37TZ6E35ZZ4URJA: logic eval error: assert failed pc=126. Details: app=3548200231, pc=126, opcodes=app_global_get; \u003e; assert""}
"
6JMKZVGM6GX6J3YDL3PVJLUGPVMQFZY2TDQWEKB5GSZBGFY2O3BA,,3000,failed,"<html>
<head><title>429 Too Many Requests</title></head>
<body>
<center><h1>429 Too Many Requests</h1></center>
<hr><center>openresty</center>
</body>
</html>
"
SI4ADTWBHN2Y5H3LX6MAHODRTXFKPJ4Y2JPUEVE34X72XEQ77PLQ,,3000,failed,"{""data"":{""app-index"":3548200231,""eval-states"":[{},{""stack"":[0]}],""group-index"":1,""pc"":126},""message"":""TransactionPool.Remember: transaction CY277GHPMKKZGETLMYIEKZ5QI3MQDQMHTTECGIWXOBWL2XHYVZOA: logic eval error: assert failed pc=126. Details: app=3548200231, pc=126, opcodes=app_global_get; \u003e; assert""}
"
VGXHPMQYDGMBXNXLNL7VGV4FI2ZKCAWEK54LRA6FRWPRDYLZA23Q,5.441565275192261,2000,success,
NNHRIN7AUQP4CWL25CBEPHUJIZEXQUQJUS76I5I7XJA2BEDQOLXA,,3000,failed,"<html>
<head><title>429 Too Many Requests</title></head>
<body>
<center><h1>429 Too Many Requests</h1></center>
<hr><center>openresty</center>
</body>
</html>
"
T5NASZZOBLYZO5D57ESCI7BLS53VBGWNOVK5F3J24AJ74GLMA5IQ,,3000,failed,"{""data"":{""app-index"":3548200231,""eval-states"":[{},{""stack"":[0]}],""group-index"":1,""pc"":126},""message"":""TransactionPool.Remember: transaction DHBOA2FC6GJDPBNBOEEPRJWEV23C7IIV7JHGGVWAD7D2IA62GXMA: logic eval error: assert failed pc=126. Details: app=3548200231, pc=126, opcodes=app_global_get; \u003e; assert""}
"
H5CEOZ7XEBCOYV335GANDSRW5NU35P7YITBFNAFINIWYJK3VD6OA,12.532796859741211,2000,success,
VTDILXGJR24BLMCHNUE4XX5CCUKZJT2FO3EZK7DZ3S3MXBZY6IGQ,,3000,failed,"<html>
<head><title>429 Too Many Requests</title></head>
<body>
<center><h1>429 Too Many Requests</h1></center>
<hr><center>openresty</center>
</body>
</html>
"
YH33IBWJWNPAZHZQNGJHOMLS72ILYGYDQPKTTOCWCAEATQJMYN6Q,,3000,failed,"{""data"":{""app-index"":3548200231,""eval-states"":[{},{""stack"":[0]}],""group-index"":1,""pc"":126},""message"":""TransactionPool.Remember: transaction OIRK7UEJ7BGOUZYP2RMWH6OSVS7JBQAFYEKG3NIG7Y2IR3NPRKUQ: logic eval error: assert failed pc=126. Details: app=3548200231, pc=126, opcodes=app_global_get; \u003e; assert""}
"
BNMRG62GJXGI7LPBQKSE2UU3Y5CMAJK62PE3K2ETJY4RJ2RSXXNQ,,3000,failed,"{""data"":{""app-index"":3548200231,""eval-states"":[{},{""stack"":[0]}],""group-index"":1,""pc"":126},""message"":""TransactionPool.Remember: transaction I2DGUHXZQUAK3K6G5RT62V5GHHE77OHTTPMWFZZD65XNDA5HYNQQ: logic eval error: assert failed pc=126. Details: app=3548200231, pc=126, opcodes=app_global_get; \u003e; assert""}
"
R5KAD5IG4NJNW3YNNIPA2UOYUMMPACFZEADDHFWOHO5JXLYAIKCA,,3000,failed,"{""data"":{""app-index"":3548200231,""eval-states"":[{},{""stack"":[0]}],""group-index"":1,""pc"":126},""message"":""TransactionPool.Remember: transaction PI5GWMN4T7ISVWSYZKDE732M6ZYZDSPHF5PYZK2LXMAKKC26TDRA: logic eval error: assert failed pc=126. Details: app=3548200231, pc=126, opcodes=app_global_get; \u003e; assert""}
"
OFPN5JIYRHICJBU3566WG4F5PFCABE7DTZCHKJJCDPY5NZBDQYRQ,7.934406518936157,2000,success,
QL3YLEYMCNQBZBLAA7NBYM44KPEMACVVRJHMEQTIRXIADUQF7BPQ,5.436960220336914,2000,success,
7NOJSD55SUIJWSC654JEODZME2ORRXEWIAD7T37IVXCNCQLVOEZA,5.341163635253906,2000,success,
3TPSOPA2I4CTYNIWTIIOUGJ2DPE25PKGSFKRB5OYQEPEGZV35HSA,6.567530632019043,2000,success,
JTWCBRCVUH5JQ2AMSY4GBSATQ76NVBMRXNOXQK2R2T3M3MOU7XLA,,3000,failed,"<html>
<head><title>429 Too Many Requests</title></head>
<body>
<center><h1>429 Too Many Requests</h1></center>
<hr><center>openresty</center>
</body>
</html>
"
RDA4PTRWHNNWFC6Z5VLP2XNQDRXEZF54OPPJCPQVM2CG2XKN7WVA,5.425394773483276,2000,success,
Y6F2AZEPJAI3HP45TAG36NHHJUQGQKHVB37S7US753ZGHMGHSFHA,,3000,failed,"{""data"":{""app-index"":3548200231,""eval-states"":[{},{""stack"":[0]}],""group-index"":1,""pc"":126},""message"":""TransactionPool.Remember: transaction WQ4JG2FGX2EH5YCCK6EQJP7FRKUAFQDDCOHYB4UW3BHM6EPSALFA: logic eval error: assert failed pc=126. Details: app=3548200231, pc=126, opcodes=app_global_get; \u003e; assert""}
"
CDUDPVSNPDQPGQ62EJPNTHRFVXTUUIZP2P3OQXFO4BMMBX37WSJA,,3000,failed,"{""data"":{""app-index"":3548200231,""eval-states"":[{},{""stack"":[0]}],""group-index"":1,""pc"":126},""message"":""TransactionPool.Remember: transaction OCMI2LTSCMPQ6MUI4EUDF3AYRSHEBGYBPMWDQRKPJKKS2QZLII4A: logic eval error: assert failed pc=126. Details: app=3548200231, pc=126, opcodes=app_global_get; \u003e; assert""}
"
SMDOYLNW7UQGU5WSNFWEQTBEXQPRAWT4GMTC67AZ4ASDYXSZV3CQ,,3000,failed,"{""data"":{""app-index"":3548200231,""eval-states"":[{},{""stack"":[0]}],""group-index"":1,""pc"":126},""message"":""TransactionPool.Remember: transaction DPWKG7LCMU2MGCAPVVIPSEHG6D5W7XFPJHY54IABCINHC5O45LEQ: logic eval error: assert failed pc=126. Details: app=3548200231, pc=126, opcodes=app_global_get; \u003e; assert""}
"
B7GPTES5PCCYG6BN32QRUVEFVLYWVL2RARSI5WAIUG7ALN3XFG2Q,,3000,failed,"<html>
<head><title>429 Too Many Requests</title></head>
<body>
<center><h1>429 Too Many Requests</h1></center>
<hr><center>openresty</center>
</body>
</html>
"
X7WIL5QNMZVNNISYOMYYLAFRZ3OUKARHSHLJOY7XDPYVKFFROGYA,,3000,failed,"{""data"":{""app-index"":3548200231,""eval-states"":[{},{""stack"":[0]}],""group-index"":1,""pc"":126},""message"":""TransactionPool.Remember: transaction CWFHRM6M4FVLRMZQCNTUXL2FSTJQSAJGV2PEQ2TX5OEG2C3VENCA: logic eval error: assert failed pc=126. Details: app=3548200231, pc=126, opcodes=app_global_get; \u003e; assert""}
"
PCWYLHFQZENJL7ZC63TWGN5BY5OQM2VGCEUHLP4XI6HMWYOEMDHA,,3000,failed,"<html>
<head><title>429 Too Many Requests</title></head>
<body>
<center><h1>429 Too Many Requests</h1></center>
<hr><center>openresty</center>
</body>
</html>
"
RE6ZR37JVVFSLEG6WK53TMYFFVZHBEDTLYBGO4MWPJPJHJUYS4BQ,,3000,failed,"{""data"":{""app-index"":3548200231,""eval-states"":[{},{""stack"":[0]}],""group-index"":1,""pc"":126},""message"":""TransactionPool.Remember: transaction UJ3LGOKQTAEPQ3XIXYUH73BQQAPAXFTH7ETAZK6NG3WAZMEOP2AQ: logic eval error: assert failed pc=126. Details: app=3548200231, pc=126, opcodes=app_global_get; \u003e; assert""}
"
G6VN3ABSFWNZRML5CDXGZX5MTIS4ZSYJWH2OGRVVHAXAWTCO2M4A,,3000,failed,"<html>
<head><title>429 Too Many Requests</title></head>
<body>
<center><h1>429 Too Many Requests</h1></center>
<hr><center>openresty</center>
</body>
</html>
"
F2DEN343HOZ6SSB7AKDCMEVKFQLBPU23CPF73JFIRLSME5A3XXJA,,3000,failed,"<html>
<head><title>429 Too Many Requests</title></head>
<body>
<center><h1>429 Too Many Requests</h1></center>
<hr><center>openresty</center>
</body>
</html>
"
5AU75ZUSOSHB3ZWWGRSJVBAOCMTH2RQYKKXTMOBEVBLL3IEV22VQ,,3000,failed,"<html>
<head><title>429 Too Many Requests</title></head>
<body>
<center><h1>429 Too Many Requests</h1></center>
<hr><center>openresty</center>
</body>
</html>
"
2YWMVUXZVKODQ3ZR2S3UT4Z3RD4KR7A2KFYV4MTT6YVFF43DYEQA,8.491145610809326,2000,success,
AJRQEZ3DNNDRTISC2ENQJN2EOEL7EFMSRXNMRDUZZLGJOUVVLJKA,,3000,failed,"<html>
<head><title>429 Too Many Requests</title></head>
<body>
<center><h1>429 Too Many Requests</h1></center>
<hr><center>openresty</center>
</body>
</html>
"
VKI6XZEZRJUE4LNVSJS322OWBBI64R2JCQ4QPMXMBE6VRPV4TLOQ,,3000,failed,"<html>
<head><title>429 Too Many Requests</title></head>
<body>
<center><h1>429 Too Many Requests</h1></center>
<hr><center>openresty</center>
</body>
</html>
"
MHQ53NXKBGA5PMGQ6N52MF6MYAMLJ35MXX5ZALUAMQNCNOO5SKSA,,3000,failed,"<html>
<head><title>429 Too Many Requests</title></head>
<body>
<center><h1>429 Too Many Requests</h1></center>
<hr><center>openresty</center>
</body>
</html>
"
XX7FIM73LY2PX5JP2NSK3HM5KPQLMZSG52VE7KMUQM7FMHRZBIIQ,,3000,failed,"{""data"":{""app-index"":3548200231,""eval-states"":[{},{""stack"":[0]}],""group-index"":1,""pc"":126},""message"":""TransactionPool.Remember: transaction 6BAE6YQR2XVOJGFUFBTZLGG575LIM57EWNA36UCJMV3HSBM4YUQQ: logic eval error: assert failed pc=126. Details: app=3548200231, pc=126, opcodes=app_global_get; \u003e; assert""}
"
G5XKP3PS6LFFYWCPPB3YCDDIH3IDIDL7WOOET7LD2AWBGYDTPENA,,3000,failed,"<html>
<head><title>429 Too Many Requests</title></head>
<body>
<center><h1>429 Too Many Requests</h1></center>
<hr><center>openresty</center>
</body>
</html>
"
AZ5LSDV42R7EKNLJAB3SGTYLWZV64JLJUKQMFCWSOGSIFEEEMBIQ,7.10465407371521,2000,success,
UUQZK7FCVZHNIKKDFOL234DAMTJGHCO5HXCKNMSFCKG2NMISFOHQ,,3000,failed,"<html>
<head><title>429 Too Many Requests</title></head>
<body>
<center><h1>429 Too Many Requests</h1></center>
<hr><center>openresty</center>
</body>
</html>
"
5AN2YVGPRRB2OL2X5UUEP5A7O52BHUP2SMUW5PROWSRARV6M67RA,,3000,failed,"<html>
<head><title>429 Too Many Requests</title></head>
<body>
<center><h1>429 Too Many Requests</h1></center>
<hr><center>openresty</center>
</body>
</html>
"
63ASS3TDS6E7KM27LOJGHUX5ONF556OLMGE7IQZ55FH3LDOE3NEQ,,3000,failed,"<html>
<head><title>429 Too Many Requests</title></head>
<body>
<center><h1>429 Too Many Requests</h1></center>
<hr><center>openresty</center>
</body>
</html>
"
WTQMJHM6CW5RKLTJM5G4EIP4MEZAHEYUXDPFZYDFQXRFZCDQBSZA,5.441258668899536,2000,success,
I2FMSVCBY6BNI5W5LIV6USU2OUEVOFHRP425OCIMFGEBSIAPRKEQ,,3000,failed,"{""data"":{""app-index"":3548200231,""eval-states"":[{},{""stack"":[0]}],""group-index"":1,""pc"":126},""message"":""TransactionPool.Remember: transaction BWTXSRTRTLAIMB33SYPOJ3R6YS5GQGKOROFP3ACXGMCO7ZOCBKEQ: logic eval error: assert failed pc=126. Details: app=3548200231, pc=126, opcodes=app_global_get; \u003e; assert""}
"
U457MWOPVL7EGSSBY2ZPHSUJZG72LGRYBNH36GHEA3LQHAW7UOPA,,3000,failed,"<html>
<head><title>429 Too Many Requests</title></head>
<body>
<center><h1>429 Too Many Requests</h1></center>
<hr><center>openresty</center>
</body>
</html>
"
QIUTSTXOX6MUWVEBLVMFWXWF2XKX3FOLQ4GXQ77LOZJP6X7VWROQ,,3000,failed,"{""data"":{""app-index"":3548200231,""eval-states"":[{},{""stack"":[0]}],""group-index"":1,""pc"":126},""message"":""TransactionPool.Remember: transaction LLGVHKDXQ7XKBM6ACKKNQ5KVGGMCKAOM2ZBPB5JH56CJSRMGBXWA: logic eval error: assert failed pc=126. Details: app=3548200231, pc=126, opcodes=app_global_get; \u003e; assert""}
"
GUUPKNDGVHRIGA3DPQ4AVTYY5JUFOTUMX3I7LZSQDDKFE6OT5HCQ,,3000,failed,"{""data"":{""app-index"":3548200231,""eval-states"":[{},{""stack"":[0]}],""group-index"":1,""pc"":126},""message"":""TransactionPool.Remember: transaction 7QS622ZNNXATAW4IJEW4Z6VFAYEUP43YPC25NKUOTXHXOVFLYPDQ: logic eval error: assert failed pc=126. Details: app=3548200231, pc=126, opcodes=app_global_get; \u003e; assert""}
"
B4KLQNDE2OFRHANCMMFHREKUPYLHE6OI66XC6GCJ5IOZDC6PCJMA,,3000,failed,"<html>
<head><title>429 Too Many Requests</title></head>
<body>
<center><h1>429 Too Many Requests</h1></center>
<hr><center>openresty</center>
</body>
</html>
"
5ANVGYHRYTZYS7AGPZDXDP7PD6MZN23IVW7KEYD5HGUTKND6NGZQ,,3000,failed,"<html>
<head><title>429 Too Many Requests</title></head>
<body>
<center><h1>429 Too Many Requests</h1></center>
<hr><center>openresty</center>
</body>
</html>
"
XNFFDG2BTIAKRR4B4G3XJNHK4AF4C3QEJNUY5AA7GELIHO72ECCQ,,3000,failed,"<html>
<head><title>429 Too Many Requests</title></head>
<body>
<center><h1>429 Too Many Requests</h1></center>
<hr><center>openresty</center>
</body>
</html>
"
ZOEIGPLXS44IAC7RUW6T7QIBM2HTDVGV47IDY37KFOHVP3WYNR6A,,3000,failed,"<html>
<head><title>429 Too Many Requests</title></head>
<body>
<center><h1>429 Too Many Requests</h1></center>
<hr><center>openresty</center>
</body>
</html>
"
NZ56ROA3XSC4TM5OFCR3L5B5TLHHDLBDFKAH6JN4IHZAMJSN66JA,,3000,failed,"<html>
<head><title>429 Too Many Requests</title></head>
<body>
<center><h1>429 Too Many Requests</h1></center>
<hr><center>openresty</center>
</body>
</html>
"
TAV3RQ47MF2N26M42TRQZRUR4L5FB3XJTVSWCPOL6DIQMIQIN4EA,,3000,failed,"<html>
<head><title>429 Too Many Requests</title></head>
<body>
<center><h1>429 Too Many Requests</h1></center>
<hr><center>openresty</center>
</body>
</html>
"
FX3DEX32C6DK2ASDPNLRAZ5IMDAWODARTJGIRATIMEVPFBICXZBA,,3000,failed,"<html>
<head><title>429 Too Many Requests</title></head>
<body>
<center><h1>429 Too Many Requests</h1></center>
<hr><center>openresty</center>
</body>
</html>
"
X5QPW4PXIVMIUOX6DSKEBUVR6XJ7TFH47U72G3KH4TQKI35WRNZA,,3000,failed,"{""data"":{""app-index"":3548200231,""eval-states"":[{},{""stack"":[0]}],""group-index"":1,""pc"":126},""message"":""TransactionPool.Remember: transaction CKUZDAMYYDWW4CAS3FW5QTU2Z23Q5Y4OZEWNQROF3PJ4ORMRO75A: logic eval error: assert failed pc=126. Details: app=3548200231, pc=126, opcodes=app_global_get; \u003e; assert""}
"
DWD2TXALEP3JTRXXQNRS3NKLJHE2BZ5DHK4TCHOQ5MV6EK2TEJKA,,3000,failed,"<html>
<head><title>429 Too Many Requests</title></head>
<body>
<center><h1>429 Too Many Requests</h1></center>
<hr><center>openresty</center>
</body>
</html>
"
WHC26K66RGMO3HIZGSX6KSO36M6T6YSW5UCVE3UFNSPPCFSSEAYQ,7.657468795776367,2000,success,
GLA5HVY2IZWIWMIGKY3GLZH5AAINDJ3WN7RFVBTUPKLWAFGJYBTQ,,3000,failed,"{""data"":{""app-index"":3548200231,""eval-states"":[{},{""stack"":[0]}],""group-index"":1,""pc"":126},""message"":""TransactionPool.Remember: transaction ZT6BXW4W6FH4BVMNYQ2GMIXYON4FAREZUBRDMPJVDTKQD3STBAAQ: logic eval error: assert failed pc=126. Details: app=3548200231, pc=126, opcodes=app_global_get; \u003e; assert""}
"
4LXBD5SQ6ENQ6V5FSBYQ7IAB7K6RLA5IL5LAW2G3B2PY22WD2TVA,,3000,failed,"{""data"":{""app-index"":3548200231,""eval-states"":[{},{""stack"":[0]}],""group-index"":1,""pc"":126},""message"":""TransactionPool.Remember: transaction KVEVYYQ23BSQ4LJWCRRT3K6NH3G3RBRZKNMY3SKQI2VAEK4W6EQA: logic eval error: assert failed pc=126. Details: app=3548200231, pc=126, opcodes=app_global_get; \u003e; assert""}
"
MEDI5P2ODNN6AAT5COKLPA24DNO7FLCO5M325KWKBBBOGZ6F7QCQ,8.520652294158936,2000,success,
GRM2464SPZCI6PSOLBCEZ7HM7SQY6V4L6PF4MG25GH76JS445I5Q,,3000,failed,"<html>
<head><title>429 Too Many Requests</title></head>
<body>
<center><h1>429 Too Many Requests</h1></center>
<hr><center>openresty</center>
</body>
</html>
"
KW67S7FJPEZIRIFTBB3WMR7VXJOBZP73X3SNXWFORJ5YHSFCHIDA,10.336328506469727,2000,success,
UYGLZS7UAURDRFZLI23RENKL7CNEIQW3NVEN44KQOENLXPPW5Z6Q,,3000,failed,"<html>
<head><title>429 Too Many Requests</title></head>
<body>
<center><h1>429 Too Many Requests</h1></center>
<hr><center>openresty</center>
</body>
</html>
"
EFAA7SOWV5UL6NSIMKV5X6XSFJNZN2E3EAHQEPWE2PP3BIH2F27A,,3000,failed,"{""data"":{""app-index"":3548200231,""eval-states"":[{},{""stack"":[0]}],""group-index"":1,""pc"":126},""message"":""TransactionPool.Remember: transaction HVHWABKFBAFYZL6VWHFZIFDP7C6CW5HHEF7VYOFTLU6TK2GMJWOQ: logic eval error: assert failed pc=126. Details: app=3548200231, pc=126, opcodes=app_global_get; \u003e; assert""}
"
AXWTBSQHC7OPG6HX7U4QATUYRZTARML7U3344G2XXSF72O4P6L2Q,,3000,failed,"<html>
<head><title>429 Too Many Requests</title></head>
<body>
<center><h1>429 Too Many Requests</h1></center>
<hr><center>openresty</center>
</body>
</html>
"
ZYY3IMBGXSI45X6UYNAJXAI7SXVWNVFYZ7UHKBYQAZFQMDNN2LLA,,3000,failed,"<html>
<head><title>429 Too Many Requests</title></head>
<body>
<center><h1>429 Too Many Requests</h1></center>
<hr><center>openresty</center>
</body>
</html>
"
LMNTCSQXFHF6GRFSPWT2A7VBZ6RPKSH6ZG4HHAGBDAN3WBX6XLZQ,,3000,failed,"<html>
<head><title>429 Too Many Requests</title></head>
<body>
<center><h1>429 Too Many Requests</h1></center>
<hr><center>openresty</center>
</body>
</html>
"
PHZWAA3QQQD75FKUWIBYUY7KFXOVSOLISWJGRRYRRXJFROOUFB2A,,3000,failed,"<html>
<head><title>429 Too Many Requests</title></head>
<body>
<center><h1>429 Too Many Requests</h1></center>
<hr><center>openresty</center>
</body>
</html>
"
7I4FRFAZXAN2LEFCPZ4QRVTBWFGXRIJWKOQ5BHO5R6Y7OWS5DPGA,,3000,failed,"<html>
<head><title>429 Too Many Requests</title></head>
<body>
<center><h1>429 Too Many Requests</h1></center>
<hr><center>openresty</center>
</body>
</html>
"
C3DWU5OKTQGAZWKP3HNHRIDAAFMJF6YLS5ORFWPON2V3ACP3KTMQ,8.824985265731812,2000,success,
OGLU2CFKZCEIONFELKMLMMFGKYC6OGLKUZXWNJLDBIQJTW3NQTRQ,,3000,failed,"{""data"":{""app-index"":3548200231,""eval-states"":[{},{""stack"":[0]}],""group-index"":1,""pc"":126},""message"":""TransactionPool.Remember: transaction JSMDFSOC6VJQJB5SSV5733RTNJUVLWYTHP6NFQ5I667Z5VPK4EHA: logic eval error: assert failed pc=126. Details: app=3548200231, pc=126, opcodes=app_global_get; \u003e; assert""}
"
BRZB3RAWZMBU5NZ7Q4P2RDY67B6BR4BBCB7C5V2K7MDXRXFSKYBA,,3000,failed,"<html>
<head><title>429 Too Many Requests</title></head>
<body>
<center><h1>429 Too Many Requests</h1></center>
<hr><center>openresty</center>
</body>
</html>
"
EPIBCPL6GGFXV3FU3N5MXZHSNREGHOSXQ5UJTZJMZLRS5IUA25TQ,,3000,failed,"{""data"":{""app-index"":3548200231,""eval-states"":[{},{""stack"":[0]}],""group-index"":1,""pc"":126},""message"":""TransactionPool.Remember: transaction NHMY565MTUHQE3MNY6X77CTAX4TYVFGCSNZOBHX22BP72R5VHMWA: logic eval error: assert failed pc=126. Details: app=3548200231, pc=126, opcodes=app_global_get; \u003e; assert""}
"
4AS6XXUDKISNN6GBZUZ457NBR3Z5AJVFGFQJH6ASJU64P7ZKXBDA,,3000,failed,"<html>
<head><title>429 Too Many Requests</title></head>
<body>
<center><h1>429 Too Many Requests</h1></center>
<hr><center>openresty</center>
</body>
</html>
"
QAJ6TLCYNZ4I4PLKRVJ5QNGQEJ4MXCIDYEMFHXXXV3MPHFJFWPUQ,6.774766206741333,2000,success,
LM6XSOJXYQE5WBPTJ5PZX6Y4CF4HZ3NSVNE4J52XQMFDVE5ZRAYA,,3000,failed,"<html>
<head><title>429 Too Many Requests</title></head>
<body>
<center><h1>429 Too Many Requests</h1></center>
<hr><center>openresty</center>
</body>
</html>
"
A2PZJ7TIPBSI2G7KG5RJT64JKBTEXKG37BFC7QVSK5JDAZBE3LTA,,3000,failed,"{""data"":{""app-index"":3548200231,""eval-states"":[{},{""stack"":[0]}],""group-index"":1,""pc"":126},""message"":""TransactionPool.Remember: transaction BMB52VUKVWUJ3DMFM2NUK2DXNOX7F56DG3NVHLWVSRN44PEE6OCA: logic eval error: assert failed pc=126. Details: app=3548200231, pc=126, opcodes=app_global_get; \u003e; assert""}
"
KSHWAWQF3HYCSQTX23XXFMZONYKXCP7MDLNEJ2RTUEWCZF5FTWFA,4.3201189041137695,2000,success,
D4H3DF2FRTTS2DUQCYFGMEZQHFC4GF3INXJNPBZZNGZNPHIDMTGQ,3.4195330142974854,2000,success,
HDFZLWDYCWQTZ2UT7FLFMQFVJGOWT3SSZHMHLCZCJQ4KAA4C36IQ,,3000,failed,"<html>
<head><title>429 Too Many Requests</title></head>
<body>
<center><h1>429 Too Many Requests</h1></center>
<hr><center>openresty</center>
</body>
</html>
"
LMQBHD6RBINZ5GJ7YEDRRUEYB5IDRXBHITHCCDQXF5LWQDSPCCEQ,,3000,failed,"<html>
<head><title>429 Too Many Requests</title></head>
<body>
<center><h1>429 Too Many Requests</h1></center>
<hr><center>openresty</center>
</body>
</html>
"
EZAHZ5U4OFSSPAZPU5E4EGBNPPXL5UPLEFNFNI6Q6JLL7W222Q6A,11.408727169036865,2000,success,
5R7LXV4KOD3CK2W7YHPL7OQXWUHG4ANEKGJDI7FQNKORLGDROCPQ,5.642366647720337,2000,success,
B2HJ64ZE4LWNHV56E3P4344XXAN646J5CHONAG3IIGCUFXHQ73NQ,,3000,failed,"{""data"":{""app-index"":3548200231,""eval-states"":[{},{""stack"":[0]}],""group-index"":1,""pc"":126},""message"":""TransactionPool.Remember: transaction G5234USP6AVR34P2ZYUHN25NKJSSUVY7FQFH34LDYAWCKIOV77GA: logic eval error: assert failed pc=126. Details: app=3548200231, pc=126, opcodes=app_global_get; \u003e; assert""}
"
BSAGK75DWCEEBSTD66S6USKZACJJZKZTB7P5VNT2RZ52UHVUD5ZQ,,3000,failed,"<html>
<head><title>429 Too Many Requests</title></head>
<body>
<center><h1>429 Too Many Requests</h1></center>
<hr><center>openresty</center>
</body>
</html>
"
6NGDM3I2RFYK46IV5TKTMA62LBV66JBBQBJY3EIKZCVLJUCXBDWA,6.508955478668213,2000,success,
E7YWTWRV6BP63LMULISNYTU2T4O2AV3VUYFP6GUSN23FY2CRB4OA,8.567145824432373,2000,success,
PY5SCJQLC66E67U3BZR36LTSHHF3ABI3JYFEJIFHK2LNNJ4ASEXQ,,3000,failed,"<html>
<head><title>429 Too Many Requests</title></head>
<body>
<center><h1>429 Too Many Requests</h1></center>
<hr><center>openresty</center>
</body>
</html>
"
DLGLWUPSPGYCFDF6DYYYTMWSVYFGR25VZGITNT4RT3NUPCF44UQQ,,3000,failed,"<html>
<head><title>429 Too Many Requests</title></head>
<body>
<center><h1>429 Too Many Requests</h1></center>
<hr><center>openresty</center>
</body>
</html>
"
VTVZJ3B2UHHSPOT2CLFDRWKJG2SQ2JWCXGZTMXFG3QFC3FT4S6JA,,3000,failed,"{""data"":{""app-index"":3548200231,""eval-states"":[{},{""stack"":[0]}],""group-index"":1,""pc"":126},""message"":""TransactionPool.Remember: transaction GT3SQWUT5TQRTGTPTYQJFORPEKBB4IMQZRYJPWN2D4B2LHFWGRQA: logic eval error: assert failed pc=126. Details: app=3548200231, pc=126, opcodes=app_global_get; \u003e; assert""}
"
6XA5OKPZWCLROIS2TT3RUVE4MQ4EDV32PDLAHN77BUPD23ABQHQA,,3000,failed,"{""data"":{""app-index"":3548200231,""eval-states"":[{},{""stack"":[0]}],""group-index"":1,""pc"":126},""message"":""TransactionPool.Remember: transaction OI7HE3HV7GKBYIT4IU5XCOMHXJMZERZOZDT6NUW5GNKJ3G2I3HDA: logic eval error: assert failed pc=126. Details: app=3548200231, pc=126, opcodes=app_global_get; \u003e; assert""}
"
6T2WJDUFCUPEVFMSY7YRSHQRDT2SFGTLBILXAWSHA2AW5Z2FETOA,5.329638481140137,2000,success,
ACS3PB237WIBPKWA267HTQLLXL4TWMEIJMW6U6VPIU23JSLR3HHA,,3000,failed,"{""data"":{""app-index"":3548200231,""eval-states"":[{},{""stack"":[0]}],""group-index"":1,""pc"":126},""message"":""TransactionPool.Remember: transaction TNAOZPH7JOA2KDUKE3KVA5J2RAVEXLM7UEWD27FDWSKYJKPZAS2A: logic eval error: assert failed pc=126. Details: app=3548200231, pc=126, opcodes=app_global_get; \u003e; assert""}
"
D4HFO7LBRG3PJJUC26VSMMJ57YVRVIHCBV2QSOZROH5KL7YF4PNA,,3000,failed,"<html>
<head><title>429 Too Many Requests</title></head>
<body>
<center><h1>429 Too Many Requests</h1></center>
<hr><center>openresty</center>
</body>
</html>
"
UMZU4KO7Q2KOBEUU3WMCCEKGNCJSXE4IMRG6AJVFEQYN7EEAWSTQ,,3000,failed,"<html>
<head><title>429 Too Many Requests</title></head>
<body>
<center><h1>429 Too Many Requests</h1></center>
<hr><center>openresty</center>
</body>
</html>
"
FJ23VRQ3BFELGXLOHVBQV75IJPHFA35VKD56ZRYQ3IIMN6LSUM7A,4.437067985534668,2000,success,
VFE3BENI3TKGEHCBHDYT75AH4H2AEH65DSY6J7T4SKWNYYXGBDRA,,3000,failed,"{""data"":{""app-index"":3548200231,""eval-states"":[{},{""stack"":[0]}],""group-index"":1,""pc"":126},""message"":""TransactionPool.Remember: transaction B33Y5DYUFHHFTTDC45HCD3GFQ74JZXQ5VFWVADZTMSEVCH7MD26A: logic eval error: assert failed pc=126. Details: app=3548200231, pc=126, opcodes=app_global_get; \u003e; assert""}
"
JI36W4F6ZLAE7FNFIVTSHYARUGUGDA5ASDPDTKCCDWEYS2K5HOYA,,3000,failed,"<html>
<head><title>429 Too Many Requests</title></head>
<body>
<center><h1>429 Too Many Requests</h1></center>
<hr><center>openresty</center>
</body>
</html>
"
OYVADHJZXBFYHDKMGH4OWV254XNGHPAFJDLVV7F2PUITJDIHSKRA,10.693130016326904,2000,success,
R3O6EPIAYMPCM7V75CM4JKKAUEPBHUQP4FZBVNJWHKV2DH3KYXSA,5.445343017578125,2000,success,
O35OZ7DNASPHF6IPXQKNKFBZUIHS66TKEUT7VZ4GPN4AYXM54YZQ,,3000,failed,"<html>
<head><title>429 Too Many Requests</title></head>
<body>
<center><h1>429 Too Many Requests</h1></center>
<hr><center>openresty</center>
</body>
</html>
"
YX4OSL4YJH65WB2LWQA3BQJBQBYXNBSMZ7R2GXDV4JUEXPEA54AA,,3000,failed,"<html>
<head><title>429 Too Many Requests</title></head>
<body>
<center><h1>429 Too Many Requests</h1></center>
<hr><center>openresty</center>
</body>
</html>
"
5LP2YAAUVRVTJDDIEF7VRK5SL57NRG4FRJXYE6FFZTDQQKJ3FKEA,,3000,failed,"<html>
<head><title>429 Too Many Requests</title></head>
<body>
<center><h1>429 Too Many Requests</h1></center>
<hr><center>openresty</center>
</body>
</html>
"
ODVSV3CE5ULYL7KRWUGY4V3XG6JXKKNEPMZWTTNWLOQ7OHCDDGTA,,3000,failed,"<html>
<head><title>429 Too Many Requests</title></head>
<body>
<center><h1>429 Too Many Requests</h1></center>
<hr><center>openresty</center>
</body>
</html>
"
QM2WHI3Q5GT33ANCKJLRZAGLHV3ALHTZYYIVSXLPVUODXCZE46YA,,3000,failed,"{""data"":{""app-index"":3548200231,""eval-states"":[{},{""stack"":[0]}],""group-index"":1,""pc"":126},""message"":""TransactionPool.Remember: transaction ZC3JXOXBSJJ7J23XA2BBATYRIEJM7DDIL7A7LAMXVJICLMWORAOA: logic eval error: assert failed pc=126. Details: app=3548200231, pc=126, opcodes=app_global_get; \u003e; assert""}
"
LKIBNMRIQAUNZHKZCL6DTNQFFYAW3YNZJJA3T5O6TPILSSO2HCVQ,,3000,failed,"<html>
<head><title>429 Too Many Requests</title></head>
<body>
<center><h1>429 Too Many Requests</h1></center>
<hr><center>openresty</center>
</body>
</html>
"
AV6ZV2VWWPDMA5PQRB6EPOX5KZDF5FT6FOWD3LPH6XCHC364YZNA,,3000,failed,"<html>
<head><title>429 Too Many Requests</title></head>
<body>
<center><h1>429 Too Many Requests</h1></center>
<hr><center>openresty</center>
</body>
</html>
"
3ALEA3WKXSX3PZFEN2P7AZRU57A445ACAKFEM4UBAC4FY66AGUMQ,6.388788223266602,2000,success,
4MJV6QS2ZLFONOTOTHY4LG4VJIQFKLRLI7EN42SHYABMEGCFZC6Q,,3000,failed,"<html>
<head><title>429 Too Many Requests</title></head>
<body>
<center><h1>429 Too Many Requests</h1></center>
<hr><center>openresty</center>
</body>
</html>
"
NCAWAFMBW5OX2ZEO3QEKLNMHGFCMBFJGI4G3HAE4N7QVVND6DS7A,,3000,failed,"<html>
<head><title>429 Too Many Requests</title></head>
<body>
<center><h1>429 Too Many Requests</h1></center>
<hr><center>openresty</center>
</body>
</html>
"
5OV7ARG65KANKO7GQXXWTCW242OZYQGRJOL7IJJGISQ7HITWWGBA,9.321512937545776,2000,success,
6Y2X3NW2WTIPN62WSFETPT4D7DNQVPCKRCK2Q4XB2KP5RT2WIWDA,,3000,failed,"<html>
<head><title>429 Too Many Requests</title></head>
<body>
<center><h1>429 Too Many Requests</h1></center>
<hr><center>openresty</center>
</body>
</html>
"
NVCUSPK25VBUGGSKEVP7TGACMZFHUZ23XP32X6UZ4D4OH6S57XCA,,3000,failed,"<html>
<head><title>429 Too Many Requests</title></head>
<body>
<center><h1>429 Too Many Requests</h1></center>
<hr><center>openresty</center>
</body>
</html>
"
7FD6KDRFZIN24ZVMSWTVFCT4NLTEWXYIL6ZACYJIFXO77RI2APIQ,,3000,failed,"{""data"":{""app-index"":3548200231,""eval-states"":[{},{""stack"":[0]}],""group-index"":1,""pc"":126},""message"":""TransactionPool.Remember: transaction COBLW6TEH6KRU6SRKMCO5FNCK6POCF4O4PY7F6VWDLBZW3QWBH7A: logic eval error: assert failed pc=126. Details: app=3548200231, pc=126, opcodes=app_global_get; \u003e; assert""}
"
6WJ2ZTKDBZT6KQPIJR5UZDUVQJBA33T5JDBNMSN6HGBMWMBRS3ZA,,3000,failed,"<html>
<head><title>429 Too Many Requests</title></head>
<body>
<center><h1>429 Too Many Requests</h1></center>
<hr><center>openresty</center>
</body>
</html>
"
Y5R3APVKIYM2LWSKU4DJ66ITAY3TLLSNILT5LS3IUIA5MASBDBDQ,,3000,failed,"<html>
<head><title>429 Too Many Requests</title></head>
<body>
<center><h1>429 Too Many Requests</h1></center>
<hr><center>openresty</center>
</body>
</html>
"
NPLJCPQAUGEQ55Q4TYCAY25X6XZ4M3Q2DCLB2ANDHHJ4CTRTDBFQ,,3000,failed,"<html>
<head><title>429 Too Many Requests</title></head>
<body>
<center><h1>429 Too Many Requests</h1></center>
<hr><center>openresty</center>
</body>
</html>
"
5PJHAV2EDGKDMUK2OZRCBWWHW3T6GUR7VA4OZQNZGD5FSAAKUPFA,4.315804958343506,2000,success,
QYCUO4KWJA5IAWFUAWGB4JD7VMZMUE3FWEG5V6FMXQJLOIAOQS7Q,,3000,failed,"<html>
<head><title>429 Too Many Requests</title></head>
<body>
<center><h1>429 Too Many Requests</h1></center>
<hr><center>openresty</center>
</body>
</html>
"
S4WK5P6ZHEZBLUHPF5LGZHAZCMB75U32QN2FPDRSJMO4MUMQMEQQ,,3000,failed,"{""data"":{""app-index"":3548200231,""eval-states"":[{},{""stack"":[0]}],""group-index"":1,""pc"":126},""message"":""TransactionPool.Remember: transaction H46WALJI5OH7MOPH5DHLX5Y7734LOSMO4YR73625DV75VQE7F5DQ: logic eval error: assert failed pc=126. Details: app=3548200231, pc=126, opcodes=app_global_get; \u003e; assert""}
"
FTU6FXTSGJI5RWOOPRZ7MFZKTDXGHCMRPBQ7AZEOA5CBFFCK6IKA,,3000,failed,"<html>
<head><title>429 Too Many Requests</title></head>
<body>
<center><h1>429 Too Many Requests</h1></center>
<hr><center>openresty</center>
</body>
</html>
"
FCLPOHRTCJXYQ5XBRD4KNC7YG2R55RVNUARSJC6JDKILLLJEH7OA,,3000,failed,"<html>
<head><title>429 Too Many Requests</title></head>
<body>
<center><h1>429 Too Many Requests</h1></center>
<hr><center>openresty</center>
</body>
</html>
"
RSSWYRMRGL4RAWQV5EFJJNPDZHAU324EO35VLAOTDB4LD62DFBQQ,,3000,failed,"<html>
<head><title>429 Too Many Requests</title></head>
<body>
<center><h1>429 Too Many Requests</h1></center>
<hr><center>openresty</center>
</body>
</html>
"
QIYKEUUD4FSGZUCF7WFOPOZO7R2YR2DTNAFZ6JHOJUUWZ65VPOXA,,3000,failed,"{""data"":{""app-index"":3548200231,""eval-states"":[{},{""stack"":[0]}],""group-index"":1,""pc"":126},""message"":""TransactionPool.Remember: transaction GZP63JS223NNDPMQ4FIRRFNLDUXFKYX3DGKZDN2AOQIKYWWPMDZA: logic eval error: assert failed pc=126. Details: app=3548200231, pc=126, opcodes=app_global_get; \u003e; assert""}
"
PH2CAWZHFA3UUB5VAZG7NCOJZCIXGJO75EZULO7C45AVDCT6ZBRQ,,3000,failed,"{""data"":{""app-index"":3548200231,""eval-states"":[{},{""stack"":[0]}],""group-index"":1,""pc"":126},""message"":""TransactionPool.Remember: transaction MSVG2LTNITT7RWUK4TNBRKNKITT6WYSP2E3HUA6DHOV6GMTCZODQ: logic eval error: assert failed pc=126. Details: app=3548200231, pc=126, opcodes=app_global_get; \u003e; assert""}
"
M32O4KFTVASIKKRP63TL7UFCRYOOPJ6HF3VATK25L2CLJTXHEWUQ,,3000,failed,"<html>
<head><title>429 Too Many Requests</title></head>
<body>
<center><h1>429 Too Many Requests</h1></center>
<hr><center>openresty</center>
</body>
</html>
"
GVK2TLPWOTYG6M7U4YYCP5VEDN5A4ISQ6UBMFTCPCYXXY5N7BXEA,6.423983097076416,2000,success,
BYI72QQBU64YB6L3RZIZGGZXFCDDZKJUSUQMQATSYPYOQG2WVNVQ,,3000,failed,"{""data"":{""app-index"":3548200231,""eval-states"":[{},{""stack"":[0]}],""group-index"":1,""pc"":126},""message"":""TransactionPool.Remember: transaction 3LXQJ5DW7ZIL3VEIYBK5TAW7BYCYFJESLIOR5LREDHTDVQDVJUZQ: logic eval error: assert failed pc=126. Details: app=3548200231, pc=126, opcodes=app_global_get; \u003e; assert""}
"
D26XZHPMDEBXPE3TXT6T3GFHV5QEZQPNYYRL3RFC6P4VNDB7HRAA,,3000,failed,"<html>
<head><title>429 Too Many Requests</title></head>
<body>
<center><h1>429 Too Many Requests</h1></center>
<hr><center>openresty</center>
</body>
</html>
"
RI45E4S4KJH7XQSMQH7PPH76EZVXTKVW3733LDSJ23YF6BW6OYKQ,,3000,failed,"<html>
<head><title>429 Too Many Requests</title></head>
<body>
<center><h1>429 Too Many Requests</h1></center>
<hr><center>openresty</center>
</body>
</html>
"
7WY3XFSFVXMMEJDEPX7UUHZVYMZOXSVI3YA22GC6XM3TO3PFFXMQ,,3000,failed,"<html>
<head><title>429 Too Many Requests</title></head>
<body>
<center><h1>429 Too Many Requests</h1></center>
<hr><center>openresty</center>
</body>
</html>
"
OBNKXINAL2QYNCNZA2TM4HERX5CZQYCAP5FCFMAULRA53FVRL4LA,,3000,failed,"<html>
<head><title>429 Too Many Requests</title></head>
<body>
<center><h1>429 Too Many Requests</h1></center>
<hr><center>openresty</center>
</body>
</html>
"
N7CN533NSWNGZGQ5QSG3NXCPWGKZWJZW5WFPLPC47UKRO6VYJI3Q,,3000,failed,"{""data"":{""app-index"":3548200231,""eval-states"":[{},{""stack"":[0]}],""group-index"":1,""pc"":126},""message"":""TransactionPool.Remember: transaction K7JGZCT4IS5K3IF4JX2B5DIAQNRXGFNDLUMKYFJB6Y6RZ4LU5YHQ: logic eval error: assert failed pc=126. Details: app=3548200231, pc=126, opcodes=app_global_get; \u003e; assert""}
"
F6KB3HDIPPIBPRNVLOEFXYD22GL52MOXCG4MT4FKEUDZVSZRTLAQ,,3000,failed,"{""data"":{""app-index"":3548200231,""eval-states"":[{},{""stack"":[0]}],""group-index"":1,""pc"":126},""message"":""TransactionPool.Remember: transaction VFR5XFSQFXFSSMW5HAT4J4F254A7OEGW6RVPL2QW2KKVZAXI2F5Q: logic eval error: assert failed pc=126. Details: app=3548200231, pc=126, opcodes=app_global_get; \u003e; assert""}
"
JAY2R747FAKGTCULZZNCW24PFPPLY2PEIG7FJG6HWQSOE2XMZKZA,,3000,failed,"<html>
<head><title>429 Too Many Requests</title></head>
<body>
<center><h1>429 Too Many Requests</h1></center>
<hr><center>openresty</center>
</body>
</html>
"
Y4P4P5T4D2JVFVHWEZMFC6B4JM6ZOL6P4UPBAVSASPH2SU53DHFA,8.435796737670898,2000,success,
PNBCOXZGTN5AJ35O4NPSUYDUFLCHDRYZLWV3TBOVTDEUIICUKD3Q,,3000,failed,"{""data"":{""app-index"":3548200231,""eval-states"":[{},{""stack"":[0]}],""group-index"":1,""pc"":126},""message"":""TransactionPool.Remember: transaction CBCMBWEGLVDKGLKETSEMVCPYEVM25B7IHBXAYPVCFG3SFFHOHT6Q: logic eval error: assert failed pc=126. Details: app=3548200231, pc=126, opcodes=app_global_get; \u003e; assert""}
"
E5JJ6BY2GAJ3ZEVKEG5ENEYHQXGLK7THHBPUHB2ZJUCEYZQKTRTQ,,3000,failed,"<html>
<head><title>429 Too Many Requests</title></head>
<body>
<center><h1>429 Too Many Requests</h1></center>
<hr><center>openresty</center>
</body>
</html>
"
ARNBFIUZOZRBWZ4534FVZC4EXP676WOTE5YTEN3A3TMODJMVFZAQ,7.452291965484619,2000,success,
R3YJMKIPMKCIV2RDLMBBOHEQIDIYJJN6UEJ5TSWVC75UJAFEBWYA,5.062638521194458,2000,success,
FIPNU7UFJUHNUPPR7EHDCA6LKWW732LMBJCIOIACGDWYKWUJUQJQ,5.457065582275391,2000,success,
J2KKSV5CLGRCFMNWSQCCQNJ5HHC6V75T7PYEEC3HW4ENXZE5Y2GQ,5.2151196002960205,2000,success,
VPUWP6HKOBCG43WH24WHTSTSE4NYO7SY2U5FF4JDUAYVQRUBBZ5A,,3000,failed,"{""data"":{""app-index"":3548200231,""eval-states"":[{},{""stack"":[0]}],""group-index"":1,""pc"":126},""message"":""TransactionPool.Remember: transaction CI2UIGA6V7DVATZJZAN64S2P2SIKVSVYGCP6IPPNHQSHQGY2QUDQ: logic eval error: assert failed pc=126. Details: app=3548200231, pc=126, opcodes=app_global_get; \u003e; assert""}
"
65IXCIQXPPPPLC3ZL7T5QXEZDJDWZ6GP6FXVR7YBMZSVV6LPER4A,,3000,failed,"{""data"":{""app-index"":3548200231,""eval-states"":[{},{""stack"":[0]}],""group-index"":1,""pc"":126},""message"":""TransactionPool.Remember: transaction ZU3AYKOH4THS3ATSY3YXSQW2VGN7UJKTPP3FG2RZADZWXAPBGK7Q: logic eval error: assert failed pc=126. Details: app=3548200231, pc=126, opcodes=app_global_get; \u003e; assert""}
"
J2UQJB24LJ3PHLGVW27KULFO5ZCPCLWYUX3JLVORSPEVEXWVB3HA,,3000,failed,"{""data"":{""app-index"":3548200231,""eval-states"":[{},{""stack"":[0]}],""group-index"":1,""pc"":126},""message"":""TransactionPool.Remember: transaction HTYHKH276VA2NJ4MZI3FDRNQDXL6N26PGDDWMPIMPN3TFSBQ5Z4Q: logic eval error: assert failed pc=126. Details: app=3548200231, pc=126, opcodes=app_global_get; \u003e; assert""}
"
R7TQOD2GMWCGPBQXOS6H2GCQJU5Q7MU7HQV7ZKNHBVAXTEISTLKQ,,3000,failed,"<html>
<head><title>429 Too Many Requests</title></head>
<body>
<center><h1>429 Too Many Requests</h1></center>
<hr><center>openresty</center>
</body>
</html>
"
YVXKCD7ARNUKO22XBRWEGV3SCCROJLZTIVH6EYKL2ZPZ52EJ4ENQ,,3000,failed,"<html>
<head><title>429 Too Many Requests</title></head>
<body>
<center><h1>429 Too Many Requests</h1></center>
<hr><center>openresty</center>
</body>
</html>
"
AIZGCJLAG5EUYWVU5FVJDL6OGVERX5SOUGO6CL6FDV74WG66DLLA,,3000,failed,"<html>
<head><title>429 Too Many Requests</title></head>
<body>
<center><h1>429 Too Many Requests</h1></center>
<hr><center>openresty</center>
</body>
</html>
"
RBJILBF6WWE7DLMTP4G5DXC7JFRP3NFQOQZ3CUFVEUFMT73XD2SQ,,3000,failed,"{""data"":{""app-index"":3548200231,""eval-states"":[{},{""stack"":[0]}],""group-index"":1,""pc"":126},""message"":""TransactionPool.Remember: transaction WBDSH7AHEOY7J63L45DWNVENW4LVB5TFGDQUZMRHUUAPJPVMGS2Q: logic eval error: assert failed pc=126. Details: app=3548200231, pc=126, opcodes=app_global_get; \u003e; assert""}
"
5LZII5EKJIROCBN3GESETSSJ3CV52UHLBRQS64XGPEJFM2Z5GUMQ,,3000,failed,"<html>
<head><title>429 Too Many Requests</title></head>
<body>
<center><h1>429 Too Many Requests</h1></center>
<hr><center>openresty</center>
</body>
</html>
"
4BPC5XEKXTP2OGFJDYGS77PTOXVBYSGVI3KUAMAOMFAU5KRSSS6Q,,3000,failed,"<html>
<head><title>429 Too Many Requests</title></head>
<body>
<center><h1>429 Too Many Requests</h1></center>
<hr><center>openresty</center>
</body>
</html>
"
26TE3F2UGXI2VNQ45OFO6QQY5IJZ7PCIWS6PLGSZTYVVO6AMIQPA,,3000,failed,"<html>
<head><title>429 Too Many Requests</title></head>
<body>
<center><h1>429 Too Many Requests</h1></center>
<hr><center>openresty</center>
</body>
</html>
"
GZYC4TGXYSQHNP66H7XVGSWI2GP6RC3QETHJUAHXHZ4TN32BO7PA,,3000,failed,"<html>
<head><title>429 Too Many Requests</title></head>
<body>
<center><h1>429 Too Many Requests</h1></center>
<hr><center>openresty</center>
</body>
</html>
"
ORT3AJZXMRRJGBT4GF5CMOIWZL664UYSFNAMZ3LIC535WGTMEP7A,,3000,failed,"{""data"":{""app-index"":3548200231,""eval-states"":[{},{""stack"":[0]}],""group-index"":1,""pc"":126},""message"":""TransactionPool.Remember: transaction QZRK2UFKQC2Y5DWUO3I7CEUG6C2OKDX2HBMWIK27IFUB2WZYXWFQ: logic eval error: assert failed pc=126. Details: app=3548200231, pc=126, opcodes=app_global_get; \u003e; assert""}
"
2YL2DGZPOC4EW3G2AV2YTVTZ4OLWTCXQP5G7J2CJUZTBE3BAO33Q,,3000,failed,"{""data"":{""app-index"":3548200231,""eval-states"":[{},{""stack"":[0]}],""group-index"":1,""pc"":126},""message"":""TransactionPool.Remember: transaction DVUY4X2B7F75QO7ICNCWCCOIPJ3XQ2AT3DII2HIWPTVAELKBMMYA: logic eval error: assert failed pc=126. Details: app=3548200231, pc=126, opcodes=app_global_get; \u003e; assert""}
"
GBEEI4JCNXFOAKAFW2G5LQWN5ACXIUP4NKBKY6M3KVQEDBFFLMVQ,,3000,failed,"<html>
<head><title>429 Too Many Requests</title></head>
<body>
<center><h1>429 Too Many Requests</h1></center>
<hr><center>openresty</center>
</body>
</html>
"
UZRK45ELEOC7B5MRKOPNFAE6SYHCJ4WUJK7O26PGCFB33NL7O7SQ,,3000,failed,"<html>
<head><title>429 Too Many Requests</title></head>
<body>
<center><h1>429 Too Many Requests</h1></center>
<hr><center>openresty</center>
</body>
</html>
"
M3QPTNNOZ7QDOHOIJN3UG5SM2BG5BB2CCLO2VVCCDDLFS4QEREHA,9.154422044754028,2000,success,
EAS65SAWYDDEDPSUVJOXWAUIQOLQPR63KBSLKUPIFXWPHFV2EMTA,,3000,failed,"<html>
<head><title>429 Too Many Requests</title></head>
<body>
<center><h1>429 Too Many Requests</h1></center>
<hr><center>openresty</center>
</body>
</html>
"
62ESUMDIJBIME25AWCW5S7R7Q5VFFKOVQFETBWJDQQJSUV72G7PA,,3000,failed,"<html>
<head><title>429 Too Many Requests</title></head>
<body>
<center><h1>429 Too Many Requests</h1></center>
<hr><center>openresty</center>
</body>
</html>
"
Q5QVRTWVFLLZG55GEAX3EIK4GFCP2ZD5BF57DG3KGLC7G3RIRKQQ,,3000,failed,"<html>
<head><title>429 Too Many Requests</title></head>
<body>
<center><h1>429 Too Many Requests</h1></center>
<hr><center>openresty</center>
</body>
</html>
"
5DR32GYPTIVFGGABVZLDIKSFQXHV2HR47K4ACN6B5CWBQKH74ONA,7.628145694732666,2000,success,
MNPTGX6REJKFQ7F5J2M2PAVH2OFNY5OPLAYYKRPKFO2FQCCDCWSA,,3000,failed,"<html>
<head><title>429 Too Many Requests</title></head>
<body>
<center><h1>429 Too Many Requests</h1></center>
<hr><center>openresty</center>
</body>
</html>
"
CAYAA5DXQGOTTW2LAUDZP44EFJQHLJZ5CLILVU5JL4FR7ZA56ZXQ,,3000,failed,"<html>
<head><title>429 Too Many Requests</title></head>
<body>
<center><h1>429 Too Many Requests</h1></center>
<hr><center>openresty</center>
</body>
</html>
"
FPYLXQ535FY6N5PJEST5OPNAA7JNV2JSKGUWE2K56CW5LVAEQ5QA,,3000,failed,"<html>
<head><title>429 Too Many Requests</title></head>
<body>
<center><h1>429 Too Many Requests</h1></center>
<hr><center>openresty</center>
</body>
</html>
"
3WS65MKUOEPYOE6VVFZ7UD3O5A33KOMIEW5KYWQJMCRLCNAPSK3Q,7.350645065307617,2000,success,
CSJLZDIWE4MBPPYHKBGHBBVXXKSCRRZRU2INBZFXDOYC444TPJ6A,,3000,failed,"{""data"":{""app-index"":3548200231,""eval-states"":[{},{""stack"":[0]}],""group-index"":1,""pc"":126},""message"":""TransactionPool.Remember: transaction YOE3KGNLRQBEEKRTJHC65T5LRMS35VXQXHVJNINCECHKRXJSMBPQ: logic eval error: assert failed pc=126. Details: app=3548200231, pc=126, opcodes=app_global_get; \u003e; assert""}
"
5TWLDITEP7YOOZYLX5C67GAQOQF6X7EXYUWJ747AZEEOEY7DYV6Q,,3000,failed,"{""data"":{""app-index"":3548200231,""eval-states"":[{},{""stack"":[0]}],""group-index"":1,""pc"":126},""message"":""TransactionPool.Remember: transaction OX32QCEFUM7OU64N52ING2THPGEME6QBRQUC3ESHPPP35KY2Q5UA: logic eval error: assert failed pc=126. Details: app=3548200231, pc=126, opcodes=app_global_get; \u003e; assert""}
"
YWSICINJNZSVX5QUHCTWYIGR7H7Q5DXKHJZH7H3INRZ6SMJTFJZA,,3000,failed,"{""data"":{""app-index"":3548200231,""eval-states"":[{},{""stack"":[0]}],""group-index"":1,""pc"":126},""message"":""TransactionPool.Remember: transaction RWJGIG427REXEQET7QOAZ2RWOOM6IVGCSUCP7ZVCFEDQSKMHDQRA: logic eval error: assert failed pc=126. Details: app=3548200231, pc=126, opcodes=app_global_get; \u003e; assert""}
"
Y3Y2GCDEKWHDT3Z3R7DCMKUUJDKVEQI5C6NCWY2QKO7ZWUWG2P2Q,,3000,failed,"<html>
<head><title>429 Too Many Requests</title></head>
<body>
<center><h1>429 Too Many Requests</h1></center>
<hr><center>openresty</center>
</body>
</html>
"
7VX3HQOPBWQAQE47TREH5JTJOSMZM6MB42GMQLZFSS3P3IHWOCWA,,3000,failed,"{""data"":{""app-index"":3548200231,""eval-states"":[{},{""stack"":[0]}],""group-index"":1,""pc"":126},""message"":""TransactionPool.Remember: transaction YMHFHSDTZRWUW7HHYJKKZU5NZAFDTZ47THQ2ET3L45CYWDWFNIPQ: logic eval error: assert failed pc=126. Details: app=3548200231, pc=126, opcodes=app_global_get; \u003e; assert""}
"
TIJKTCDTVSS3BP7TFSY4HKAJ46A6I6C4FCGELXDPZ2TWB46WOZKQ,,3000,failed,"<html>
<head><title>429 Too Many Requests</title></head>
<body>
<center><h1>429 Too Many Requests</h1></center>
<hr><center>openresty</center>
</body>
</html>
"
TL5TRCV2FLWOBYUC25Q6OS372JSUCZGYP7XSVPRK54IOL7UJUZHQ,,3000,failed,"<html>
<head><title>429 Too Many Requests</title></head>
<body>
<center><h1>429 Too Many Requests</h1></center>
<hr><center>openresty</center>
</body>
</html>
"
A2ET5TEPR47XICEUIG55DM6NNZ7JN5ELM3A6UCYC2CGYEDBGS43A,,3000,failed,"{""data"":{""app-index"":3548200231,""eval-states"":[{},{""stack"":[0]}],""group-index"":1,""pc"":126},""message"":""TransactionPool.Remember: transaction Y7SOQ2A7V75P4KI7GROS4J4YC2JFVERHNXOHM4WAWFAKTXTMHDLA: logic eval error: assert failed pc=126. Details: app=3548200231, pc=126, opcodes=app_global_get; \u003e; assert""}
"
XTYSN62V6RGUN4GGM2QW5VPUY546VSAFKWPUUAS6NUJJGSK3B43Q,,3000,failed,"<html>
<head><title>429 Too Many Requests</title></head>
<body>
<center><h1>429 Too Many Requests</h1></center>
<hr><center>openresty</center>
</body>
</html>
"
6FYANRBBG3RHE46TPPNM3XYKWEDPOH7FNMATQR5P45L2OFHTO6UA,,3000,failed,"<html>
<head><title>429 Too Many Requests</title></head>
<body>
<center><h1>429 Too Many Requests</h1></center>
<hr><center>openresty</center>
</body>
</html>
"
ZWCO3YRDVW36P7OJV75GYY4DWSW2EM2O3HCSQ4JSGZDDPFWG3MJA,,3000,failed,"{""data"":{""app-index"":3548200231,""eval-states"":[{},{""stack"":[0]}],""group-index"":1,""pc"":126},""message"":""TransactionPool.Remember: transaction 6AZMMYFDQNJJ2DTA2B25J6VPFQQ6MKNFT2TZFJPWOHJWZXI7Q2AQ: logic eval error: assert failed pc=126. Details: app=3548200231, pc=126, opcodes=app_global_get; \u003e; assert""}
"
6DTJEWC6GW6DDIQHULQ2JT4RJ2RG3PEZXNHG76GKHRPFOLCHIDLQ,,3000,failed,"<html>
<head><title>429 Too Many Requests</title></head>
<body>
<center><h1>429 Too Many Requests</h1></center>
<hr><center>openresty</center>
</body>
</html>
"
QJYNMM6DFL2JQQHX57QSVWQVXLV3ZAG2KBL5DPTXTWHZDV7LPEYQ,,3000,failed,"<html>
<head><title>429 Too Many Requests</title></head>
<body>
<center><h1>429 Too Many Requests</h1></center>
<hr><center>openresty</center>
</body>
</html>
"
3MHMKI3J4YUWNVNDMWWFSMJRW4C62HGQMUAAGAVG4ZWTNAVG22IA,4.6521217823028564,2000,success,
3YWRVVLLCJHA75HJKHIWXFO4CWKALTU4TKSMIPQK5JOEL3HQ2JSQ,,3000,failed,"<html>
<head><title>429 Too Many Requests</title></head>
<body>
<center><h1>429 Too Many Requests</h1></center>
<hr><center>openresty</center>
</body>
</html>
"
UUI7JQTCFGFG2JODRIB6RDIJZQKMTDOWLQHKLAKAPCX5E23ATI3Q,,3000,failed,"<html>
<head><title>429 Too Many Requests</title></head>
<body>
<center><h1>429 Too Many Requests</h1></center>
<hr><center>openresty</center>
</body>
</html>
"
M7EYU725S7IPHEKYS5SJORT74VDA6JR3ZJQIOXBOYDOL25WECLBA,4.631036043167114,2000,success,
X2N3HBA3I3H5VGL5RED7OKL3DFK7EQ5IUNQNCEJFTWTW6NQEBEHA,,3000,failed,"<html>
<head><title>429 Too Many Requests</title></head>
<body>
<center><h1>429 Too Many Requests</h1></center>
<hr><center>openresty</center>
</body>
</html>
"
SF52E6HRIT5U5CZWJVHHTMNHYCBJY4CAUV7I7XFXADV2FUBMHETA,5.3918962478637695,2000,success,
WP4YVLEQ25YLCNDZR3WFGWY2BFBT543EAWSVWH5SYX4R7EEIF7LQ,,3000,failed,"<html>
<head><title>429 Too Many Requests</title></head>
<body>
<center><h1>429 Too Many Requests</h1></center>
<hr><center>openresty</center>
</body>
</html>
"
ZJVROGPENFCL2VG4FSH4PA3SOMA7G5AWO3EZE2THUOMNTRSKJVWA,,3000,failed,"{""data"":{""app-index"":3548200231,""eval-states"":[{},{""stack"":[0]}],""group-index"":1,""pc"":126},""message"":""TransactionPool.Remember: transaction BNMQ4HQ5QJMGJQQRW7SR4B2N7VGPDLEZ5SRGNMX46GFEI2DUJPSQ: logic eval error: assert failed pc=126. Details: app=3548200231, pc=126, opcodes=app_global_get; \u003e; assert""}
"
VZIDXE6HUVFYPVLAR3ZJR6BIELZD5H2TEN5VV2YRIVGONRPYYDGQ,,3000,failed,"<html>
<head><title>429 Too Many Requests</title></head>
<body>
<center><h1>429 Too Many Requests</h1></center>
<hr><center>openresty</center>
</body>
</html>
"
2XP4ROILZPEI5LN3HVU4YQX7DESO43QD56CI2SHI4SZ7C5A73AOQ,4.506438970565796,2000,success,
SYY7KL47CXBCPVTUJZM2AFOXHT64DC2IXV3IC3GYR6RYH7I5KDRA,,3000,failed,"<html>
<head><title>429 Too Many Requests</title></head>
<body>
<center><h1>429 Too Many Requests</h1></center>
<hr><center>openresty</center>
</body>
</html>
"
4JT6OBNCRTWYORIKJB4XI363Q3EXNH3GZM2GCZKEDKGJKZZYVUHQ,9.634277105331421,2000,success,
T3XHFJBUKIXCXCJ57QW2FSIWSHD4KVXS6GACFTVD5NARRM3Q4BFA,,3000,failed,"{""data"":{""app-index"":3548200231,""eval-states"":[{},{""stack"":[0]}],""group-index"":1,""pc"":126},""message"":""TransactionPool.Remember: transaction T3TKPDARREB7F2LI7NWIBOCWDEOMSHW7P74SPNGOAGWSAVBSXBZQ: logic eval error: assert failed pc=126. Details: app=3548200231, pc=126, opcodes=app_global_get; \u003e; assert""}
"
PG6WNUTCACXH7PRKGF3GXU7Y6YY3TEXU6RD67BOE6OVZD54PJWXQ,4.646610736846924,2000,success,
EZPRVM2VS5FQAKX5CAY4AMULNBOSOQDOJ65UJCJR3RP5HDP3GS5A,,3000,failed,"{""data"":{""app-index"":3548200231,""eval-states"":[{},{""stack"":[0]}],""group-index"":1,""pc"":126},""message"":""TransactionPool.Remember: transaction X2N5OXIRUSHJZ2QC5CAI6T3IJZGKCCW6NSBCNAAFL4TYOPYSSGYQ: logic eval error: assert failed pc=126. Details: app=3548200231, pc=126, opcodes=app_global_get; \u003e; assert""}
"
GVOJVU7WYASUGQMWDXGHYBJ3OLCSDSQ2NWMXIXRGROFDLSW2DOWA,,3000,failed,"<html>
<head><title>429 Too Many Requests</title></head>
<body>
<center><h1>429 Too Many Requests</h1></center>
<hr><center>openresty</center>
</body>
</html>
"
54IPDF76S326GA4OY7STIF6ZSC4RGRLROOE4B5AA3LDQSXORMIJQ,,3000,failed,"{""data"":{""app-index"":3548200231,""eval-states"":[{},{""stack"":[0]}],""group-index"":1,""pc"":126},""message"":""TransactionPool.Remember: transaction WVYE4I7Y2ONOLVODLVH5CBSUWSOVJNQ6UJSMBNEPO26UVWHI23CQ: logic eval error: assert failed pc=126. Details: app=3548200231, pc=126, opcodes=app_global_get; \u003e; assert""}
"
TXGNUWFSLKNNRFGR7QZJNGCJJQMUQT2Y6VWIIDE4CKIGB7NHA2BA,,3000,failed,"<html>
<head><title>429 Too Many Requests</title></head>
<body>
<center><h1>429 Too Many Requests</h1></center>
<hr><center>openresty</center>
</body>
</html>
"
VPMEWCWDRL772H4UKZW3FQVMJXCXDP2CC3ZEMWOFUEYPM6HKIFJQ,,3000,failed,"<html>
<head><title>429 Too Many Requests</title></head>
<body>
<center><h1>429 Too Many Requests</h1></center>
<hr><center>openresty</center>
</body>
</html>
"
7ZXW3Z7EMMOWJ6YO2OPRO6YA7I7FT3OZVWKWT2W42TFH65YBQCZQ,,3000,failed,"<html>
<head><title>429 Too Many Requests</title></head>
<body>
<center><h1>429 Too Many Requests</h1></center>
<hr><center>openresty</center>
</body>
</html>
"
26OKSSKW7X6OUEPCXJFANQZGJS4A6LVQ3TAJJQXOABH3BQ2TAERQ,,3000,failed,"<html>
<head><title>429 Too Many Requests</title></head>
<body>
<center><h1>429 Too Many Requests</h1></center>
<hr><center>openresty</center>
</body>
</html>
"
TZ5YUOYMLHDUG35P3ZQUZ5X4XRJ6T4PTYYGNONRIIKTWGJT5QWRQ,9.493396282196045,2000,success,
QFOU4GCFRNMDCVSCEBSX3GSMBFYYIHWGUR6OR2JTJCB3FDZZACIQ,,3000,failed,"<html>
<head><title>429 Too Many Requests</title></head>
<body>
<center><h1>429 Too Many Requests</h1></center>
<hr><center>openresty</center>
</body>
</html>
"
DJG2VGIK3H2JX56RVGZ6R4MZSF2J7FV2GDW2GGQVNZIUD2VGC3DA,,3000,failed,"{""data"":{""app-index"":3548200231,""eval-states"":[{},{""stack"":[0]}],""group-index"":1,""pc"":126},""message"":""TransactionPool.Remember: transaction 77SEE5TKKADTU7XK5JMJ3VGI7VV6WHI5UPDU6MAG43VPR7GWAPMA: logic eval error: assert failed pc=126. Details: app=3548200231, pc=126, opcodes=app_global_get; \u003e; assert""}
"
ESIODBHDP34IDMCENQ5VOUB6MO5EDEZ6WMWJR3KSBE7BYVSSPLIQ,,3000,failed,"{""data"":{""app-index"":3548200231,""eval-states"":[{},{""stack"":[0]}],""group-index"":1,""pc"":126},""message"":""TransactionPool.Remember: transaction K63SMS66VSOYMQDQOJJVLFYELWWRBU7UNTGLK44MTRTLUJZTTTXA: logic eval error: assert failed pc=126. Details: app=3548200231, pc=126, opcodes=app_global_get; \u003e; assert""}
"
MR2E47UM452LH3FGMFAVESNFE6CXLZMNCOMY45MPOQ3ANGGJYCLA,5.634495973587036,2000,success,
XMDFPWBXJ6GNNG5726CBAC3AHWCPUCXVWQFLF7H267HWGSTE25HQ,,3000,failed,"<html>
<head><title>429 Too Many Requests</title></head>
<body>
<center><h1>429 Too Many Requests</h1></center>
<hr><center>openresty</center>
</body>
</html>
"
GCI3EJ2E56FDGCTYORRQNLUHGDG3REMVIBPAFLTMVH7ZLISGNETQ,,3000,failed,"<html>
<head><title>429 Too Many Requests</title></head>
<body>
<center><h1>429 Too Many Requests</h1></center>
<hr><center>openresty</center>
</body>
</html>
"
5ZQSLE7GSUX4MAAZLVI37QUGMA2IGENXML6W7HWGYIO47AXTFEYA,,3000,failed,"{""data"":{""app-index"":3548200231,""eval-states"":[{},{""stack"":[0]}],""group-index"":1,""pc"":126},""message"":""TransactionPool.Remember: transaction 4T4CDAEMFV6UPUKA3AQF3AN2MQXDLKRDGAAQMSOAOAG7LS6W53PQ: logic eval error: assert failed pc=126. Details: app=3548200231, pc=126, opcodes=app_global_get; \u003e; assert""}
"
QBIEIB5KFI4FZIUZECTGMXYSWM3YXRUDKYKY4L54BP6QGI7SX2NA,,3000,failed,"<html>
<head><title>429 Too Many Requests</title></head>
<body>
<center><h1>429 Too Many Requests</h1></center>
<hr><center>openresty</center>
</body>
</html>
"
7EL3LYOMSFUWOAUG2DU5UGWQSZTFYSD6VWDMZBRW3JBOLMRNGOLQ,,3000,failed,"<html>
<head><title>429 Too Many Requests</title></head>
<body>
<center><h1>429 Too Many Requests</h1></center>
<hr><center>openresty</center>
</body>
</html>
"
YD3OH7DVMYGIOL4R5ZWIT24ALUEIJ6HD7S7S4EYEK6KL7LAGA4OQ,,3000,failed,"{""data"":{""app-index"":3548200231,""eval-states"":[{},{""stack"":[0]}],""group-index"":1,""pc"":126},""message"":""TransactionPool.Remember: transaction CEGGO2NDRXBMNS3TCOVETIA7QFJ57CG5KUGTEFDJ6K6F2UVOYWCQ: logic eval error: assert failed pc=126. Details: app=3548200231, pc=126, opcodes=app_global_get; \u003e; assert""}
"
LTHBK2YUVJIFOOKUJZGTRA2XUJVH7QGZGR5PQRPE5FLI6LTRJG5Q,,3000,failed,"<html>
<head><title>429 Too Many Requests</title></head>
<body>
<center><h1>429 Too Many Requests</h1></center>
<hr><center>openresty</center>
</body>
</html>
"
JO7UD3THLKLGHDBJJCZVRJMBPNVLOCD57OXRF3FE6UARRATXXCPQ,7.970916748046875,2000,success,
QMIULCFMWB75FZNJXFYRUVXZOODPD5GUQMJ76YTS47AEVHYDWS2A,,3000,failed,"<html>
<head><title>429 Too Many Requests</title></head>
<body>
<center><h1>429 Too Many Requests</h1></center>
<hr><center>openresty</center>
</body>
</html>
"
DYG7T3SPBDWKGYXONX5JTT7KFFALZKYK7M67NU4SFY6NK47T3XFQ,,3000,failed,"<html>
<head><title>429 Too Many Requests</title></head>
<body>
<center><h1>429 Too Many Requests</h1></center>
<hr><center>openresty</center>
</body>
</html>
"
HCBI7Y7LYW2EMCZQKLD3PN3BSUZ72UMVHSEYVYDSDCVBOERFY2GA,,3000,failed,"<html>
<head><title>429 Too Many Requests</title></head>
<body>
<center><h1>429 Too Many Requests</h1></center>
<hr><center>openresty</center>
</body>
</html>
"
G4C67FVVOTVWDB4ZDCRJKGKUE6UWTFHJ4TQDVYMPQLO35F2EFH3Q,,3000,failed,"<html>
<head><title>429 Too Many Requests</title></head>
<body>
<center><h1>429 Too Many Requests</h1></center>
<hr><center>openresty</center>
</body>
</html>
"
DVW6UJVYVR2KVQACR244KQ2ABS6EHE7JFJTW43JWIE7E5U6RC2VA,,3000,failed,"{""data"":{""app-index"":3548200231,""eval-states"":[{},{""stack"":[0]}],""group-index"":1,""pc"":126},""message"":""TransactionPool.Remember: transaction IZHON5UJZYC5O24ZI6QRSM74LBIKKLKVSWVJLAFN7E77UOR66U2A: logic eval error: assert failed pc=126. Details: app=3548200231, pc=126, opcodes=app_global_get; \u003e; assert""}
"
G53YOL2BUHTQK7YFRGFGGCW3TUMEKA6LLXT4QR37ZLBJAKP6NE6Q,,3000,failed,"<html>
<head><title>429 Too Many Requests</title></head>
<body>
<center><h1>429 Too Many Requests</h1></center>
<hr><center>openresty</center>
</body>
</html>
"
SMVNH4LJZLDXHKDDKPWVL4MFVFZOLDZDGQELKVBRXUTMNTSJLBAQ,7.293980836868286,2000,success,
DHKR5XNHPIM5LYXFDTGTDKEJ5S26OHLK4PGFTSURYEN34IG2WKKA,,3000,failed,"{""data"":{""app-index"":3548200231,""eval-states"":[{},{""stack"":[0]}],""group-index"":1,""pc"":126},""message"":""TransactionPool.Remember: transaction 45RLPMOUGDFX7Y2B556BLUO3DCXUR5ZZUFNYCIF62MUGMFTBB6QA: logic eval error: assert failed pc=126. Details: app=3548200231, pc=126, opcodes=app_global_get; \u003e; assert""}
"
TBSKVHIP44USQA36S2LKJYJJ3HKVUU2YIKCBWMDR66KV6N55VRSA,,3000,failed,"{""data"":{""app-index"":3548200231,""eval-states"":[{},{""stack"":[0]}],""group-index"":1,""pc"":126},""message"":""TransactionPool.Remember: transaction 3KDU3PVOFEQY6J4M26QP2RTJXKBY4FAYQG5RSHJVDF4WJK22GW2Q: logic eval error: assert failed pc=126. Details: app=3548200231, pc=126, opcodes=app_global_get; \u003e; assert""}
"
UV6IZBOH3M37Y74GUXELCOPMYBHN5PQZJVV42MTLS4O775RPJ4OA,,3000,failed,"{""data"":{""app-index"":3548200231,""eval-states"":[{},{""stack"":[0]}],""group-index"":1,""pc"":126},""message"":""TransactionPool.Remember: transaction MB5P3V5NHR6QAAYVI5VOHO3XRNAG5POTHCFFQRMJO367CKQCLF4A: logic eval error: assert failed pc=126. Details: app=3548200231, pc=126, opcodes=app_global_get; \u003e; assert""}
"
D6ONRZ4Y5MJZHJ4H7FC332XOMJ4EJVIN6JG6DKAM5AAFWMYBSWEQ,,3000,failed,"{""data"":{""app-index"":3548200231,""eval-states"":[{},{""stack"":[0]}],""group-index"":1,""pc"":126},""message"":""TransactionPool.Remember: transaction J7TDDLRJ6R3RTB5IVBJEQSFGB2GB4ELFDRURB7DEJ44ZULHRGCJA: logic eval error: assert failed pc=126. Details: app=3548200231, pc=126, opcodes=app_global_get; \u003e; assert""}
"
TZBPTZDU25FH5H4UF3VKDY3EJAOAN4R4HTUW5GOL43LGVJSJZWWQ,,3000,failed,"{""data"":{""app-index"":3548200231,""eval-states"":[{},{""stack"":[0]}],""group-index"":1,""pc"":126},""message"":""TransactionPool.Remember: transaction GSKLRND4T5OTHMDVIRQT5JNUJC6TV4S7FIVVZXLOFUEXOHFXEJHA: logic eval error: assert failed pc=126. Details: app=3548200231, pc=126, opcodes=app_global_get; \u003e; assert""}
"
M4ZJK52NLOWINZMN5VT3IWZUS2KSX7S2FOOO66QWLADTWVIH443Q,5.221932411193848,2000,success,
B3W7SPO6WODMOFHNC7Q4TB4TCB4MPJYMXMMLWBMMTNQCFRHSHOLA,,3000,failed,"{""data"":{""app-index"":3548200231,""eval-states"":[{},{""stack"":[0]}],""group-index"":1,""pc"":126},""message"":""TransactionPool.Remember: transaction NHRK2U4XRWEFJIEWNQHEGZ7W7VH2ELIROHEJZ6Q24ATW7O6AGRBQ: logic eval error: assert failed pc=126. Details: app=3548200231, pc=126, opcodes=app_global_get; \u003e; assert""}
"
NJUFFOMBUUN7V3M4IIY2SV7K5JJ4FDGNPUZIKVPUCHZF6XKLQJZA,,3000,failed,"{""data"":{""app-index"":3548200231,""eval-states"":[{},{""stack"":[0]}],""group-index"":1,""pc"":126},""message"":""TransactionPool.Remember: transaction YOAK2K3DB5YZJZNFYH4CFWQ5CSLPBQO6FSOKAPZEMQ5KXUZ4GGCQ: logic eval error: assert failed pc=126. Details: app=3548200231, pc=126, opcodes=app_global_get; \u003e; assert""}
"
HG5K5PQQ4YHN3Z642FCICIW3G5X325OFCNCDVZFGU7BGVSCKON3Q,,3000,failed,"{""data"":{""app-index"":3548200231,""eval-states"":[{},{""stack"":[0]}],""group-index"":1,""pc"":126},""message"":""TransactionPool.Remember: transaction XXZ4R3WAZWM2OEN4MOCUEVGHIUJ2EFHWFBTHU7NR3AR7JABDOK2A: logic eval error: assert failed pc=126. Details: app=3548200231, pc=126, opcodes=app_global_get; \u003e; assert""}
"
PUCWMXBST763YOONDMHMQPRBNPTPUKV4IPPFUKUUJEB2XD2OJVCQ,,3000,failed,"{""data"":{""app-index"":3548200231,""eval-states"":[{},{""stack"":[0]}],""group-index"":1,""pc"":126},""message"":""TransactionPool.Remember: transaction MKJR3E7RQTGH5Z6NL2OFIEAPLTOAVPTC3S7KNCS5HWH5MIL5TDRA: logic eval error: assert failed pc=126. Details: app=3548200231, pc=126, opcodes=app_global_get; \u003e; assert""}
"
SSF2OERF63JD6IYHWG7E2H4UDY4L2P76O472AK25HQM5QJWYZUIQ,11.72205924987793,2000,success,
QFSI6WX4DS73NDM6DPHYUJQYTCOM7Y3BYLLOA53TE4G2IOZZFO5Q,,3000,failed,"<html>
<head><title>429 Too Many Requests</title></head>
<body>
<center><h1>429 Too Many Requests</h1></center>
<hr><center>openresty</center>
</body>
</html>
"
FF6RNYGIMPOPY6HVOB4JAUKBPXJFLQUV4GNYF5EO5VMFDCGDW3SA,,3000,failed,"{""data"":{""app-index"":3548200231,""eval-states"":[{},{""stack"":[0]}],""group-index"":1,""pc"":126},""message"":""TransactionPool.Remember: transaction BS5CDFK6HNZFI35ZQWDELVY2MXIHSB6WGKGFLNPQ67DO7V2247RQ: logic eval error: assert failed pc=126. Details: app=3548200231, pc=126, opcodes=app_global_get; \u003e; assert""}
"
JJ7ESIZ35LTOAKFVBGWMRQ455OPLNJAZXEKXFUBOIHJ7BEUAGCWQ,,3000,failed,"<html>
<head><title>429 Too Many Requests</title></head>
<body>
<center><h1>429 Too Many Requests</h1></center>
<hr><center>openresty</center>
</body>
</html>
"
OHAFKSAOX2RA5GCIDY74WU3QPSJ6OGMNMBSCL3M5N2E3MA7XJRZA,,3000,failed,"<html>
<head><title>429 Too Many Requests</title></head>
<body>
<center><h1>429 Too Many Requests</h1></center>
<hr><center>openresty</center>
</body>
</html>
"
G74SJJCYERHSA57WLLDZNUMVJBWMKJT6YCACHW42NRKSYUDRQSFQ,,3000,failed,"<html>
<head><title>429 Too Many Requests</title></head>
<body>
<center><h1>429 Too Many Requests</h1></center>
<hr><center>openresty</center>
</body>
</html>
"
ZZNDIW73LM3QHNLBJSIU5CUD6BNXJQVQQGEVCWO5S2XIVVH3CLBQ,,3000,failed,"<html>
<head><title>429 Too Many Requests</title></head>
<body>
<center><h1>429 Too Many Requests</h1></center>
<hr><center>openresty</center>
</body>
</html>
"
FEJDL7SVM27AALLCCIDRO5AJRRW3SGYMIAEGVWEENDAB6QAF3V3Q,,3000,failed,"{""data"":{""app-index"":3548200231,""eval-states"":[{},{""stack"":[0]}],""group-index"":1,""pc"":126},""message"":""TransactionPool.Remember: transaction 3PX547WSU4B5CTOX6UFBY7IITH5VPL23N3ELYL75HUUUOOV5NA4A: logic eval error: assert failed pc=126. Details: app=3548200231, pc=126, opcodes=app_global_get; \u003e; assert""}
"
WIZWO7QWZF5HH4LEUU6E2MOQYGITVYXU5X5NS2RWXIFDKGRUCDDQ,,3000,failed,"<html>
<head><title>429 Too Many Requests</title></head>
<body>
<center><h1>429 Too Many Requests</h1></center>
<hr><center>openresty</center>
</body>
</html>
"
UWTHGL3SJQOE5MTV6MVYW55TYVCU36HGTQRVRINSDHSYKYOHLSLQ,,3000,failed,"<html>
<head><title>429 Too Many Requests</title></head>
<body>
<center><h1>429 Too Many Requests</h1></center>
<hr><center>openresty</center>
</body>
</html>
"
UH2HSTJYDZCJHSJYW244BIDHVJ4NRBATELTLQ7AK2MUJBO7YXLNA,5.320626974105835,2000,success,
OIBTUKMV7V42R5ZK55HG2TA5TCEK36VF3C5RX2HAFK7LELLVTXIQ,,3000,failed,"<html>
<head><title>429 Too Many Requests</title></head>
<body>
<center><h1>429 Too Many Requests</h1></center>
<hr><center>openresty</center>
</body>
</html>
"
BUCZDLOS77JZTZWF6UAT4SCZVN4BCXQ5SPY36O6O7VJV2EUOOWCQ,,3000,failed,"{""data"":{""app-index"":3548200231,""eval-states"":[{},{""stack"":[0]}],""group-index"":1,""pc"":126},""message"":""TransactionPool.Remember: transaction V6CDLSPDQ5YS7N3NY2FYEX6B43Y3QGEKJ3ODHYOCLORMLNZLNL6A: logic eval error: assert failed pc=126. Details: app=3548200231, pc=126, opcodes=app_global_get; \u003e; assert""}
"
DB6DUI5FI2S3XY2WBH4UDEVUEZZ4TSRKMXPEOIG5U7ZS3YUB2M7Q,,3000,failed,"<html>
<head><title>429 Too Many Requests</title></head>
<body>
<center><h1>429 Too Many Requests</h1></center>
<hr><center>openresty</center>
</body>
</html>
"
7JY5TLSXC53QAZCZBQK3W4ABF3Y6WJ5NKRMCRP3Y74RQRR6LAYEA,,3000,failed,"<html>
<head><title>429 Too Many Requests</title></head>
<body>
<center><h1>429 Too Many Requests</h1></center>
<hr><center>openresty</center>
</body>
</html>
"
U7ELZPCNRCT7MYAOJKETA4OAQ36OVWVQJIZN4W4TU4FO3IX6MMVQ,7.180764675140381,2000,success,
4OHXPCHXCFAEU526PCI2OVEDTXG2X7KGEUI4RJR3TKGXDA77MKZA,,3000,failed,"{""data"":{""app-index"":3548200231,""eval-states"":[{},{""stack"":[0]}],""group-index"":1,""pc"":126},""message"":""TransactionPool.Remember: transaction 3QIZJBUFQ5LKMQV2CBHKMXE7KDFGFJJFUGQYYVKQUBICCRBWRVQA: logic eval error: assert failed pc=126. Details: app=3548200231, pc=126, opcodes=app_global_get; \u003e; assert""}
"
VTBFZL55YDPGSZJ2T7A6DYC57J6C2W2O3YAGS42CWONF2SSQZ62Q,,3000,failed,"{""data"":{""app-index"":3548200231,""eval-states"":[{},{""stack"":[0]}],""group-index"":1,""pc"":126},""message"":""TransactionPool.Remember: transaction 3AFYLUBD3BSV2Z3OFHIMAU3AKYGUFJS5NWEXNCYFZCZC37SE25DA: logic eval error: assert failed pc=126. Details: app=3548200231, pc=126, opcodes=app_global_get; \u003e; assert""}
"
IXSRYQEMLKRTJVNGCNFTQYQ5CSLM6F3ELVIFND44PBBN5I5IVZXQ,,3000,failed,"<html>
<head><title>429 Too Many Requests</title></head>
<body>
<center><h1>429 Too Many Requests</h1></center>
<hr><center>openresty</center>
</body>
</html>
"
PR5NLJ6QFL6JNNDPQOC72M5N2EZVV2WR22SDM4LBWJPVDUUWQMFA,6.332515239715576,2000,success,
TX5C7POSSZESMQ5BEPMDFHBI7IXJLBUVDVFUIM4SQOLPETTEN6KQ,,3000,failed,"{""data"":{""app-index"":3548200231,""eval-states"":[{},{""stack"":[0]}],""group-index"":1,""pc"":126},""message"":""TransactionPool.Remember: transaction 7SUJHGTSX5AVKNGUHE3VAOTID4YAGCOXLZF7IDNESMJEEMAY3REA: logic eval error: assert failed pc=126. Details: app=3548200231, pc=126, opcodes=app_global_get; \u003e; assert""}
"
4NIB3KSPAE7M2EGQEW23R2MIPJVNVUZGXFVC4JQA7XKMVA6H3Q7Q,,3000,failed,"<html>
<head><title>429 Too Many Requests</title></head>
<body>
<center><h1>429 Too Many Requests</h1></center>
<hr><center>openresty</center>
</body>
</html>
"
V4YLHDE6GT4KDXFCCOTNHVMSZETXP5A6MPCDUEC3VYZSPTGKIHRQ,,3000,failed,"<html>
<head><title>429 Too Many Requests</title></head>
<body>
<center><h1>429 Too Many Requests</h1></center>
<hr><center>openresty</center>
</body>
</html>
"
NMHP7EB4V4ND62EYP52MC23NYKPYXVVH4SGOGOAPERIBXI6V76ZA,,3000,failed,"{""data"":{""app-index"":3548200231,""eval-states"":[{},{""stack"":[0]}],""group-index"":1,""pc"":126},""message"":""TransactionPool.Remember: transaction DYXLO5B4KKYNRBIFAYLRB2P3YOPA3OOU44Y4SOMXQNZQHQE35QPQ: logic eval error: assert failed pc=126. Details: app=3548200231, pc=126, opcodes=app_global_get; \u003e; assert""}
"
JLHG7JNEWOEIFACI7GLGMOVC7YMRMLCSLCA5VEK5KLRJRODA2JHQ,6.472046613693237,2000,success,
BBLCTMSQYZZU6I73AQDSZUUEKOTF6BUFJV2465MFPXGKAJCJKN6A,10.763674020767212,2000,success,
5WAJ3J6DWGSAM3PSGH2NZJHLLNJGRR6WCENEMLVZFKVHEPRWN7KQ,,3000,failed,"{""data"":{""app-index"":3548200231,""eval-states"":[{},{""stack"":[0]}],""group-index"":1,""pc"":126},""message"":""TransactionPool.Remember: transaction 3ENHHVNVDZLE4IWIHMR6BCUAALUMGLFFE2QNZRGR2XUR6XZT6YTQ: logic eval error: assert failed pc=126. Details: app=3548200231, pc=126, opcodes=app_global_get; \u003e; assert""}
"
YVJ2NW3VDZ5P4KVMJMS7C5FSOPIGQKYHHXP5X2PZHCTCNQX72PGQ,,3000,failed,"<html>
<head><title>429 Too Many Requests</title></head>
<body>
<center><h1>429 Too Many Requests</h1></center>
<hr><center>openresty</center>
</body>
</html>
"
APXAP55HR7CN7EWNDOBUQDZGGPHZB7WCVV43PBG5DLRYWQKRVSLQ,,3000,failed,"{""data"":{""app-index"":3548200231,""eval-states"":[{},{""stack"":[0]}],""group-index"":1,""pc"":126},""message"":""TransactionPool.Remember: transaction ASPSUHZQSBFNUFD7OERXQFAMQVBTQYB2I5QOSDOV2SP5FC4OF6JA: logic eval error: assert failed pc=126. Details: app=3548200231, pc=126, opcodes=app_global_get; \u003e; assert""}
"
NNKPX5ETXDVG7YDJKMLN6XUEOGVWOD6PJLP36YNWYZUXX762JVSQ,,3000,failed,"<html>
<head><title>429 Too Many Requests</title></head>
<body>
<center><h1>429 Too Many Requests</h1></center>
<hr><center>openresty</center>
</body>
</html>
"
K6CPCIDPRSGGYVQ625MI2DJKDP2IH3PV6OHSQYQ3MJ33PVXB5O3Q,,3000,failed,"{""data"":{""app-index"":3548200231,""eval-states"":[{},{""stack"":[0]}],""group-index"":1,""pc"":126},""message"":""TransactionPool.Remember: transaction DARAX2CJ3KJDRYEGQVHH4XIHDCI2WJAD45E7UHG7WV6B3ND4PWTA: logic eval error: assert failed pc=126. Details: app=3548200231, pc=126, opcodes=app_global_get; \u003e; assert""}
"
IQDDAXUKE23NW6RFSAO25QTJKHBLJ636FFBZ35DBBFK43HVT2TMQ,,3000,failed,"{""data"":{""app-index"":3548200231,""eval-states"":[{},{""stack"":[0]}],""group-index"":1,""pc"":126},""message"":""TransactionPool.Remember: transaction W5M6M5XS73XZ7RVPT3M5JA3DJCINERAHMBOGI5VJ373C7JJXVAAA: logic eval error: assert failed pc=126. Details: app=3548200231, pc=126, opcodes=app_global_get; \u003e; assert""}
"
D2TGLRDBOPZK6SJZJJMIUFVECF7JBIMHKTMRU4NMD4KFAJEGOHJQ,,3000,failed,"<html>
<head><title>429 Too Many Requests</title></head>
<body>
<center><h1>429 Too Many Requests</h1></center>
<hr><center>openresty</center>
</body>
</html>
"
PATGAGHTO27BS245YWYLPTLIVTUMTZUGQ554LDCOXNSJZMLFWIIQ,,3000,failed,"{""data"":{""app-index"":3548200231,""eval-states"":[{},{""stack"":[0]}],""group-index"":1,""pc"":126},""message"":""TransactionPool.Remember: transaction RZEWUGAZUCOAK23LICBU54YKSM3GOJDFN47K3O4S6RNLKFB7LLCQ: logic eval error: assert failed pc=126. Details: app=3548200231, pc=126, opcodes=app_global_get; \u003e; assert""}
"
A5PNZKV3VNDTNY7B6S74PIHB5IZOHVUV3EWUBNW5SGCVVU4HWJRA,,3000,failed,"<html>
<head><title>429 Too Many Requests</title></head>
<body>
<center><h1>429 Too Many Requests</h1></center>
<hr><center>openresty</center>
</body>
</html>
"
AR6CY57PRIKO3B6VBHGYH4LDJ5PTCW2JRVAUSTIMXJ2SSE6L7R5A,,3000,failed,"{""data"":{""app-index"":3548200231,""eval-states"":[{},{""stack"":[0]}],""group-index"":1,""pc"":126},""message"":""TransactionPool.Remember: transaction NJBTZ7NHA6RSEPGGUS2GSN6QAMGS74YTWGVQ3TR3VQMI77P5NYNA: logic eval error: assert failed pc=126. Details: app=3548200231, pc=126, opcodes=app_global_get; \u003e; assert""}
"
AEETDADR4TIZDC7YXI3XXXZWVTDPE4EQTBUIUFPTNGM7DZTQDFBQ,,3000,failed,"<html>
<head><title>429 Too Many Requests</title></head>
<body>
<center><h1>429 Too Many Requests</h1></center>
<hr><center>openresty</center>
</body>
</html>
"
4JZDAWO33VYM34JFNSH3SBZ3DVDTI2TB6Z7EQQ45IAB5UQ74GDNQ,6.25760293006897,2000,success,
X4ZU3ZU72ZKLR7FNP5PEXCOZF7T3COODP5L2IK4UYNA6DY2CRZCQ,4.630738258361816,2000,success,
5QO2PYCYA2UIAZXS6KUADQOZYFXMR3K4JCS2JQCIXZ65FBVBDSSA,6.774112224578857,2000,success,
NCEUPP5AOUBAJZOVYCQ5PWRUNP4TKJ62KLVQNFPXKGVF6WOJ4NRA,,3000,failed,"{""data"":{""app-index"":3548200231,""eval-states"":[{},{""stack"":[0]}],""group-index"":1,""pc"":126},""message"":""TransactionPool.Remember: transaction M74K5BF33ALHQPHZDPEGYRZ5DX6HH2OK4RQYFHHMFP3ODQYP3SQQ: logic eval error: assert failed pc=126. Details: app=3548200231, pc=126, opcodes=app_global_get; \u003e; assert""}
"
ZF4TDDJUGKNIWFB6AZ7NG7FG3KPCNXN4LF2HFYXDINNNCUS44MOA,,3000,failed,"<html>
<head><title>429 Too Many Requests</title></head>
<body>
<center><h1>429 Too Many Requests</h1></center>
<hr><center>openresty</center>
</body>
</html>
"
KVLZJYSZA7JBKGUN2X3ZM4GNO4ASHGVGCLF2SH7KYAEOHS7C53XQ,,3000,failed,"{""data"":{""app-index"":3548200231,""eval-states"":[{},{""stack"":[0]}],""group-index"":1,""pc"":126},""message"":""TransactionPool.Remember: transaction RMZ5AN65BUCN6ZBGTCD77NA2WMHTE3KRVFTCVFQQWP6DOIL2ULLQ: logic eval error: assert failed pc=126. Details: app=3548200231, pc=126, opcodes=app_global_get; \u003e; assert""}
"
AM7WVB6XXNMEOIYUTACGEXJV2MHZASBH6SKE7DSYH4GVAS4MVBMQ,8.588618040084839,2000,success,
YJMKYYF6MIRKI5NLUQKT5LVUDCJXWWJSOBCLZMCQMNACUTEH2HNQ,,3000,failed,"{""data"":{""app-index"":3548200231,""eval-states"":[{},{""stack"":[0]}],""group-index"":1,""pc"":126},""message"":""TransactionPool.Remember: transaction JECDP5RL7WOLK56QYJWNM2QSKREVG3MIILXDDUSG57F4FAG2EGJA: logic eval error: assert failed pc=126. Details: app=3548200231, pc=126, opcodes=app_global_get; \u003e; assert""}
"
X5FBGEAE2VI642CTW5HJLTVLMEP3OYVMKQBRC3MZ7FMUZEQL2ULA,4.383951663970947,2000,success,
CDOEQCDYFXOURMJIRU4HV7GSH74LOGU6OPXIAXPQ4MY4EBNY2ERQ,,3000,failed,"<html>
<head><title>429 Too Many Requests</title></head>
<body>
<center><h1>429 Too Many Requests</h1></center>
<hr><center>openresty</center>
</body>
</html>
"
MR6TJO3Y2AIQCZTHIDYSZNVMFXK3PJDX6VYWUGXQYSIHP3JX3EDQ,,3000,failed,"{""data"":{""app-index"":3548200231,""eval-states"":[{},{""stack"":[0]}],""group-index"":1,""pc"":126},""message"":""TransactionPool.Remember: transaction LICMMO6VYUZHNN7DJ6VDWSVL52OMDVLIPCOFW5NV6KIO7ZTDB7IA: logic eval error: assert failed pc=126. Details: app=3548200231, pc=126, opcodes=app_global_get; \u003e; assert""}
"
IDSHAUO7GMUXOFWRXQ5V3FLKQZVRZQK7QFUXGEK2XQCU4E62OF6A,,3000,failed,"<html>
<head><title>429 Too Many Requests</title></head>
<body>
<center><h1>429 Too Many Requests</h1></center>
<hr><center>openresty</center>
</body>
</html>
"
DBNTAKJL3OIRF6M72U42CVUIXCNUVQLJUZTYPWG54EH4LTFVUFXA,,3000,failed,"{""data"":{""app-index"":3548200231,""eval-states"":[{},{""stack"":[0]}],""group-index"":1,""pc"":126},""message"":""TransactionPool.Remember: transaction IWCFKKCG6PXUUGOTWXNMRJ2HVZCMDOLT4POR7Y252SB67INMG2LA: logic eval error: assert failed pc=126. Details: app=3548200231, pc=126, opcodes=app_global_get; \u003e; assert""}
"
MJ5GX4RCANF4TY3VQ57W5LK7S3T7WNWZAJALDL5SQYSJOQOJKUUQ,,3000,failed,"{""data"":{""app-index"":3548200231,""eval-states"":[{},{""stack"":[0]}],""group-index"":1,""pc"":126},""message"":""TransactionPool.Remember: transaction JW2PEBFDDJPZGTO5D65TRY6N2PYWLAXDZJT2LF3J2E4SCLKRS7BQ: logic eval error: assert failed pc=126. Details: app=3548200231, pc=126, opcodes=app_global_get; \u003e; assert""}
"
DK2CHJMN2YLYG5I3JY5OOMZN3MTZAYUHEI6N5RLGHNB4WLI6FDUQ,3.580439567565918,2000,success,
FX37ANA22XJZW6UVUT3D5NP4OWSOXWJM5EVWMRTOH54WJWVOEHTA,9.500038623809814,2000,success,
SX4X6USHKWEWRJZ5HRX3DBAHARS3WEJKOBUCBL2LYK7IK2GLFRYA,,3000,failed,"{""data"":{""app-index"":3548200231,""eval-states"":[{},{""stack"":[0]}],""group-index"":1,""pc"":126},""message"":""TransactionPool.Remember: transaction JJ2LBVZZE666OQ7L5VIZBLSP2GDDSY6AD7FPH7LZZ3LAUBOMWI5A: logic eval error: assert failed pc=126. Details: app=3548200231, pc=126, opcodes=app_global_get; \u003e; assert""}
"
Z7H6MSCNLQWJ7UPUAGUUTSERAEZLEQH5AXLQIJQUY5S453BCURWA,7.753101825714111,2000,success,
NSSJAXTYOTRYMKN43J6P6VSAUSGVPKBOKKLH5WV4QO6GJ7CAOEXA,,3000,failed,"{""data"":{""app-index"":3548200231,""eval-states"":[{},{""stack"":[0]}],""group-index"":1,""pc"":126},""message"":""TransactionPool.Remember: transaction LC7IMBTTKOKC7RJHNVX6TYJJX6VXWUOEZCUKPAUEC2JA6FR2I75Q: logic eval error: assert failed pc=126. Details: app=3548200231, pc=126, opcodes=app_global_get; \u003e; assert""}
"
LTW4GPRA6WZJPFD5ZAZQTKOXUUDNSVDHTUDJGPZC2OPCXI2B4B2Q,7.583487272262573,2000,success,
6PAXTKOCS3A7I444HIJOR4VZ7GX5Z6B3354FJ5KVTHOE4PBOOMJA,,3000,failed,"{""data"":{""app-index"":3548200231,""eval-states"":[{},{""stack"":[0]}],""group-index"":1,""pc"":126},""message"":""TransactionPool.Remember: transaction VMMU36LW472FQO2JVNRQOH5C2F5HGL3R6HZJJMDA6YHDLJBXVH5A: logic eval error: assert failed pc=126. Details: app=3548200231, pc=126, opcodes=app_global_get; \u003e; assert""}
"
DVXXATLL5TKEG4P6UY2QUEKXJ62BG3KVYQFLHT6YE75DZQS4H6TQ,,3000,failed,"<html>
<head><title>429 Too Many Requests</title></head>
<body>
<center><h1>429 Too Many Requests</h1></center>
<hr><center>openresty</center>
</body>
</html>
"
3O3PJOWDNGDVVC6EWNC5UUVVDO4ZDU3ZVK5W47VVCXCQK5RIBC4A,,3000,failed,"{""data"":{""app-index"":3548200231,""eval-states"":[{},{""stack"":[0]}],""group-index"":1,""pc"":126},""message"":""TransactionPool.Remember: transaction EDMAUJ5SMGCVOLVQAIEX25SZGELV6IBQN6N75TINK2GCTSUHRNTQ: logic eval error: assert failed pc=126. Details: app=3548200231, pc=126, opcodes=app_global_get; \u003e; assert""}
"
O7HQTWEBZKTWJ4OWR5VMPPJP2HZEUKGXBVJOI36KB2MVBX7MKTJQ,,3000,failed,"{""data"":{""app-index"":3548200231,""eval-states"":[{},{""stack"":[0]}],""group-index"":1,""pc"":126},""message"":""TransactionPool.Remember: transaction 5RZ7DGLXYDH5J44XKM5IIAVNFZIGHO5VPCJ4LIFPW4FSCSIR4SUA: logic eval error: assert failed pc=126. Details: app=3548200231, pc=126, opcodes=app_global_get; \u003e; assert""}
"
DS2H3B246XUAQJM5LTOK3TJJUSZ7WVJJYMTCUBYCOR46YGEBGPEA,,3000,failed,"<html>
<head><title>429 Too Many Requests</title></head>
<body>
<center><h1>429 Too Many Requests</h1></center>
<hr><center>openresty</center>
</body>
</html>
"
6RKFO3SQZ6SDWVEA3OZZGPXLCMJF2VL6B5UOB536TTKYHF4UEG4A,,3000,failed,"<html>
<head><title>429 Too Many Requests</title></head>
<body>
<center><h1>429 Too Many Requests</h1></center>
<hr><center>openresty</center>
</body>
</html>
"
C5TQ5YFPDGUUEXKZLZYSZ4TZ5S27QXQUMKBXD7L7OGEGZASKQZRA,,3000,failed,"<html>
<head><title>429 Too Many Requests</title></head>
<body>
<center><h1>429 Too Many Requests</h1></center>
<hr><center>openresty</center>
</body>
</html>
"
DSCFEZ4JGRLTE46TZFSPS6ITXCPOWTGAPLPYCHMCCYPNZOMVFSAA,,3000,failed,"{""data"":{""app-index"":3548200231,""eval-states"":[{},{""stack"":[0]}],""group-index"":1,""pc"":126},""message"":""TransactionPool.Remember: transaction HE2NI6HBAGEEVWQ6HI77AZSSLQU3FIYTPCTRJ6VZ7XRA57Y2GBLQ: logic eval error: assert failed pc=126. Details: app=3548200231, pc=126, opcodes=app_global_get; \u003e; assert""}
"
BZWVXYR2AVY3PJIZTRG6ODJSXZ6CD4J3FV3M2HHKIQ7DJH535MPA,,3000,failed,"<html>
<head><title>429 Too Many Requests</title></head>
<body>
<center><h1>429 Too Many Requests</h1></center>
<hr><center>openresty</center>
</body>
</html>
"
ZWNNGEDO5S74UWPBOGXMNOC4THFUAFYHJFOSMTP3K4JSUGS2ZLEA,,3000,failed,"<html>
<head><title>429 Too Many Requests</title></head>
<body>
<center><h1>429 Too Many Requests</h1></center>
<hr><center>openresty</center>
</body>
</html>
"
KHSQ4GPJ2XPRVYO2F6ZH4YKDPDRQAVOHZ3W4CVIF6CCFPHXD5SAQ,,3000,failed,"<html>
<head><title>429 Too Many Requests</title></head>
<body>
<center><h1>429 Too Many Requests</h1></center>
<hr><center>openresty</center>
</body>
</html>
"
HFTZTLYVVSNX2UUX2LIYINIMO6JRK6C5FIHVLBGXPQ65E4YFNPRQ,4.462081432342529,2000,success,
2WLHM4T4ZQUOZT4DYYAPWXLZFJDHHJFQMQMCJPFLKJBXS2Y3RB7Q,,3000,failed,"{""data"":{""app-index"":3548200231,""eval-states"":[{},{""stack"":[0]}],""group-index"":1,""pc"":126},""message"":""TransactionPool.Remember: transaction SO7EIKAJWCXZ5ROYTMXVJJJMKYICDL7JQPFYUGW3DGNJEDGTICBQ: logic eval error: assert failed pc=126. Details: app=3548200231, pc=126, opcodes=app_global_get; \u003e; assert""}
"
OZXFQUMYT26V7PPJITBCHIHG3UXFPAAVGBML73VB4PI45C57B2OA,11.450783729553223,2000,success,
QHGU4TWWMU27ATCS7KAIXB4ND24HCJ6GF7BBQ2XKCJJJ56O3CCLA,,3000,failed,"{""data"":{""app-index"":3548200231,""eval-states"":[{},{""stack"":[0]}],""group-index"":1,""pc"":126},""message"":""TransactionPool.Remember: transaction I5GV56PY2BF7ZPOHEAJDEDGR7CDH5F5KK3HUWA4R5R4QXGIEJ3MA: logic eval error: assert failed pc=126. Details: app=3548200231, pc=126, opcodes=app_global_get; \u003e; assert""}
"
XYE4OFFZWHGWCQH57YMJTUK7OCJVIFXW7JIH2TALZYA5DF7GSXKA,10.99062466621399,2000,success,
WFFI7SDD7TG6ZURNUTZFOJ4N63Q3TROJIDUZATB23JLQQIEKU2SQ,,3000,failed,"{""data"":{""app-index"":3548200231,""eval-states"":[{},{""stack"":[0]}],""group-index"":1,""pc"":126},""message"":""TransactionPool.Remember: transaction U6CT2VCZYFPKZJUX23Y4JXEI2FFLH2DGA5UTWJTQDLQB7CILMVIA: logic eval error: assert failed pc=126. Details: app=3548200231, pc=126, opcodes=app_global_get; \u003e; assert""}
"
DZDRYMEVU4ZUE6S3JP547AT7U2IGLSVJ4YJUETR5N4GCYOQZLKUA,,3000,failed,"<html>
<head><title>429 Too Many Requests</title></head>
<body>
<center><h1>429 Too Many Requests</h1></center>
<hr><center>openresty</center>
</body>
</html>
"
HWW3WILCHYKIQJECU7Q6EAVHCOFON2O3NXT6GH4LHZMDEVNNKFLQ,,3000,failed,"<html>
<head><title>429 Too Many Requests</title></head>
<body>
<center><h1>429 Too Many Requests</h1></center>
<hr><center>openresty</center>
</body>
</html>
"
HDNJM42STMRL52YHRUUGWSEQVHKR4BAZJITOVBARKKTMFH7MQ7RA,6.616925239562988,2000,success,
THOFNT7D62U7MLBNGWEMFGMB5JBDQ2MAUWYO2DM3GWNTXHAO7WEA,,3000,failed,"<html>
<head><title>429 Too Many Requests</title></head>
<body>
<center><h1>429 Too Many Requests</h1></center>
<hr><center>openresty</center>
</body>
</html>
"
4VMGHLIAJW5KDJWMFJZ55ILMJT7IMSLJY45ZYVIM6YMSIWK4B34Q,5.5119469165802,2000,success,
WOFDAHBD4CNDK7JJ5KYJPYSNLWSSD6QEF3YBAMKCJSHU2PCQCWEQ,,3000,failed,"{""data"":{""app-index"":3548200231,""eval-states"":[{},{""stack"":[0]}],""group-index"":1,""pc"":126},""message"":""TransactionPool.Remember: transaction 3HZO5FDAJQVXIAKDY7IAZOBYDRDPGBDKQAOA3GRBUKUF372WRKDA: logic eval error: assert failed pc=126. Details: app=3548200231, pc=126, opcodes=app_global_get; \u003e; assert""}
"
B4AQC5WRS7BAORJ6K52L5ATJAAURTVBF6PRUXKWLQOFLIULTPVVA,6.300280332565308,2000,success,
AYW2DS75UMHQ3PGXIW6B2FGIFTEQYQLWXP7NLC5SRCB4UOOETSGQ,,3000,failed,"{""data"":{""app-index"":3548200231,""eval-states"":[{},{""stack"":[0]}],""group-index"":1,""pc"":126},""message"":""TransactionPool.Remember: transaction HEY3FMSZYVSCDSE7KY6RRLTKRBRWMLJIATH5NWJHXFARCUZN7OWA: logic eval error: assert failed pc=126. Details: app=3548200231, pc=126, opcodes=app_global_get; \u003e; assert""}
"
KIJ7P6AQ5TZVSFMXEFAAOIDZHUEPCJFA4BZXCSDJONPMYABT2WUQ,,3000,failed,"{""data"":{""app-index"":3548200231,""eval-states"":[{},{""stack"":[0]}],""group-index"":1,""pc"":126},""message"":""TransactionPool.Remember: transaction EVYHYHBDYGLBSUDMQ5WZH73P3A3WDSHNFQM264Q7SENVVODDUS6A: logic eval error: assert failed pc=126. Details: app=3548200231, pc=126, opcodes=app_global_get; \u003e; assert""}
"
DZ355HYW2BELEFPI6XHF5CYDCD3PKZJ34QW5V6KMEL4UU7FDUWIA,,3000,failed,"<html>
<head><title>429 Too Many Requests</title></head>
<body>
<center><h1>429 Too Many Requests</h1></center>
<hr><center>openresty</center>
</body>
</html>
"
57O4S42DO2DLMDZI3Z6UAJBSCZ377JW73GXDC4TYVEUKFH7NJQMQ,,3000,failed,"<html>
<head><title>429 Too Many Requests</title></head>
<body>
<center><h1>429 Too Many Requests</h1></center>
<hr><center>openresty</center>
</body>
</html>
"
3LTQ3XULMUGQKWDYBMB2U24NQCCHOITGW5TWHSLVUYLJFY4TKPOA,,3000,failed,"<html>
<head><title>429 Too Many Requests</title></head>
<body>
<center><h1>429 Too Many Requests</h1></center>
<hr><center>openresty</center>
</body>
</html>
"
GE2XXWRNUC2J7U2UZZFMT3JWISWR3Y7VA5XSZ44TKYRRYAYO4VTQ,9.249505996704102,2000,success,
YKW5OWLRVQ5AMXINJQ3N6674RVFQINTEUE367BDNL7QYA2H233MA,,3000,failed,"{""data"":{""app-index"":3548200231,""eval-states"":[{},{""stack"":[0]}],""group-index"":1,""pc"":126},""message"":""TransactionPool.Remember: transaction UBRUPMAHK4IANGFWN7XUPXTUVU7YBP7QULCJPEOYQNCIAF4I4KVQ: logic eval error: assert failed pc=126. Details: app=3548200231, pc=126, opcodes=app_global_get; \u003e; assert""}
"
JYNWNXKXMUOS6HBFYRLGG53RALPBEUPV2I4BEO5OF37RQUKXAHIQ,,3000,failed,"{""data"":{""app-index"":3548200231,""eval-states"":[{},{""stack"":[0]}],""group-index"":1,""pc"":126},""message"":""TransactionPool.Remember: transaction YLC5QXXXIWZERG64MYG5ADA4Q54EM2XSKVAIVLCP4HBGXOTXN5KA: logic eval error: assert failed pc=126. Details: app=3548200231, pc=126, opcodes=app_global_get; \u003e; assert""}
"
YVMNLI3ZNJNER4FCUHWVYIPSRBBVQXXQNHARZILF4K3ROQBC5LCA,,3000,failed,"<html>
<head><title>429 Too Many Requests</title></head>
<body>
<center><h1>429 Too Many Requests</h1></center>
<hr><center>openresty</center>
</body>
</html>
"
BO7VVF2Q74BEOARNGML5IPMUA6RIA2DULR2AQOGSAPMNQIZ4VLPA,,3000,failed,"{""data"":{""app-index"":3548200231,""eval-states"":[{},{""stack"":[0]}],""group-index"":1,""pc"":126},""message"":""TransactionPool.Remember: transaction 2C6WAORE75BRMR4XLVNP5RNGSIIVEQ4SEOX3SGJPMEHO6QMY2RVQ: logic eval error: assert failed pc=126. Details: app=3548200231, pc=126, opcodes=app_global_get; \u003e; assert""}
"
HJJ7KJ7ZYB4ADDCM5EUMPSDTJUI4ZJGRSEFBOMW2JQSNIWWCPMIA,8.555946350097656,2000,success,
GW3UO7W2OVZNL5Z36MN4WLCOTJPVGMGFHGDGAAGSQMROO2HXQGGQ,9.962756395339966,2000,success,
M5BJ2KLYWNSS234XK74LTGBORCLYTLTIZUS7JQMZ4EOQXQIJVK4A,7.18236231803894,2000,success,
DAMMIRHQW2W2XLAVZOVS5KEEUAYMG3ZUEBRXCNCDKPBZWHEJW4YA,6.841234922409058,2000,success,
H5Q46MJKPEJUM6WG7YBVGA7TOWS7M4SIOINMDUL6VU3VL4R4J3TA,5.349175453186035,2000,success,
Z2VMFNM6OABRXS3KV5JYL53TLLNP2RNC7I7L6CCAMQBGUIL4NEUA,9.77714467048645,2000,success,
RJZDDAF2ZCHMVKKBKD6G5R2IMA5CJB2AOIUH57577J6D375OL6VQ,13.085546493530273,2000,success,
BY7ANCRKKFAHU5XNKWL6Y6ESMDZMEO3ZBULWIAFGI3CHOCWO674Q,9.319390773773193,2000,success,
2ECC2PQPWRJXLUQDFJD6FPLKN2YJ34A4OW4LJTLF4ZE5HU7L5CDQ,7.051573276519775,2000,success,
7RF7DY4MCN6P3M5LT4AB4QPF2V7XLUCNVXPEJWSNV4FAFOQJZJLA,9.557770490646362,2000,success,
5VRGT6JNVFPKCKWBXAZ7ESYPJFCFXHP5LZMMXC36DGAFE3BFY4HA,13.832756519317627,2000,success,
UAWWG755DGCZZ6PW4Y4RXXC2WRO5OALT2KLC5LO4ZUDQDEMFGJCA,7.4317779541015625,2000,success,
JNLHMJJ5ZAJXJEM5ZO6GRAGGYOLU33RNYI5WZEHPM7FYUE5GJFQQ,14.482760667800903,2000,success,
2SBSCW2774LSSAXHIRF7756R6BBLBXZBNOSKG3O65PXJJYPRGF2A,7.018371820449829,2000,success,
DVXVJYPTHEOFNL54ROEXTLVAMC7OTB6I5C3F7C3D6GH4WDZ7WAIA,,3000,failed,"{""data"":{""app-index"":3548200231,""eval-states"":[{},{""stack"":[0]}],""group-index"":1,""pc"":126},""message"":""TransactionPool.Remember: transaction QPNMCYPMYEB5ZMQ6BUS7JQU66PBUCV3QZD5PZEIPHSZSKMK3PCRA: logic eval error: assert failed pc=126. Details: app=3548200231, pc=126, opcodes=app_global_get; \u003e; assert""}
"
3TKWGKRRLDRWAIDNXEJ32EQKY2SM3REA45L2SKEJY5AV6DLKWHVA,5.9898340702056885,2000,success,
6YPSR4HKOMJ3SYE64POWDW7BAUQROWDUYPRF7AQVTBM4WBPRYMCA,9.416620254516602,2000,success,
5CT3AWIFZAXWHDNUQU5ZL2IW7ZJVXQ6FLKMGPBNOI7K27DKXGWCA,7.025058269500732,2000,success,
K65WCIJ5LA42XMVQKF5CKCANWA4B42CR6PLXREEFFICDLBRRFFNA,13.059631586074829,2000,success,
5FXUGEGVDWWFQYONTLHHXYS7QU7HKDUYVFSVXWIST6JYWKRCFZZA,7.6298112869262695,2000,success,
VDPYMVGZ2UAPMGFZOQNIIIQT3BDRSAAANZFR7RTQTJZG7X35AZSA,8.282364845275879,2000,success,
EFKWJ2RUZXZDCZ2VDBJDM52PUU57HMCGOLJXTXOEMWTINA6ZL5IA,7.537508010864258,2000,success,
24LS4WJLUPF75GBQNZME2B743BS5KQ4KBTHBMQPZJRMHZ672VROA,6.032228946685791,2000,success,
UBHVWUMDNUHPV3LDHO6TTIPZX7XCY7U4GHDESX6LYMLVRV4QOXBQ,4.75562047958374,2000,success,
XO4BNAHBQCS7XOWH6ATGTD7MRMQPEWYT5DDMW7L5ZNEQ6NOU6HOA,8.253464460372925,2000,success,
JAN3RN3WDUQQJOCP7TY2QHRUVDG3JKFK4Y4B34VLLFV3M6AP55NQ,3.684795379638672,2000,success,
LD5MH3RUZQZVWAUVUSOJU7CJF7YBWFKK2L2WLKWN6KDL25DUKDSA,11.245944261550903,2000,success,
42XMMN6P6L5SB6Y5BUSEB2N5HWL4PQ6NKSBXLCC6MNBKXN5Q2CDQ,6.6729576587677,2000,success,
EXHVPQE3O23EPII6SYRRIEZMCSE5SU4OPH4ULQUOE2RTVK34LK3A,4.54084849357605,2000,success,
QLLJLDVVWRDQYBSW3LSSL5WB4V62YM7FK6BVKJENRY5WDW772LZA,4.196101427078247,2000,success,
SFI6JQ5MPRMVVAS3GZR5YNJBXC3NVUTIYCN37AN5GBBKIPNWVFIQ,5.683669090270996,2000,success,
XQ72JF7GQKJGVYXZTSXWOWBOGYLQJXLBMKADZNIRUOQ42DV3PKDQ,5.737511157989502,2000,success,
SCXNCXZJYOJAORQZMD3OOQEUMQTCZDTFM642D4XYOFUB57XOJ6VQ,8.570305109024048,2000,success,
DLC46CI2XQHFAVX2VO5O6LRKNNTZ6XJHG74JQRHFMTTNYOR2MMOA,4.41133451461792,2000,success,
T6JR2XRLFMO7B3CDYCNZVQBYSIETU5CD6SCVVPWVKM3AJOVMCYVQ,10.084203243255615,2000,success,
OIFY3YCDNAVSHGU3HRPWVCBKGKN4I72552YYVCDXD5D5KXCODS2A,5.618553876876831,2000,success,
SQQLBXMXMCFRJHEQ5UDH7R7IIOF5T5JRH7PYHOF7EGM2OPVM6RJQ,5.465633392333984,2000,success,
JOW2WEXB7V43BZW2I5RFD2IYSYBHZA6NKJD7D4B3XWKUYVBFFBXA,5.2263994216918945,2000,success,
XRUPCJQB5Q56EY3G6GOY3GO4MTULNCGI25GJSEHY5LEMSJ4FC4QQ,3.7394001483917236,2000,success,
CYEYA7SUSRQSNW7CZO3WSLV7HZEQYSGDICOQN5EOKZATY4QKTHZQ,6.176628828048706,2000,success,
PQS46ZJ2PEKTAIAT25B6KNKMG7O5SYYNXPW33A7M5MDXJGCFODGQ,5.1593732833862305,2000,success,
AAIL5WUCOKHA3KQKOXVCHH6KXUMRLYW55S5CGMA3YFY4WA5DAARQ,4.515763998031616,2000,success,
MJMCHE4RYPTNOQ3CMHJSUIG2T3P6CA2IB4EQVKDI3RGVXPJ42H2Q,6.223083734512329,2000,success,
TESWAR7CNBMWKWYDO566Z27NU7VUJJQ7KERXPW4TULB4SPYZ2ZGQ,5.147661209106445,2000,success,
2WZNIF4AW7XJQJC772XARNIVFEGQA3XD22D5QSGRUIUT3CQIMKGQ,6.215753793716431,2000,success,
WB66WB5GMPHROKQ4KXZMIXVWCMZ3CGB7ABBEUMLZ3XIIPMATE2DQ,4.770929336547852,2000,success,
ZQBWOOFUQHB5M2ZMODAFWNH4KM26A7P5E4Q34ZIPZP4E7VBTT4SA,6.569854259490967,2000,success,
DJ4TSH46T7OQRCRTJ76XE2WGR5DYBLXHZQWNBZ6L54X4PGSKZBDA,6.016545057296753,2000,success,
YAN7CZLN7WDCO2FIAXAOTEEDB6X2OSVM276L55CQ67UL6BNGGC4A,6.108964443206787,2000,success,
4K5TUFWWPJSEXZQG2ZC4MCGI43PGDTHQRIQDM4ODJPV5FLX2KFLA,4.848315238952637,2000,success,
ZPWDKUSRQAF7BTTTPHCYP7SGW25GURCDTYWM36ULA4NMPW3MKKSA,5.65942907333374,2000,success,
CPS5VCBTJQJQ5M3R7IQACEJJHS5ZZDCVCNXM7XKL5QMHXXM7C3AA,5.09938383102417,2000,success,
QKHKFSD6JXR2YTUHMSGFFQQAFJXZ36G7UPVCQRMPW46KXWSMR66Q,5.660258769989014,2000,success,
QDNYK3SW6AZ3BJBWNV7AH7NJRDCLXNMYT2VIWAOSOB3VAD54SGHQ,5.630198001861572,2000,success,
XU4XKXLRFVWKBULTLCBYMLFYNJ2WLYAWSNRH7G7SMCV4JVHRHQAQ,5.642511606216431,2000,success,
IMM5C24VFATERBXJCRM3AA3TRAI7RFGRLEOBGKKWQVORPTW4PWMQ,6.2051026821136475,2000,success,
ZT7CGFVFU6WD6T6VW6A47HBDECBM45K7WR77OGKIGWHANROUYZ7Q,5.614938974380493,2000,success,
ROHQE5HK5DX2Z3S4CYYXVWNIQLYHI4PTTYTQPW4MSPSPNFFOHRSQ,6.383172273635864,2000,success,
AG2BE6JRYBH7QRMG4T75AH2IOUDSPETELISOSV4F2R77SRZY3FRA,6.101369380950928,2000,success,
UUMRTAIJCYFFHEJWOMWJMUYY53DKV7S2T3AM4IFE6IYXKPNTZIZQ,5.6316077709198,2000,success,
4OFUSHI76XUT4IGGDQICFGEKHL5VQAUGALQG35JTA32SXWCX6H2A,5.723625183105469,2000,success,
222G6PPXV3X4Q4IRGXD5VASQFSYNTN6VGWLEN6ZQ4ABDL3KJD36A,5.6773295402526855,2000,success,
N2IDJAAGZFOI6FEZVWYJ6S6IJTB7MFRFA74WP4ZEEOQCTH444INA,5.9238245487213135,2000,success,
XRVIXTDNJYY6ZKACI2BJSV6RFRIPL4QHZT6DM6QGNUYMLFW7LL5A,5.731663703918457,2000,success,
FIOFCZVCMECV2QMSLYLPAOO6OVUGWMV4K5VJ3ZT4MXTCN65ECBMQ,6.8310630321502686,2000,success,
